mot;pertinence_c1;difficulté_brute;zipf_books;zipf_films;ratio_littéraire;categories_wiktionnaire
céruléen;1.3;Intermédiaire;2.67;0.0;48.0;"Termes soutenus en français; Termes poétiques en français"
diane;1.3;Intermédiaire;2.61;1.48;10.5;"Termes littéraires en français; Termes poétiques en français"
froidure;1.3;Débutant;3.19;2.04;13.0;"Termes littéraires en français; Termes poétiques en français"
infrangible;1.3;Intermédiaire;2.43;1.0;14.0;"Termes soutenus en français; Termes littéraires en français"
loisible;1.3;Intermédiaire;2.87;0.0;75.0;"Termes soutenus en français; Termes littéraires en français"
pulvérulence;1.3;Intermédiaire;1.85;0.0;8.0;"Termes soutenus en français; Termes littéraires en français"
recru;1.3;Intermédiaire;1.85;0.0;8.0;"Termes soutenus en français; Termes littéraires en français"
commodité;1.18;Débutant;3.28;2.41;7.04;"Termes soutenus en français; Termes archaïques en français"
Hellène;1.0;Intermédiaire;2.6;1.3;13.67;Termes soutenus en français
abscons;1.0;Intermédiaire;2.73;2.08;4.23;Termes soutenus en français
admonition;1.0;Intermédiaire;2.15;1.0;7.5;Termes soutenus en français
alacrité;1.0;Intermédiaire;2.79;1.0;31.0;Termes soutenus en français
assomption;1.0;Intermédiaire;2.61;0.0;42.0;Termes soutenus en français
cacochyme;1.0;Intermédiaire;2.67;0.0;48.0;Termes soutenus en français
corroder;1.0;Intermédiaire;1.85;0.0;8.0;Termes soutenus en français
dirimant;1.0;Intermédiaire;1.85;0.0;8.0;Termes soutenus en français
discontinuité;1.0;Intermédiaire;2.83;1.7;11.5;Termes soutenus en français
déparer;1.0;Intermédiaire;2.43;1.0;14.0;Termes soutenus en français
désobligeance;1.0;Intermédiaire;2.15;0.0;15.0;Termes soutenus en français
graffito;1.0;Intermédiaire;2.3;0.0;21.0;Termes soutenus en français
helvétique;1.0;Intermédiaire;2.83;0.0;69.0;Termes soutenus en français
impéritie;1.0;Intermédiaire;2.3;0.0;21.0;Termes soutenus en français
incivil;1.0;Intermédiaire;1.85;0.0;8.0;Termes soutenus en français
incomestible;1.0;Intermédiaire;2.15;0.0;15.0;Termes soutenus en français
incurie;1.0;Intermédiaire;2.83;2.04;5.75;Termes soutenus en français
interlope;1.0;Intermédiaire;2.53;1.48;8.75;Termes soutenus en français
laudateur;1.0;Intermédiaire;1.85;0.0;8.0;Termes soutenus en français
maritorne;1.0;Intermédiaire;2.43;0.0;28.0;Termes soutenus en français
modérateur;1.0;Intermédiaire;2.15;1.3;5.0;Termes soutenus en français
obligeant;1.0;Débutant;3.03;2.23;6.06;Termes soutenus en français
pagure;1.0;Intermédiaire;1.85;0.0;8.0;Termes soutenus en français
rédhibitoire;1.0;Intermédiaire;2.53;1.78;5.0;Termes soutenus en français
rêne;1.0;Intermédiaire;2.15;1.3;5.0;Termes soutenus en français
socque;1.0;Intermédiaire;1.85;0.0;8.0;Termes soutenus en français
stupre;1.0;Intermédiaire;2.91;2.15;5.47;Termes soutenus en français
superfétatoire;1.0;Intermédiaire;2.43;1.48;7.0;Termes soutenus en français
thuriféraire;1.0;Intermédiaire;2.15;0.0;15.0;Termes soutenus en français
tigrure;1.0;Intermédiaire;1.85;0.0;8.0;Termes soutenus en français
tressautement;1.0;Intermédiaire;2.43;0.0;28.0;Termes soutenus en français
trépas;1.0;Débutant;3.19;2.58;4.0;Termes soutenus en français
valétudinaire;1.0;Intermédiaire;2.15;1.0;7.5;Termes soutenus en français
vespéral;1.0;Intermédiaire;1.85;0.0;8.0;Termes soutenus en français
vulpin;1.0;Intermédiaire;1.85;0.0;8.0;Termes soutenus en français
équanimité;1.0;Intermédiaire;2.15;0.0;15.0;Termes soutenus en français
bocage;0.98;Débutant;3.4;2.15;16.73;"Termes littéraires en français; Termes poétiques en français"
Béhémoth;0.9;Intermédiaire;2.67;0.0;48.0;Termes littéraires en français
Capulet;0.9;Intermédiaire;1.85;0.0;8.0;Termes littéraires en français
Géronte;0.9;Intermédiaire;1.85;0.0;8.0;Termes littéraires en français
Tartufe;0.9;Intermédiaire;2.15;1.0;7.5;Termes littéraires en français
aboutissant;0.9;Intermédiaire;2.15;0.0;15.0;Termes littéraires en français
abstrus;0.9;Intermédiaire;2.53;0.0;35.0;Termes littéraires en français
accort;0.9;Intermédiaire;2.3;1.0;10.5;Termes littéraires en français
accouder;0.9;Débutant;3.15;1.0;71.5;Termes littéraires en français
ahurir;0.9;Intermédiaire;2.61;0.0;42.0;Termes littéraires en français
appert;0.9;Intermédiaire;2.15;0.0;15.0;Termes littéraires en français
arachnéen;0.9;Intermédiaire;2.3;1.3;7.0;Termes littéraires en français
assaisonner;0.9;Intermédiaire;2.79;1.95;6.2;Termes littéraires en français
atlante;0.9;Intermédiaire;2.43;1.7;4.67;Termes littéraires en français
bouvier;0.9;Intermédiaire;2.83;2.08;5.31;Termes littéraires en français
béer;0.9;Intermédiaire;2.43;0.0;28.0;Termes littéraires en français
chevaucheur;0.9;Intermédiaire;1.85;0.0;8.0;Termes littéraires en français
contempteur;0.9;Intermédiaire;2.43;1.0;14.0;Termes littéraires en français
coquebin;0.9;Intermédiaire;2.73;0.0;55.0;Termes littéraires en français
difficultueux;0.9;Intermédiaire;1.85;0.0;8.0;Termes littéraires en français
dilection;0.9;Intermédiaire;2.73;0.0;55.0;Termes littéraires en français
diurnal;0.9;Intermédiaire;1.85;0.0;8.0;Termes littéraires en français
dubitation;0.9;Intermédiaire;1.85;0.0;8.0;Termes littéraires en français
déchoir;0.9;Débutant;3.17;1.0;75.0;Termes littéraires en français
déconcerter;0.9;Intermédiaire;2.73;1.78;7.86;Termes littéraires en français
déhiscence;0.9;Intermédiaire;2.15;1.3;5.0;Termes littéraires en français
efflorescence;0.9;Intermédiaire;2.43;1.0;14.0;Termes littéraires en français
empyrée;0.9;Intermédiaire;2.87;0.0;75.0;Termes littéraires en français
estocade;0.9;Intermédiaire;2.61;1.48;10.5;Termes littéraires en français
exultation;0.9;Intermédiaire;2.83;1.7;11.5;Termes littéraires en français
faunesque;0.9;Intermédiaire;1.85;0.0;8.0;Termes littéraires en français
feintise;0.9;Intermédiaire;1.85;0.0;8.0;Termes littéraires en français
fleuronner;0.9;Intermédiaire;1.85;0.0;8.0;Termes littéraires en français
flexuosité;0.9;Intermédiaire;1.85;0.0;8.0;Termes littéraires en français
foucade;0.9;Intermédiaire;2.15;1.0;7.5;Termes littéraires en français
fuligineux;0.9;Débutant;3.03;1.0;54.5;Termes littéraires en français
futurisme;0.9;Intermédiaire;1.85;0.0;8.0;Termes littéraires en français
heur;0.9;Intermédiaire;2.61;1.7;7.0;Termes littéraires en français
ilote;0.9;Intermédiaire;2.43;0.0;28.0;Termes littéraires en français
immarcescible;0.9;Intermédiaire;1.85;0.0;8.0;Termes littéraires en français
impatroniser;0.9;Intermédiaire;1.85;0.0;8.0;Termes littéraires en français
impécuniosité;0.9;Intermédiaire;1.85;0.0;8.0;Termes littéraires en français
incontinent;0.9;Débutant;3.03;2.3;5.19;Termes littéraires en français
incurieux;0.9;Intermédiaire;1.85;0.0;8.0;Termes littéraires en français
insomnieux;0.9;Intermédiaire;2.3;0.0;21.0;Termes littéraires en français
jaculatoire;0.9;Intermédiaire;1.85;0.0;8.0;Termes littéraires en français
languide;0.9;Débutant;3.11;2.0;11.73;Termes littéraires en français
ligneux;0.9;Intermédiaire;2.3;0.0;21.0;Termes littéraires en français
logorrhée;0.9;Intermédiaire;2.43;1.78;4.0;Termes littéraires en français
longanimité;0.9;Intermédiaire;2.15;0.0;15.0;Termes littéraires en français
luminaire;0.9;Intermédiaire;2.43;0.0;28.0;Termes littéraires en français
léopardé;0.9;Intermédiaire;1.85;0.0;8.0;Termes littéraires en français
mallarméen;0.9;Intermédiaire;1.85;0.0;8.0;Termes littéraires en français
marri;0.9;Intermédiaire;2.61;1.48;10.5;Termes littéraires en français
matutinal;0.9;Intermédiaire;1.85;0.0;8.0;Termes littéraires en français
mercuriale;0.9;Intermédiaire;1.85;0.0;8.0;Termes littéraires en français
mignardise;0.9;Intermédiaire;2.15;1.3;5.0;Termes littéraires en français
moutonner;0.9;Intermédiaire;2.15;0.0;15.0;Termes littéraires en français
médianoche;0.9;Intermédiaire;2.67;0.0;48.0;Termes littéraires en français
nimbe;0.9;Intermédiaire;2.91;1.0;41.0;Termes littéraires en français
nonnain;0.9;Intermédiaire;2.79;0.0;62.0;Termes littéraires en français
oaristys;0.9;Intermédiaire;1.85;0.0;8.0;Termes littéraires en français
objurgation;0.9;Intermédiaire;2.15;0.0;15.0;Termes littéraires en français
oiseleur;0.9;Intermédiaire;2.67;1.78;6.86;Termes littéraires en français
parangon;0.9;Débutant;3.03;2.08;8.38;Termes littéraires en français
phosphorescent;0.9;Débutant;3.15;1.9;15.89;Termes littéraires en français
poncif;0.9;Intermédiaire;2.67;0.0;48.0;Termes littéraires en français
ponctuer;0.9;Intermédiaire;2.79;1.3;20.67;Termes littéraires en français
pourfendre;0.9;Intermédiaire;2.73;1.6;11.0;Termes littéraires en français
profus;0.9;Intermédiaire;2.15;0.0;15.0;Termes littéraires en français
pusillanime;0.9;Intermédiaire;2.91;1.48;20.5;Termes littéraires en français
pâmer;0.9;Intermédiaire;2.79;1.78;8.86;Termes littéraires en français
péroraison;0.9;Intermédiaire;2.98;0.0;96.0;Termes littéraires en français
ressaut;0.9;Intermédiaire;2.87;1.0;37.5;Termes littéraires en français
rosier;0.9;Débutant;3.09;2.38;4.92;Termes littéraires en français
résipiscence;0.9;Intermédiaire;2.67;0.0;48.0;Termes littéraires en français
salacité;0.9;Intermédiaire;2.15;0.0;15.0;Termes littéraires en français
saphisme;0.9;Intermédiaire;1.85;0.0;8.0;Termes littéraires en français
semblance;0.9;Intermédiaire;2.43;1.3;9.33;Termes littéraires en français
servilité;0.9;Débutant;3.06;1.0;58.0;Termes littéraires en français
sicaire;0.9;Intermédiaire;1.85;0.0;8.0;Termes littéraires en français
sidéral;0.9;Intermédiaire;2.61;1.6;8.4;Termes littéraires en français
smaragdin;0.9;Intermédiaire;1.85;0.0;8.0;Termes littéraires en français
songerie;0.9;Intermédiaire;2.91;2.15;5.47;Termes littéraires en français
sourcilleux;0.9;Débutant;3.06;1.0;58.0;Termes littéraires en français
survivance;0.9;Intermédiaire;2.94;1.6;17.8;Termes littéraires en français
séraphique;0.9;Intermédiaire;2.53;0.0;35.0;Termes littéraires en français
tancer;0.9;Intermédiaire;2.67;1.0;24.0;Termes littéraires en français
tintinnabulement;0.9;Intermédiaire;1.85;0.0;8.0;Termes littéraires en français
trémuler;0.9;Intermédiaire;1.85;0.0;8.0;Termes littéraires en français
turquin;0.9;Intermédiaire;2.15;0.0;15.0;Termes littéraires en français
unanimisme;0.9;Intermédiaire;1.85;0.0;8.0;Termes littéraires en français
uranisme;0.9;Intermédiaire;1.85;0.0;8.0;Termes littéraires en français
vastitude;0.9;Intermédiaire;2.3;0.0;21.0;Termes littéraires en français
vaticination;0.9;Intermédiaire;1.85;0.0;8.0;Termes littéraires en français
vergogneux;0.9;Intermédiaire;2.43;0.0;28.0;Termes littéraires en français
vibratile;0.9;Intermédiaire;2.3;1.0;10.5;Termes littéraires en français
vicinal;0.9;Intermédiaire;2.67;0.0;48.0;Termes littéraires en français
vitupérer;0.9;Intermédiaire;2.43;1.3;9.33;Termes littéraires en français
vénusté;0.9;Intermédiaire;2.53;0.0;35.0;Termes littéraires en français
échevelé;0.9;Intermédiaire;2.87;1.0;37.5;Termes littéraires en français
égrotant;0.9;Intermédiaire;2.3;0.0;21.0;Termes littéraires en français
éonisme;0.9;Intermédiaire;1.85;0.0;8.0;Termes littéraires en français
éployer;0.9;Intermédiaire;1.85;0.0;8.0;Termes littéraires en français
airain;0.87;Débutant;3.23;2.23;9.44;Termes littéraires en français
fourrier;0.87;Débutant;3.23;1.0;85.0;Termes littéraires en français
diaphane;0.87;Débutant;3.31;1.48;51.0;Termes soutenus en français
émacié;0.87;Débutant;3.31;1.48;51.0;Termes soutenus en français
sylvie;0.85;Débutant;3.32;0.0;210.0;Termes soutenus en français
rejeton;0.83;Débutant;3.36;2.79;3.73;"Termes soutenus en français; Termes poétiques en français"
crépusculaire;0.81;Débutant;3.28;1.48;47.5;Termes littéraires en français
geôle;0.81;Débutant;3.28;1.95;19.0;Termes littéraires en français
Bohême;0.8;Intermédiaire;2.73;0.0;55.0;Termes poétiques en français
Madeleine;0.8;Intermédiaire;2.98;2.57;2.53;Termes soutenus en français
aquilon;0.8;Intermédiaire;2.67;0.0;48.0;Termes poétiques en français
autan;0.8;Intermédiaire;1.85;0.0;8.0;Termes poétiques en français
brisure;0.8;Intermédiaire;2.87;0.0;75.0;Termes poétiques en français
courtisan;0.8;Débutant;3.19;2.68;3.2;Termes soutenus en français
dorer;0.8;Débutant;3.09;2.36;5.12;Termes poétiques en français
ensanglanter;0.8;Intermédiaire;1.85;0.0;8.0;Termes poétiques en français
extatique;0.8;Débutant;3.03;2.58;2.79;Termes soutenus en français
faunesse;0.8;Intermédiaire;1.85;0.0;8.0;Termes poétiques en français
fructueux;0.8;Débutant;3.13;2.51;4.12;Termes poétiques en français
guéret;0.8;Intermédiaire;1.85;0.0;8.0;Termes poétiques en français
helvétien;0.8;Intermédiaire;1.85;0.0;8.0;Termes poétiques en français
herbette;0.8;Intermédiaire;1.85;0.0;8.0;Termes poétiques en français
lambris;0.8;Débutant;3.19;1.6;31.2;Termes poétiques en français
lare;0.8;Intermédiaire;1.85;0.0;8.0;Termes poétiques en français
licol;0.8;Intermédiaire;2.67;0.0;48.0;Termes poétiques en français
lilial;0.8;Intermédiaire;2.61;0.0;42.0;Termes poétiques en français
mânes;0.8;Intermédiaire;2.61;1.0;21.0;Termes poétiques en français
nautonier;0.8;Intermédiaire;1.85;0.0;8.0;Termes poétiques en français
nocher;0.8;Intermédiaire;2.15;1.3;5.0;Termes poétiques en français
potentat;0.8;Intermédiaire;2.53;2.0;3.18;Termes soutenus en français
poussinière;0.8;Intermédiaire;1.85;0.0;8.0;Termes poétiques en français
ramure;0.8;Débutant;3.19;1.0;78.0;Termes poétiques en français
remembrance;0.8;Intermédiaire;2.15;1.0;7.5;Termes poétiques en français
simarre;0.8;Intermédiaire;2.15;0.0;15.0;Termes poétiques en français
sylve;0.8;Intermédiaire;2.15;0.0;15.0;Termes poétiques en français
émailler;0.8;Intermédiaire;2.53;1.0;17.5;Termes poétiques en français
tourbe;0.8;Débutant;3.29;2.64;4.38;Termes littéraires en français
vestige;0.79;Débutant;3.21;2.73;2.96;Termes soutenus en français
fouler;0.77;Débutant;3.41;2.81;3.91;"Termes soutenus en français; Termes littéraires en français"
annales;0.75;Débutant;3.25;2.89;2.24;Termes soutenus en français
infortuné;0.75;Débutant;3.25;2.86;2.39;Termes soutenus en français
commisération;0.75;Débutant;3.4;2.15;16.73;Termes soutenus en français
résille;0.72;Débutant;3.28;2.43;6.79;Termes poétiques en français
astreinte;0.72;Intermédiaire;1.85;1.3;2.67;Termes littéraires en français
balsamique;0.72;Intermédiaire;2.61;2.0;3.82;Termes littéraires en français
barde;0.72;Intermédiaire;2.61;2.26;2.21;Termes littéraires en français
cantilène;0.72;Intermédiaire;2.53;2.04;2.92;Termes littéraires en français
chaumine;0.72;Intermédiaire;2.61;2.04;3.5;Termes littéraires en français
courtaud;0.72;Intermédiaire;2.83;2.36;2.88;Termes littéraires en français
cétacé;0.72;Intermédiaire;2.15;1.48;3.75;Termes littéraires en français
dissension;0.72;Intermédiaire;2.53;2.04;2.92;Termes littéraires en français
empresser;0.72;Intermédiaire;2.61;2.23;2.33;Termes littéraires en français
enrhumé;0.72;Intermédiaire;2.91;2.32;3.73;Termes littéraires en français
hyperbole;0.72;Intermédiaire;2.3;1.95;2.1;Termes littéraires en français
indolent;0.72;Intermédiaire;2.98;2.58;2.46;Termes littéraires en français
larron;0.72;Intermédiaire;2.98;2.53;2.74;Termes littéraires en français
lyre;0.72;Débutant;3.06;2.74;2.07;Termes littéraires en français
malandrin;0.72;Intermédiaire;2.15;1.6;3.0;Termes littéraires en français
occire;0.72;Intermédiaire;2.61;2.0;3.82;Termes littéraires en français
paladin;0.72;Intermédiaire;2.73;2.2;3.24;Termes littéraires en français
panser;0.72;Débutant;3.15;2.7;2.8;Termes littéraires en français
pugnace;0.72;Intermédiaire;2.15;1.78;2.14;Termes littéraires en français
similitude;0.72;Intermédiaire;2.98;2.53;2.74;Termes littéraires en français
sollicitation;0.72;Intermédiaire;2.79;2.36;2.58;Termes littéraires en français
subjuguer;0.72;Intermédiaire;2.91;2.45;2.83;Termes littéraires en français
sylvestre;0.72;Intermédiaire;2.91;2.36;3.42;Termes littéraires en français
varia;0.72;Intermédiaire;1.85;1.3;2.67;Termes littéraires en français
sente;0.72;Débutant;3.36;1.85;28.87;Termes littéraires en français
phalange;0.69;Débutant;3.23;2.76;2.88;Termes littéraires en français
jadis;0.68;Débutant;3.32;2.7;4.12;Termes poétiques en français
tympan;0.68;Débutant;3.4;2.56;6.78;Termes littéraires en français
huis;0.67;Débutant;3.26;2.68;3.73;Termes littéraires en français
faucille;0.65;Débutant;3.35;2.71;4.31;Termes poétiques en français
foudroyant;0.65;Débutant;3.35;2.61;5.33;Termes poétiques en français
incendier;0.65;Débutant;3.28;2.97;2.02;Termes littéraires en français
adulateur;0.65;Intermédiaire;2.15;2.0;1.36;"Termes soutenus en français; Termes poétiques en français"
advenir;0.65;Débutant;3.06;3.01;1.12;"Termes littéraires en français; Termes poétiques en français"
chenu;0.64;Intermédiaire;2.73;2.15;3.67;Termes poétiques en français
glacer;0.64;Intermédiaire;2.98;2.48;3.1;Termes poétiques en français
mander;0.64;Débutant;3.06;2.53;3.31;Termes poétiques en français
orbe;0.64;Débutant;3.0;2.66;2.17;Termes poétiques en français
pleur;0.64;Intermédiaire;2.91;2.3;3.9;Termes poétiques en français
sommeiller;0.64;Débutant;3.03;2.7;2.14;Termes poétiques en français
accroupir;0.64;Débutant;3.43;1.95;27.1;Termes littéraires en français
poindre;0.64;Débutant;3.43;1.78;38.71;Termes littéraires en français
cristallin;0.61;Débutant;3.39;1.78;34.86;Termes poétiques en français
paître;0.61;Débutant;3.25;2.99;1.81;"Termes soutenus en français; Termes poétiques en français"
tréfonds;0.6;Débutant;3.46;2.79;4.63;Termes littéraires en français
courber;0.6;Débutant;3.4;2.79;4.05;Termes poétiques en français
agathe;0.6;Intermédiaire;2.15;0.0;15.0;Termes archaïques en français
ardre;0.6;Intermédiaire;1.85;0.0;8.0;Termes archaïques en français
arpion;0.6;Intermédiaire;1.85;0.0;8.0;Termes archaïques en français
aspre;0.6;Intermédiaire;1.85;0.0;8.0;Termes archaïques en français
bayer;0.6;Intermédiaire;2.3;1.0;10.5;Termes archaïques en français
carmagnole;0.6;Intermédiaire;2.67;0.0;48.0;Termes archaïques en français
châtel;0.6;Intermédiaire;1.85;0.0;8.0;Termes archaïques en français
faluche;0.6;Intermédiaire;2.15;0.0;15.0;Termes archaïques en français
gaster;0.6;Intermédiaire;2.15;1.0;7.5;Termes archaïques en français
militer;0.6;Intermédiaire;2.98;1.95;9.6;Termes archaïques en français
oye;0.6;Intermédiaire;2.98;2.32;4.36;Termes archaïques en français
panner;0.6;Intermédiaire;2.15;0.0;15.0;Termes archaïques en français
paronomasie;0.6;Intermédiaire;1.85;0.0;8.0;Termes archaïques en français
parégorique;0.6;Intermédiaire;2.53;1.6;7.0;Termes archaïques en français
seing;0.6;Intermédiaire;1.85;1.0;4.0;Termes archaïques en français
septante;0.6;Intermédiaire;1.85;0.0;8.0;Termes archaïques en français
tablature;0.6;Intermédiaire;1.85;0.0;8.0;Termes archaïques en français
vitré;0.59;Débutant;3.21;1.78;23.29;Termes archaïques en français
safran;0.58;Débutant;3.42;2.72;4.89;Termes poétiques en français
nacelle;0.56;Débutant;3.37;3.02;2.26;Termes littéraires en français
brochet;0.56;Débutant;3.5;2.64;7.09;Termes littéraires en français
périlleux;0.56;Débutant;3.55;2.94;4.08;Termes soutenus en français
captif;0.56;Débutant;3.44;2.9;3.47;Termes soutenus en français
coutumier;0.54;Débutant;3.4;2.81;3.86;Termes littéraires en français
faction;0.54;Débutant;3.57;2.84;5.33;Termes soutenus en français
tribut;0.53;Débutant;3.33;2.84;3.1;Termes poétiques en français
sourdre;0.52;Débutant;3.54;0.0;346.0;Termes littéraires en français
albâtre;0.52;Débutant;3.48;2.79;4.92;Termes poétiques en français
nourrisson;0.52;Débutant;3.48;3.05;2.68;Termes soutenus en français
lie;0.51;Débutant;3.36;2.88;3.0;Termes poétiques en français
désobligeant;0.5;Intermédiaire;2.87;2.73;1.36;Termes soutenus en français
nippon;0.5;Intermédiaire;2.61;2.54;1.17;Termes soutenus en français
obligeance;0.5;Débutant;3.19;2.92;1.84;Termes soutenus en français
physionomiste;0.5;Intermédiaire;2.32;2.3;1.05;Termes soutenus en français
simagrée;0.5;Intermédiaire;2.3;2.15;1.4;Termes soutenus en français
vomissure;0.5;Intermédiaire;2.53;2.3;1.67;Termes soutenus en français
coi;0.5;Débutant;3.33;2.62;5.05;Termes archaïques en français
bergerie;0.49;Débutant;3.45;3.0;2.85;Termes littéraires en français
éclore;0.49;Débutant;3.45;2.91;3.43;Termes littéraires en français
violette;0.48;Débutant;3.4;2.89;3.22;Termes poétiques en français
cohorte;0.48;Débutant;3.52;2.69;6.64;Termes poétiques en français
plaintif;0.48;Débutant;3.52;2.91;4.05;Termes poétiques en français
oublieux;0.48;Débutant;3.11;2.65;2.8;Termes archaïques en français
quintal;0.48;Intermédiaire;2.83;2.28;3.45;Termes archaïques en français
saur;0.48;Intermédiaire;2.53;1.9;3.89;Termes archaïques en français
sillon;0.48;Débutant;3.86;2.66;15.55;"Termes littéraires en français; Termes poétiques en français"
langueur;0.48;Débutant;3.58;2.56;10.24;Termes littéraires en français
frileux;0.47;Débutant;3.58;2.88;4.94;Termes littéraires en français
écrin;0.47;Débutant;3.53;2.56;9.16;Termes poétiques en français
havre;0.47;Débutant;3.48;2.93;3.55;Termes littéraires en français
envier;0.45;Débutant;3.55;3.18;2.33;Termes soutenus en français
préau;0.45;Débutant;3.55;2.0;32.0;Termes poétiques en français
aliénation;0.45;Débutant;3.17;3.08;1.25;Termes littéraires en français
colporter;0.45;Intermédiaire;2.67;2.57;1.26;Termes littéraires en français
cristallisation;0.45;Intermédiaire;2.43;2.3;1.33;Termes littéraires en français
déduit;0.45;Intermédiaire;2.43;2.32;1.27;Termes littéraires en français
estoc;0.45;Intermédiaire;2.3;2.2;1.24;Termes littéraires en français
glèbe;0.45;Intermédiaire;2.94;2.71;1.71;Termes littéraires en français
hourvari;0.45;Intermédiaire;2.61;2.43;1.5;Termes littéraires en français
ironiser;0.45;Intermédiaire;2.67;2.62;1.12;Termes littéraires en français
lavandière;0.45;Intermédiaire;2.67;2.48;1.55;Termes littéraires en français
nébuleux;0.45;Intermédiaire;2.83;2.58;1.77;Termes littéraires en français
onéreux;0.45;Intermédiaire;2.83;2.78;1.13;Termes littéraires en français
passereau;0.45;Intermédiaire;2.53;2.4;1.35;Termes littéraires en français
pourceau;0.45;Intermédiaire;2.53;2.48;1.13;Termes littéraires en français
prévention;0.45;Débutant;3.13;3.12;1.01;Termes littéraires en français
périphrase;0.45;Intermédiaire;2.15;2.04;1.25;Termes littéraires en français
satire;0.45;Intermédiaire;2.61;2.43;1.5;Termes littéraires en français
sublimer;0.45;Intermédiaire;2.15;2.04;1.25;Termes littéraires en français
surréel;0.45;Intermédiaire;1.85;1.6;1.6;Termes littéraires en français
épigone;0.45;Intermédiaire;2.3;2.3;1.0;Termes littéraires en français
vergogne;0.45;Débutant;3.61;2.71;7.81;Termes littéraires en français
verbe;0.44;Débutant;3.92;3.22;5.02;"Termes soutenus en français; Termes littéraires en français"
mouvoir;0.44;Débutant;3.63;2.76;7.24;Termes littéraires en français
imminent;0.43;Débutant;3.31;3.25;1.13;Termes soutenus en français
éminent;0.43;Débutant;3.31;3.22;1.22;Termes soutenus en français
infortune;0.43;Débutant;3.57;3.08;3.06;Termes soutenus en français
absinthe;0.43;Débutant;3.46;3.11;2.26;Termes poétiques en français
apparat;0.41;Débutant;3.68;2.71;9.25;Termes littéraires en français
frayer;0.41;Débutant;3.69;3.01;4.68;Termes littéraires en français
couronner;0.41;Débutant;3.35;3.25;1.27;Termes soutenus en français
nonchalance;0.41;Débutant;3.7;2.67;10.44;Termes littéraires en français
quiétude;0.4;Débutant;3.71;2.81;7.82;Termes littéraires en français
ailé;0.4;Débutant;3.15;2.85;1.99;Termes poétiques en français
dard;0.4;Débutant;3.19;3.11;1.19;Termes poétiques en français
ondine;0.4;Intermédiaire;2.53;2.3;1.67;Termes poétiques en français
pourpoint;0.4;Débutant;3.06;2.77;1.93;Termes poétiques en français
redorer;0.4;Intermédiaire;2.43;2.26;1.47;Termes poétiques en français
éthéré;0.4;Intermédiaire;2.43;2.36;1.17;Termes poétiques en français
onzième;0.4;Débutant;3.34;2.76;3.69;Termes archaïques en français
archipel;0.4;Débutant;3.47;2.68;6.08;Termes archaïques en français
taciturne;0.39;Débutant;3.73;2.97;5.77;Termes littéraires en français
fronde;0.39;Débutant;3.23;2.93;1.95;Termes poétiques en français
amante;0.39;Débutant;3.74;3.02;5.29;Termes littéraires en français
clameur;0.38;Débutant;3.75;2.86;7.59;Termes littéraires en français
nymphe;0.38;Débutant;3.25;2.94;1.99;Termes poétiques en français
chaume;0.37;Débutant;3.69;2.56;13.16;Termes poétiques en français
blâme;0.36;Débutant;3.61;3.27;2.18;Termes littéraires en français
corail;0.36;Débutant;3.55;3.19;2.3;Termes poétiques en français
trame;0.35;Débutant;3.72;2.63;12.0;Termes poétiques en français
vulgarité;0.35;Débutant;3.73;3.2;3.34;Termes soutenus en français
firmament;0.35;Débutant;3.31;3.2;1.29;Termes poétiques en français
jais;0.34;Débutant;3.83;2.63;15.52;Termes littéraires en français
choir;0.34;Débutant;3.84;2.52;20.29;Termes littéraires en français
disant;0.34;Débutant;3.85;3.1;5.5;Termes littéraires en français
émail;0.34;Débutant;3.76;2.75;10.09;Termes poétiques en français
confins;0.33;Débutant;3.86;3.22;4.38;Termes littéraires en français
dépouille;0.32;Débutant;3.7;3.23;2.95;Termes littéraires en français
courre;0.32;Débutant;3.46;2.88;3.84;Termes archaïques en français
parvis;0.32;Débutant;3.8;2.28;31.45;Termes poétiques en français
arène;0.32;Débutant;3.61;3.35;1.83;"Termes littéraires en français; Termes poétiques en français"
cavale;0.32;Débutant;3.63;3.59;1.1;"Termes littéraires en français; Termes poétiques en français"
nef;0.32;Débutant;3.81;2.61;15.48;Termes poétiques en français
chalumeau;0.31;Débutant;3.37;3.2;1.48;Termes poétiques en français
compas;0.31;Débutant;3.45;3.18;1.89;Termes littéraires en français
rebondir;0.31;Débutant;3.45;3.19;1.82;Termes littéraires en français
fondement;0.31;Débutant;3.39;3.25;1.38;Termes poétiques en français
bobine;0.3;Débutant;3.46;3.23;1.72;Termes littéraires en français
paupière;0.3;Débutant;3.85;2.99;7.18;Termes poétiques en français
appariteur;0.3;Intermédiaire;2.53;2.45;1.21;Termes archaïques en français
coupon;0.3;Intermédiaire;2.94;2.71;1.71;Termes archaïques en français
dériveur;0.3;Intermédiaire;2.15;2.15;1.0;Termes archaïques en français
physicien;0.3;Intermédiaire;2.98;2.88;1.26;Termes archaïques en français
quint;0.3;Intermédiaire;2.3;2.3;1.0;Termes archaïques en français
roy;0.3;Intermédiaire;2.43;2.23;1.56;Termes archaïques en français
sangle;0.3;Débutant;3.19;3.03;1.43;Termes archaïques en français
sangler;0.3;Intermédiaire;1.85;1.85;1.0;Termes archaïques en français
spiritueux;0.3;Intermédiaire;2.83;2.62;1.6;Termes archaïques en français
tracer;0.3;Débutant;3.86;3.32;3.46;Termes soutenus en français
avide;0.29;Débutant;4.01;3.29;5.31;Termes soutenus en français
val;0.29;Débutant;3.48;3.33;1.43;Termes littéraires en français
azur;0.29;Débutant;4.04;3.52;3.35;"Termes littéraires en français; Termes poétiques en français"
virilité;0.29;Débutant;3.8;3.39;2.57;Termes littéraires en français
commune;0.29;Débutant;3.89;3.45;2.71;Termes soutenus en français
gerbe;0.28;Débutant;3.81;3.23;3.82;Termes littéraires en français
muraille;0.28;Débutant;4.04;3.11;8.54;Termes soutenus en français
furie;0.27;Débutant;3.74;3.31;2.69;Termes poétiques en français
étreinte;0.25;Débutant;4.09;3.31;5.98;Termes soutenus en français
gémissement;0.25;Débutant;3.97;2.99;9.52;Termes poétiques en français
aurore;0.25;Débutant;3.97;3.48;3.11;Termes soutenus en français
humilié;0.25;Débutant;3.33;3.04;1.97;Termes archaïques en français
ivoire;0.24;Débutant;4.0;3.35;4.45;Termes poétiques en français
mixte;0.24;Débutant;3.36;3.35;1.03;Termes archaïques en français
déchirer;0.24;Débutant;3.94;3.63;2.04;Termes littéraires en français
redire;0.22;Débutant;3.71;3.48;1.67;Termes soutenus en français
cendre;0.22;Débutant;4.04;3.51;3.41;Termes soutenus en français
consommer;0.22;Débutant;3.61;3.48;1.37;Termes littéraires en français
chaux;0.22;Débutant;3.87;3.12;5.54;Termes archaïques en français
gémir;0.22;Débutant;3.91;3.38;3.43;Termes poétiques en français
gouffre;0.22;Débutant;4.05;3.54;3.3;Termes soutenus en français
procédé;0.21;Débutant;3.65;3.52;1.36;Termes littéraires en français
pus;0.21;Débutant;3.72;3.28;2.7;Termes archaïques en français
ferraille;0.2;Débutant;4.04;3.63;2.57;Termes littéraires en français
confondre;0.19;Débutant;4.12;3.68;2.73;Termes soutenus en français
correspondance;0.19;Débutant;4.08;3.73;2.23;Termes littéraires en français
Céleste;0.19;Débutant;3.76;3.65;1.31;Termes littéraires en français
bise;0.19;Débutant;4.02;3.7;2.07;Termes poétiques en français
érotique;0.19;Débutant;3.77;3.48;1.95;Termes littéraires en français
favori;0.19;Débutant;3.86;3.85;1.01;Termes soutenus en français
brise;0.18;Débutant;4.04;3.75;1.94;"Termes littéraires en français; Termes poétiques en français"
décret;0.18;Débutant;3.81;3.55;1.81;Termes littéraires en français
iris;0.18;Débutant;3.81;3.59;1.63;Termes littéraires en français
olive;0.18;Débutant;3.71;3.42;1.93;Termes poétiques en français
nul;0.17;Débutant;3.82;3.79;1.07;Termes littéraires en français
artifice;0.17;Débutant;3.93;3.73;1.58;Termes soutenus en français
onde;0.16;Débutant;3.78;3.64;1.37;Termes poétiques en français
martyre;0.16;Débutant;3.78;3.52;1.83;Termes poétiques en français
rivage;0.16;Débutant;4.09;3.64;2.82;Termes poétiques en français
doré;0.16;Débutant;4.2;3.42;5.99;Termes poétiques en français
dentelle;0.16;Débutant;4.24;3.48;5.74;Termes littéraires en français
lacs;0.16;Débutant;3.93;3.56;2.38;Termes archaïques en français
brune;0.16;Débutant;3.81;3.65;1.44;Termes poétiques en français
ressortir;0.16;Débutant;3.9;3.67;1.7;Termes littéraires en français
péril;0.15;Débutant;4.0;3.8;1.58;Termes soutenus en français
cristal;0.15;Débutant;4.14;3.8;2.16;Termes poétiques en français
gifle;0.15;Débutant;3.99;3.56;2.73;Termes archaïques en français
conserver;0.14;Débutant;4.24;3.73;3.26;Termes soutenus en français
venue;0.13;Débutant;4.06;3.92;1.38;Termes soutenus en français
procéder;0.13;Débutant;4.01;3.83;1.5;Termes littéraires en français
République;0.13;Débutant;4.31;3.54;5.92;Termes littéraires en français
ressouvenir;0.13;Intermédiaire;2.67;2.83;0.7;"Termes littéraires en français; Termes archaïques en français"
interdit;0.12;Débutant;4.04;3.86;1.52;Termes littéraires en français
impatient;0.12;Débutant;3.99;3.88;1.3;Termes poétiques en français
Bouillon;0.12;Débutant;3.82;3.57;1.8;Termes archaïques en français
coursier;0.12;Débutant;3.29;3.61;0.48;"Termes soutenus en français; Termes littéraires en français"
rien;0.11;Débutant;4.32;3.82;3.13;Termes soutenus en français
berger;0.11;Débutant;4.05;3.92;1.34;Termes poétiques en français
courroux;0.11;Débutant;3.32;3.55;0.59;"Termes soutenus en français; Termes poétiques en français"
caresser;0.11;Débutant;4.26;3.75;3.22;Termes poétiques en français
ardeur;0.11;Débutant;4.37;3.75;4.14;Termes littéraires en français
librairie;0.1;Débutant;3.92;3.7;1.64;Termes archaïques en français
évanouir;0.1;Débutant;3.92;3.64;1.87;Termes archaïques en français
passerelle;0.1;Débutant;3.93;3.64;1.91;Termes archaïques en français
amphitryon;0.1;Intermédiaire;1.85;2.11;0.57;Termes soutenus en français
anathème;0.1;Intermédiaire;2.94;3.03;0.82;Termes soutenus en français
dindon;0.1;Intermédiaire;2.87;3.09;0.6;Termes soutenus en français
décéder;0.1;Intermédiaire;2.15;2.36;0.62;Termes soutenus en français
décédé;0.1;Intermédiaire;2.67;3.2;0.3;Termes soutenus en français
homicide;0.1;Débutant;3.08;4.08;0.1;Termes soutenus en français
sceptre;0.1;Débutant;3.15;3.21;0.88;Termes soutenus en français
septentrion;0.1;Intermédiaire;1.85;2.2;0.47;Termes soutenus en français
murmure;0.1;Débutant;4.4;3.21;15.43;Termes soutenus en français
foudre;0.1;Débutant;4.1;4.1;1.01;Termes poétiques en français
selle;0.1;Débutant;4.21;3.95;1.81;Termes soutenus en français
duc;0.1;Débutant;4.17;3.88;1.93;Termes littéraires en français
saoul;0.09;Débutant;3.98;3.89;1.21;Termes archaïques en français
cascadeur;0.09;Intermédiaire;2.15;3.27;0.08;Termes littéraires en français
celer;0.09;Intermédiaire;2.3;2.6;0.51;Termes littéraires en français
contaminer;0.09;Intermédiaire;2.79;3.1;0.48;Termes littéraires en français
coruscant;0.09;Intermédiaire;1.85;2.11;0.57;Termes littéraires en français
dentition;0.09;Intermédiaire;2.61;3.03;0.39;Termes littéraires en français
faquin;0.09;Intermédiaire;2.3;2.65;0.46;Termes littéraires en français
fourrière;0.09;Intermédiaire;2.91;3.45;0.29;Termes littéraires en français
habitat;0.09;Intermédiaire;2.94;3.12;0.67;Termes littéraires en français
immoler;0.09;Intermédiaire;2.3;2.86;0.28;Termes littéraires en français
lopin;0.09;Intermédiaire;2.53;2.72;0.66;Termes littéraires en français
muser;0.09;Intermédiaire;1.85;2.0;0.73;Termes littéraires en français
myrte;0.09;Intermédiaire;2.87;3.1;0.6;Termes littéraires en français
noise;0.09;Intermédiaire;2.43;2.54;0.78;Termes littéraires en français
pomper;0.09;Débutant;3.06;3.24;0.67;Termes littéraires en français
preux;0.09;Débutant;3.11;3.18;0.84;Termes littéraires en français
promoteur;0.09;Intermédiaire;2.91;3.05;0.73;Termes littéraires en français
promouvoir;0.09;Intermédiaire;2.87;3.19;0.48;Termes littéraires en français
pulser;0.09;Intermédiaire;1.85;2.04;0.67;Termes littéraires en français
signifiance;0.09;Intermédiaire;1.85;2.15;0.53;Termes littéraires en français
suspicieux;0.09;Intermédiaire;2.73;2.81;0.83;Termes littéraires en français
tacher;0.09;Débutant;3.0;3.05;0.91;Termes littéraires en français
toxique;0.09;Intermédiaire;2.53;3.48;0.12;Termes littéraires en français
vermisseau;0.09;Intermédiaire;1.85;2.46;0.27;Termes littéraires en français
émasculer;0.09;Intermédiaire;2.15;2.34;0.65;Termes littéraires en français
robot;0.09;Débutant;3.23;4.18;0.11;Termes littéraires en français
humiliation;0.09;Débutant;4.03;3.83;1.59;Termes archaïques en français
prospère;0.08;Débutant;3.35;3.5;0.7;Termes soutenus en français
chevelure;0.08;Débutant;4.4;3.4;9.99;Termes poétiques en français
darder;0.08;Intermédiaire;1.85;2.0;0.73;Termes poétiques en français
hymen;0.08;Intermédiaire;2.53;3.31;0.17;Termes poétiques en français
lange;0.08;Intermédiaire;1.85;2.0;0.73;Termes poétiques en français
languir;0.08;Débutant;3.03;3.16;0.75;Termes poétiques en français
messer;0.08;Intermédiaire;2.98;3.18;0.64;Termes poétiques en français
mutiner;0.08;Intermédiaire;2.15;2.26;0.79;Termes poétiques en français
purger;0.08;Débutant;3.03;3.2;0.68;Termes poétiques en français
ris;0.08;Intermédiaire;2.53;3.18;0.23;Termes poétiques en français
tourte;0.08;Intermédiaire;2.73;3.01;0.53;Termes poétiques en français
nitre;0.08;À retraiter;0.0;1.85;0.12;"Termes littéraires en français; Termes poétiques en français"
crayon;0.08;Débutant;4.41;3.91;3.15;Termes soutenus en français
milice;0.08;Débutant;3.39;3.51;0.75;Termes soutenus en français
énervé;0.07;Débutant;3.33;3.36;0.94;Termes littéraires en français
demeure;0.07;Débutant;4.3;4.09;1.64;Termes soutenus en français
colombe;0.07;Débutant;3.55;3.71;0.69;"Termes littéraires en français; Termes poétiques en français"
pré;0.07;Débutant;4.3;3.7;3.93;Termes archaïques en français
diligence;0.07;Débutant;3.37;3.51;0.73;Termes littéraires en français
paisible;0.07;Débutant;4.44;3.8;4.4;Termes littéraires en français
scandale;0.07;Débutant;4.33;4.28;1.13;Termes soutenus en français
vexer;0.07;Débutant;3.41;3.63;0.6;Termes littéraires en français
bocager;0.07;À retraiter;0.0;0.0;1.0;"Termes littéraires en français; Termes poétiques en français"
crépusculin;0.07;À retraiter;0.0;0.0;1.0;"Termes soutenus en français; Termes poétiques en français"
demanderesse;0.07;À retraiter;0.0;0.0;1.0;"Termes littéraires en français; Termes archaïques en français"
drole;0.07;À retraiter;0.0;0.0;1.0;"Termes littéraires en français; Termes archaïques en français"
drolesse;0.07;À retraiter;0.0;0.0;1.0;"Termes littéraires en français; Termes archaïques en français"
dérade;0.07;À retraiter;0.0;0.0;1.0;"Termes littéraires en français; Termes poétiques en français"
flatteresse;0.07;À retraiter;0.0;0.0;1.0;"Termes littéraires en français; Termes archaïques en français"
féminaire;0.07;À retraiter;0.0;0.0;1.0;"Termes littéraires en français; Termes poétiques en français"
illuner;0.07;À retraiter;0.0;0.0;1.0;"Termes littéraires en français; Termes poétiques en français"
inamissible;0.07;À retraiter;0.0;0.0;1.0;"Termes soutenus en français; Termes littéraires en français"
malgré;0.07;À retraiter;0.0;0.0;1.0;"Termes soutenus en français; Termes archaïques en français"
meshui;0.07;À retraiter;0.0;0.0;1.0;"Termes littéraires en français; Termes archaïques en français"
nue;0.07;À retraiter;0.0;0.0;1.0;"Termes poétiques en français; Termes archaïques en français"
néoclassicisme;0.07;À retraiter;0.0;0.0;1.0;"Termes littéraires en français; Termes poétiques en français"
parleresse;0.07;À retraiter;0.0;0.0;1.0;"Termes littéraires en français; Termes archaïques en français"
seoir;0.07;À retraiter;0.0;0.0;1.0;"Termes soutenus en français; Termes littéraires en français"
tandis;0.07;À retraiter;0.0;0.0;1.0;"Termes poétiques en français; Termes archaïques en français"
translucider;0.07;À retraiter;0.0;0.0;1.0;"Termes littéraires en français; Termes poétiques en français"
vaux;0.07;À retraiter;0.0;0.0;1.0;"Termes littéraires en français; Termes archaïques en français"
vergogner;0.07;À retraiter;0.0;0.0;1.0;"Termes littéraires en français; Termes archaïques en français"
fruit;0.06;Débutant;4.34;4.2;1.37;Termes soutenus en français
barque;0.06;Débutant;4.48;3.98;3.14;"Termes littéraires en français; Termes poétiques en français"
économie;0.06;Débutant;4.2;3.96;1.71;Termes archaïques en français
lame;0.06;Débutant;4.41;4.04;2.33;Termes poétiques en français
circonstanciel;0.06;À retraiter;0.0;1.7;0.17;Termes soutenus en français
commère;0.06;Débutant;3.13;3.3;0.67;Termes archaïques en français
gay;0.06;Intermédiaire;2.61;4.34;0.02;Termes archaïques en français
lèche;0.06;Intermédiaire;2.83;3.14;0.5;Termes archaïques en français
mary;0.06;Intermédiaire;2.3;2.75;0.37;Termes archaïques en français
missile;0.06;Intermédiaire;2.61;3.87;0.06;Termes archaïques en français
ménestrel;0.06;À retraiter;0.0;2.45;0.03;Termes soutenus en français
prévalence;0.06;À retraiter;0.0;2.04;0.08;Termes soutenus en français
radin;0.06;Débutant;3.15;3.55;0.41;Termes archaïques en français
outrage;0.06;Débutant;3.47;3.53;0.87;Termes littéraires en français
espérer;0.06;Débutant;4.37;4.19;1.5;Termes soutenus en français
oubli;0.06;Débutant;4.46;3.84;4.14;Termes poétiques en français
pôle;0.06;Débutant;3.44;3.49;0.89;Termes poétiques en français
augmentation;0.06;Débutant;3.51;3.82;0.49;Termes littéraires en français
vipère;0.05;Débutant;3.52;3.53;0.97;Termes littéraires en français
cela;0.05;À retraiter;0.0;2.48;0.03;Termes littéraires en français
fashion;0.05;À retraiter;0.0;2.45;0.03;Termes littéraires en français
flouer;0.05;À retraiter;0.0;1.85;0.12;Termes littéraires en français
incréé;0.05;À retraiter;0.0;2.15;0.07;Termes littéraires en français
ost;0.05;À retraiter;0.0;2.26;0.05;Termes littéraires en français
placentaire;0.05;À retraiter;0.0;1.6;0.2;Termes littéraires en français
sylvain;0.05;À retraiter;0.0;2.3;0.05;Termes littéraires en français
éon;0.05;À retraiter;0.0;1.85;0.12;Termes littéraires en français
repartir;0.05;Débutant;4.36;4.29;1.17;Termes littéraires en français
triomphe;0.05;Débutant;4.44;3.95;3.09;Termes poétiques en français
aimable;0.05;Débutant;4.39;4.34;1.12;Termes soutenus en français
virginité;0.05;Débutant;3.55;3.63;0.83;Termes littéraires en français
Anschluss;0.05;À retraiter;0.0;0.0;1.0;Termes soutenus en français
Bignoniacées;0.05;À retraiter;0.0;0.0;1.0;Termes soutenus en français
CET;0.05;À retraiter;0.0;0.0;1.0;Termes soutenus en français
Canossa;0.05;À retraiter;0.0;0.0;1.0;Termes soutenus en français
Graminées;0.05;À retraiter;0.0;0.0;1.0;Termes soutenus en français
Lamiacées;0.05;À retraiter;0.0;0.0;1.0;Termes soutenus en français
Rosacées;0.05;À retraiter;0.0;0.0;1.0;Termes soutenus en français
Rutacées;0.05;À retraiter;0.0;0.0;1.0;Termes soutenus en français
accipitridé;0.05;À retraiter;0.0;0.0;1.0;Termes soutenus en français
accipitriforme;0.05;À retraiter;0.0;0.0;1.0;Termes soutenus en français
adelphal;0.05;À retraiter;0.0;0.0;1.0;Termes soutenus en français
advenance;0.05;À retraiter;0.0;0.0;1.0;Termes soutenus en français
aegothélidé;0.05;À retraiter;0.0;0.0;1.0;Termes soutenus en français
alcidé;0.05;À retraiter;0.0;0.0;1.0;Termes soutenus en français
alcédinidé;0.05;À retraiter;0.0;0.0;1.0;Termes soutenus en français
algolagnie;0.05;À retraiter;0.0;0.0;1.0;Termes soutenus en français
alque;0.05;À retraiter;0.0;0.0;1.0;Termes soutenus en français
amertumer;0.05;À retraiter;0.0;0.0;1.0;Termes soutenus en français
amphitryonne;0.05;À retraiter;0.0;0.0;1.0;Termes soutenus en français
anatidé;0.05;À retraiter;0.0;0.0;1.0;Termes soutenus en français
anhimidé;0.05;À retraiter;0.0;0.0;1.0;Termes soutenus en français
anhingidé;0.05;À retraiter;0.0;0.0;1.0;Termes soutenus en français
aniterge;0.05;À retraiter;0.0;0.0;1.0;Termes soutenus en français
annonacée;0.05;À retraiter;0.0;0.0;1.0;Termes soutenus en français
anséranatidé;0.05;À retraiter;0.0;0.0;1.0;Termes soutenus en français
apeurant;0.05;À retraiter;0.0;0.0;1.0;Termes soutenus en français
apodidé;0.05;À retraiter;0.0;0.0;1.0;Termes soutenus en français
apodiforme;0.05;À retraiter;0.0;0.0;1.0;Termes soutenus en français
aporie;0.05;À retraiter;0.0;0.0;1.0;Termes soutenus en français
aptérygidé;0.05;À retraiter;0.0;0.0;1.0;Termes soutenus en français
aptérygiforme;0.05;À retraiter;0.0;0.0;1.0;Termes soutenus en français
aramidé;0.05;À retraiter;0.0;0.0;1.0;Termes soutenus en français
araucariacée;0.05;À retraiter;0.0;0.0;1.0;Termes soutenus en français
ardéidé;0.05;À retraiter;0.0;0.0;1.0;Termes soutenus en français
autochtonyme;0.05;À retraiter;0.0;0.0;1.0;Termes soutenus en français
balaénicipitidé;0.05;À retraiter;0.0;0.0;1.0;Termes soutenus en français
bienveillamment;0.05;À retraiter;0.0;0.0;1.0;Termes soutenus en français
bourdonneur;0.05;À retraiter;0.0;0.0;1.0;Termes soutenus en français
boïdé;0.05;À retraiter;0.0;0.0;1.0;Termes soutenus en français
brachyptéraciidé;0.05;À retraiter;0.0;0.0;1.0;Termes soutenus en français
bucconidé;0.05;À retraiter;0.0;0.0;1.0;Termes soutenus en français
bucorvidé;0.05;À retraiter;0.0;0.0;1.0;Termes soutenus en français
bucérotidé;0.05;À retraiter;0.0;0.0;1.0;Termes soutenus en français
bucérotiforme;0.05;À retraiter;0.0;0.0;1.0;Termes soutenus en français
burhinidé;0.05;À retraiter;0.0;0.0;1.0;Termes soutenus en français
bédéique;0.05;À retraiter;0.0;0.0;1.0;Termes soutenus en français
cacatuidé;0.05;À retraiter;0.0;0.0;1.0;Termes soutenus en français
caligaresque;0.05;À retraiter;0.0;0.0;1.0;Termes soutenus en français
calyptophilidé;0.05;À retraiter;0.0;0.0;1.0;Termes soutenus en français
calyptre;0.05;À retraiter;0.0;0.0;1.0;Termes soutenus en français
capitonidé;0.05;À retraiter;0.0;0.0;1.0;Termes soutenus en français
caprimulgidé;0.05;À retraiter;0.0;0.0;1.0;Termes soutenus en français
caprimulgiforme;0.05;À retraiter;0.0;0.0;1.0;Termes soutenus en français
cardinalidé;0.05;À retraiter;0.0;0.0;1.0;Termes soutenus en français
cariamidé;0.05;À retraiter;0.0;0.0;1.0;Termes soutenus en français
cariamiforme;0.05;À retraiter;0.0;0.0;1.0;Termes soutenus en français
casuariidé;0.05;À retraiter;0.0;0.0;1.0;Termes soutenus en français
casuariiforme;0.05;À retraiter;0.0;0.0;1.0;Termes soutenus en français
cathartidé;0.05;À retraiter;0.0;0.0;1.0;Termes soutenus en français
caudataire;0.05;À retraiter;0.0;0.0;1.0;Termes soutenus en français
charadriidé;0.05;À retraiter;0.0;0.0;1.0;Termes soutenus en français
charadriiforme;0.05;À retraiter;0.0;0.0;1.0;Termes soutenus en français
chionidé;0.05;À retraiter;0.0;0.0;1.0;Termes soutenus en français
chrysocale;0.05;À retraiter;0.0;0.0;1.0;Termes soutenus en français
churchillien;0.05;À retraiter;0.0;0.0;1.0;Termes soutenus en français
ciconiidé;0.05;À retraiter;0.0;0.0;1.0;Termes soutenus en français
ciconiiforme;0.05;À retraiter;0.0;0.0;1.0;Termes soutenus en français
coliidé;0.05;À retraiter;0.0;0.0;1.0;Termes soutenus en français
coliiforme;0.05;À retraiter;0.0;0.0;1.0;Termes soutenus en français
colombiforme;0.05;À retraiter;0.0;0.0;1.0;Termes soutenus en français
columbidé;0.05;À retraiter;0.0;0.0;1.0;Termes soutenus en français
columbiforme;0.05;À retraiter;0.0;0.0;1.0;Termes soutenus en français
congru;0.05;À retraiter;0.0;0.0;1.0;Termes soutenus en français
contemption;0.05;À retraiter;0.0;0.0;1.0;Termes soutenus en français
coraciadidé;0.05;À retraiter;0.0;0.0;1.0;Termes soutenus en français
coraciadiforme;0.05;À retraiter;0.0;0.0;1.0;Termes soutenus en français
coraciidé;0.05;À retraiter;0.0;0.0;1.0;Termes soutenus en français
coraciiforme;0.05;À retraiter;0.0;0.0;1.0;Termes soutenus en français
cornegidouille;0.05;À retraiter;0.0;0.0;1.0;Termes soutenus en français
corythaeoliné;0.05;À retraiter;0.0;0.0;1.0;Termes soutenus en français
courtisane;0.05;À retraiter;0.0;0.0;1.0;Termes soutenus en français
cracidé;0.05;À retraiter;0.0;0.0;1.0;Termes soutenus en français
crinifériné;0.05;À retraiter;0.0;0.0;1.0;Termes soutenus en français
cuculidé;0.05;À retraiter;0.0;0.0;1.0;Termes soutenus en français
cuculiforme;0.05;À retraiter;0.0;0.0;1.0;Termes soutenus en français
cupressacée;0.05;À retraiter;0.0;0.0;1.0;Termes soutenus en français
cynégète;0.05;À retraiter;0.0;0.0;1.0;Termes soutenus en français
diligemment;0.05;À retraiter;0.0;0.0;1.0;Termes soutenus en français
diomédéidé;0.05;À retraiter;0.0;0.0;1.0;Termes soutenus en français
diptérocarpacée;0.05;À retraiter;0.0;0.0;1.0;Termes soutenus en français
dromadidé;0.05;À retraiter;0.0;0.0;1.0;Termes soutenus en français
dromaïidé;0.05;À retraiter;0.0;0.0;1.0;Termes soutenus en français
dzêta;0.05;À retraiter;0.0;0.0;1.0;Termes soutenus en français
dépeauter;0.05;À retraiter;0.0;0.0;1.0;Termes soutenus en français
désembrayer;0.05;À retraiter;0.0;0.0;1.0;Termes soutenus en français
eurypygidé;0.05;À retraiter;0.0;0.0;1.0;Termes soutenus en français
eurypygiforme;0.05;À retraiter;0.0;0.0;1.0;Termes soutenus en français
falconidé;0.05;À retraiter;0.0;0.0;1.0;Termes soutenus en français
falconiforme;0.05;À retraiter;0.0;0.0;1.0;Termes soutenus en français
feuil;0.05;À retraiter;0.0;0.0;1.0;Termes soutenus en français
frumental;0.05;À retraiter;0.0;0.0;1.0;Termes soutenus en français
frégatidé;0.05;À retraiter;0.0;0.0;1.0;Termes soutenus en français
gadiforme;0.05;À retraiter;0.0;0.0;1.0;Termes soutenus en français
galbulidé;0.05;À retraiter;0.0;0.0;1.0;Termes soutenus en français
gandouse;0.05;À retraiter;0.0;0.0;1.0;Termes soutenus en français
gausserie;0.05;À retraiter;0.0;0.0;1.0;Termes soutenus en français
gaviidé;0.05;À retraiter;0.0;0.0;1.0;Termes soutenus en français
gaviiforme;0.05;À retraiter;0.0;0.0;1.0;Termes soutenus en français
glaréolidé;0.05;À retraiter;0.0;0.0;1.0;Termes soutenus en français
gruidé;0.05;À retraiter;0.0;0.0;1.0;Termes soutenus en français
gruiforme;0.05;À retraiter;0.0;0.0;1.0;Termes soutenus en français
hiémal;0.05;À retraiter;0.0;0.0;1.0;Termes soutenus en français
hydrobatidé;0.05;À retraiter;0.0;0.0;1.0;Termes soutenus en français
héliornithidé;0.05;À retraiter;0.0;0.0;1.0;Termes soutenus en français
hématopodidé;0.05;À retraiter;0.0;0.0;1.0;Termes soutenus en français
hémichordé;0.05;À retraiter;0.0;0.0;1.0;Termes soutenus en français
hémiprocnidé;0.05;À retraiter;0.0;0.0;1.0;Termes soutenus en français
ibidorhynchidé;0.05;À retraiter;0.0;0.0;1.0;Termes soutenus en français
inattingible;0.05;À retraiter;0.0;0.0;1.0;Termes soutenus en français
incontenté;0.05;À retraiter;0.0;0.0;1.0;Termes soutenus en français
indicatoridé;0.05;À retraiter;0.0;0.0;1.0;Termes soutenus en français
inexaucé;0.05;À retraiter;0.0;0.0;1.0;Termes soutenus en français
inexercé;0.05;À retraiter;0.0;0.0;1.0;Termes soutenus en français
inexhaustible;0.05;À retraiter;0.0;0.0;1.0;Termes soutenus en français
infortunée;0.05;À retraiter;0.0;0.0;1.0;Termes soutenus en français
infrahumanisation;0.05;À retraiter;0.0;0.0;1.0;Termes soutenus en français
invengé;0.05;À retraiter;0.0;0.0;1.0;Termes soutenus en français
invigorant;0.05;À retraiter;0.0;0.0;1.0;Termes soutenus en français
invigorer;0.05;À retraiter;0.0;0.0;1.0;Termes soutenus en français
inébriant;0.05;À retraiter;0.0;0.0;1.0;Termes soutenus en français
inébrier;0.05;À retraiter;0.0;0.0;1.0;Termes soutenus en français
irretrouvable;0.05;À retraiter;0.0;0.0;1.0;Termes soutenus en français
jacanidé;0.05;À retraiter;0.0;0.0;1.0;Termes soutenus en français
jocrisserie;0.05;À retraiter;0.0;0.0;1.0;Termes soutenus en français
juvénaliser;0.05;À retraiter;0.0;0.0;1.0;Termes soutenus en français
laridé;0.05;À retraiter;0.0;0.0;1.0;Termes soutenus en français
laudatif;0.05;À retraiter;0.0;0.0;1.0;Termes soutenus en français
laudativement;0.05;À retraiter;0.0;0.0;1.0;Termes soutenus en français
leptosomatidé;0.05;À retraiter;0.0;0.0;1.0;Termes soutenus en français
leptosomatiforme;0.05;À retraiter;0.0;0.0;1.0;Termes soutenus en français
leptosomidé;0.05;À retraiter;0.0;0.0;1.0;Termes soutenus en français
leptosomiforme;0.05;À retraiter;0.0;0.0;1.0;Termes soutenus en français
linguicide;0.05;À retraiter;0.0;0.0;1.0;Termes soutenus en français
lophophorate;0.05;À retraiter;0.0;0.0;1.0;Termes soutenus en français
lophophoridé;0.05;À retraiter;0.0;0.0;1.0;Termes soutenus en français
lophophorien;0.05;À retraiter;0.0;0.0;1.0;Termes soutenus en français
lophophoronidé;0.05;À retraiter;0.0;0.0;1.0;Termes soutenus en français
lophophoré;0.05;À retraiter;0.0;0.0;1.0;Termes soutenus en français
lybiidé;0.05;À retraiter;0.0;0.0;1.0;Termes soutenus en français
lépidier;0.05;À retraiter;0.0;0.0;1.0;Termes soutenus en français
lésineur;0.05;À retraiter;0.0;0.0;1.0;Termes soutenus en français
lésineuse;0.05;À retraiter;0.0;0.0;1.0;Termes soutenus en français
magnoliale;0.05;À retraiter;0.0;0.0;1.0;Termes soutenus en français
martyriseur;0.05;À retraiter;0.0;0.0;1.0;Termes soutenus en français
mitrospingidé;0.05;À retraiter;0.0;0.0;1.0;Termes soutenus en français
modératrice;0.05;À retraiter;0.0;0.0;1.0;Termes soutenus en français
momotidé;0.05;À retraiter;0.0;0.0;1.0;Termes soutenus en français
morphonyme;0.05;À retraiter;0.0;0.0;1.0;Termes soutenus en français
musophagidé;0.05;À retraiter;0.0;0.0;1.0;Termes soutenus en français
musophagiforme;0.05;À retraiter;0.0;0.0;1.0;Termes soutenus en français
musophaginé;0.05;À retraiter;0.0;0.0;1.0;Termes soutenus en français
méfaire;0.05;À retraiter;0.0;0.0;1.0;Termes soutenus en français
mégalaimidé;0.05;À retraiter;0.0;0.0;1.0;Termes soutenus en français
mégapodiidé;0.05;À retraiter;0.0;0.0;1.0;Termes soutenus en français
ménestrelle;0.05;À retraiter;0.0;0.0;1.0;Termes soutenus en français
méropidé;0.05;À retraiter;0.0;0.0;1.0;Termes soutenus en français
mésitornithidé;0.05;À retraiter;0.0;0.0;1.0;Termes soutenus en français
mésitornithiforme;0.05;À retraiter;0.0;0.0;1.0;Termes soutenus en français
nestoridé;0.05;À retraiter;0.0;0.0;1.0;Termes soutenus en français
nipponophile;0.05;À retraiter;0.0;0.0;1.0;Termes soutenus en français
nombreuse;0.05;À retraiter;0.0;0.0;1.0;Termes soutenus en français
nonobstant;0.05;À retraiter;0.0;0.0;1.0;Termes soutenus en français
numididé;0.05;À retraiter;0.0;0.0;1.0;Termes soutenus en français
nyctibiidé;0.05;À retraiter;0.0;0.0;1.0;Termes soutenus en français
océanitidé;0.05;À retraiter;0.0;0.0;1.0;Termes soutenus en français
odontophoridé;0.05;À retraiter;0.0;0.0;1.0;Termes soutenus en français
onérer;0.05;À retraiter;0.0;0.0;1.0;Termes soutenus en français
opisthocomidé;0.05;À retraiter;0.0;0.0;1.0;Termes soutenus en français
opisthocomiforme;0.05;À retraiter;0.0;0.0;1.0;Termes soutenus en français
otididé;0.05;À retraiter;0.0;0.0;1.0;Termes soutenus en français
otidiforme;0.05;À retraiter;0.0;0.0;1.0;Termes soutenus en français
pandionidé;0.05;À retraiter;0.0;0.0;1.0;Termes soutenus en français
paradonnée;0.05;À retraiter;0.0;0.0;1.0;Termes soutenus en français
paralipomènes;0.05;À retraiter;0.0;0.0;1.0;Termes soutenus en français
parulidé;0.05;À retraiter;0.0;0.0;1.0;Termes soutenus en français
passerellidé;0.05;À retraiter;0.0;0.0;1.0;Termes soutenus en français
passériforme;0.05;À retraiter;0.0;0.0;1.0;Termes soutenus en français
perdiciné;0.05;À retraiter;0.0;0.0;1.0;Termes soutenus en français
phaenicophilidé;0.05;À retraiter;0.0;0.0;1.0;Termes soutenus en français
phaethornithiné;0.05;À retraiter;0.0;0.0;1.0;Termes soutenus en français
phalacrocoracidé;0.05;À retraiter;0.0;0.0;1.0;Termes soutenus en français
phalle;0.05;À retraiter;0.0;0.0;1.0;Termes soutenus en français
phasianidé;0.05;À retraiter;0.0;0.0;1.0;Termes soutenus en français
phasianiné;0.05;À retraiter;0.0;0.0;1.0;Termes soutenus en français
phaéthontidé;0.05;À retraiter;0.0;0.0;1.0;Termes soutenus en français
phaéthontiforme;0.05;À retraiter;0.0;0.0;1.0;Termes soutenus en français
phoronide;0.05;À retraiter;0.0;0.0;1.0;Termes soutenus en français
phoronidien;0.05;À retraiter;0.0;0.0;1.0;Termes soutenus en français
phycophyte;0.05;À retraiter;0.0;0.0;1.0;Termes soutenus en français
phytopharmaceutique;0.05;À retraiter;0.0;0.0;1.0;Termes soutenus en français
picidé;0.05;À retraiter;0.0;0.0;1.0;Termes soutenus en français
piciforme;0.05;À retraiter;0.0;0.0;1.0;Termes soutenus en français
pilistromate;0.05;À retraiter;0.0;0.0;1.0;Termes soutenus en français
pinacée;0.05;À retraiter;0.0;0.0;1.0;Termes soutenus en français
pinale;0.05;À retraiter;0.0;0.0;1.0;Termes soutenus en français
pluvianellidé;0.05;À retraiter;0.0;0.0;1.0;Termes soutenus en français
pluvianidé;0.05;À retraiter;0.0;0.0;1.0;Termes soutenus en français
podargidé;0.05;À retraiter;0.0;0.0;1.0;Termes soutenus en français
podocarpacée;0.05;À retraiter;0.0;0.0;1.0;Termes soutenus en français
procellariidé;0.05;À retraiter;0.0;0.0;1.0;Termes soutenus en français
procellariiforme;0.05;À retraiter;0.0;0.0;1.0;Termes soutenus en français
procrastiner;0.05;À retraiter;0.0;0.0;1.0;Termes soutenus en français
prostibulaire;0.05;À retraiter;0.0;0.0;1.0;Termes soutenus en français
protoconque;0.05;À retraiter;0.0;0.0;1.0;Termes soutenus en français
près;0.05;À retraiter;0.0;0.0;1.0;Termes soutenus en français
prédatif;0.05;À retraiter;0.0;0.0;1.0;Termes soutenus en français
psittacidé;0.05;À retraiter;0.0;0.0;1.0;Termes soutenus en français
psittaciforme;0.05;À retraiter;0.0;0.0;1.0;Termes soutenus en français
psittacisme;0.05;À retraiter;0.0;0.0;1.0;Termes soutenus en français
psittaculidé;0.05;À retraiter;0.0;0.0;1.0;Termes soutenus en français
psittrichasiidé;0.05;À retraiter;0.0;0.0;1.0;Termes soutenus en français
psophiidé;0.05;À retraiter;0.0;0.0;1.0;Termes soutenus en français
ptéroclididé;0.05;À retraiter;0.0;0.0;1.0;Termes soutenus en français
ptéroclidiforme;0.05;À retraiter;0.0;0.0;1.0;Termes soutenus en français
ptéroclidé;0.05;À retraiter;0.0;0.0;1.0;Termes soutenus en français
ptérocliforme;0.05;À retraiter;0.0;0.0;1.0;Termes soutenus en français
puis;0.05;À retraiter;0.0;0.0;1.0;Termes soutenus en français
pédionomidé;0.05;À retraiter;0.0;0.0;1.0;Termes soutenus en français
pélécanidé;0.05;À retraiter;0.0;0.0;1.0;Termes soutenus en français
pélécaniforme;0.05;À retraiter;0.0;0.0;1.0;Termes soutenus en français
périculeux;0.05;À retraiter;0.0;0.0;1.0;Termes soutenus en français
périlleusement;0.05;À retraiter;0.0;0.0;1.0;Termes soutenus en français
rallidé;0.05;À retraiter;0.0;0.0;1.0;Termes soutenus en français
ramphastidé;0.05;À retraiter;0.0;0.0;1.0;Termes soutenus en français
rhodinocichlidé;0.05;À retraiter;0.0;0.0;1.0;Termes soutenus en français
rhynochétidé;0.05;À retraiter;0.0;0.0;1.0;Termes soutenus en français
rhéidé;0.05;À retraiter;0.0;0.0;1.0;Termes soutenus en français
rhéiforme;0.05;À retraiter;0.0;0.0;1.0;Termes soutenus en français
rostratulidé;0.05;À retraiter;0.0;0.0;1.0;Termes soutenus en français
récurvirostridé;0.05;À retraiter;0.0;0.0;1.0;Termes soutenus en français
résurrectionniste;0.05;À retraiter;0.0;0.0;1.0;Termes soutenus en français
rétinofuge;0.05;À retraiter;0.0;0.0;1.0;Termes soutenus en français
sagittariidé;0.05;À retraiter;0.0;0.0;1.0;Termes soutenus en français
sarothruridé;0.05;À retraiter;0.0;0.0;1.0;Termes soutenus en français
scolopacidé;0.05;À retraiter;0.0;0.0;1.0;Termes soutenus en français
scopidé;0.05;À retraiter;0.0;0.0;1.0;Termes soutenus en français
selles;0.05;À retraiter;0.0;0.0;1.0;Termes soutenus en français
semnornithidé;0.05;À retraiter;0.0;0.0;1.0;Termes soutenus en français
sphéniscidé;0.05;À retraiter;0.0;0.0;1.0;Termes soutenus en français
sphénisciforme;0.05;À retraiter;0.0;0.0;1.0;Termes soutenus en français
stercorariidé;0.05;À retraiter;0.0;0.0;1.0;Termes soutenus en français
strigidé;0.05;À retraiter;0.0;0.0;1.0;Termes soutenus en français
strigopidé;0.05;À retraiter;0.0;0.0;1.0;Termes soutenus en français
struthioniforme;0.05;À retraiter;0.0;0.0;1.0;Termes soutenus en français
stéatornithidé;0.05;À retraiter;0.0;0.0;1.0;Termes soutenus en français
sulidé;0.05;À retraiter;0.0;0.0;1.0;Termes soutenus en français
suliforme;0.05;À retraiter;0.0;0.0;1.0;Termes soutenus en français
supposalité;0.05;À retraiter;0.0;0.0;1.0;Termes soutenus en français
taxacée;0.05;À retraiter;0.0;0.0;1.0;Termes soutenus en français
taxonyme;0.05;À retraiter;0.0;0.0;1.0;Termes soutenus en français
tel;0.05;À retraiter;0.0;0.0;1.0;Termes soutenus en français
terran;0.05;À retraiter;0.0;0.0;1.0;Termes soutenus en français
thinocoridé;0.05;À retraiter;0.0;0.0;1.0;Termes soutenus en français
thraupidé;0.05;À retraiter;0.0;0.0;1.0;Termes soutenus en français
threskiornithidé;0.05;À retraiter;0.0;0.0;1.0;Termes soutenus en français
théopneustie;0.05;À retraiter;0.0;0.0;1.0;Termes soutenus en français
tinamiforme;0.05;À retraiter;0.0;0.0;1.0;Termes soutenus en français
todidé;0.05;À retraiter;0.0;0.0;1.0;Termes soutenus en français
tolle;0.05;À retraiter;0.0;0.0;1.0;Termes soutenus en français
trochilidé;0.05;À retraiter;0.0;0.0;1.0;Termes soutenus en français
trochiliné;0.05;À retraiter;0.0;0.0;1.0;Termes soutenus en français
trogonidé;0.05;À retraiter;0.0;0.0;1.0;Termes soutenus en français
trogoniforme;0.05;À retraiter;0.0;0.0;1.0;Termes soutenus en français
tubinare;0.05;À retraiter;0.0;0.0;1.0;Termes soutenus en français
turnicidé;0.05;À retraiter;0.0;0.0;1.0;Termes soutenus en français
tytonidé;0.05;À retraiter;0.0;0.0;1.0;Termes soutenus en français
upupidé;0.05;À retraiter;0.0;0.0;1.0;Termes soutenus en français
valédiction;0.05;À retraiter;0.0;0.0;1.0;Termes soutenus en français
vespertin;0.05;À retraiter;0.0;0.0;1.0;Termes soutenus en français
veuilliez;0.05;À retraiter;0.0;0.0;1.0;Termes soutenus en français
veuillions;0.05;À retraiter;0.0;0.0;1.0;Termes soutenus en français
vitulin;0.05;À retraiter;0.0;0.0;1.0;Termes soutenus en français
vous;0.05;À retraiter;0.0;0.0;1.0;Termes soutenus en français
vulturin;0.05;À retraiter;0.0;0.0;1.0;Termes soutenus en français
éduscepticisme;0.05;À retraiter;0.0;0.0;1.0;Termes soutenus en français
érubescent;0.05;À retraiter;0.0;0.0;1.0;Termes soutenus en français
œniculteur;0.05;À retraiter;0.0;0.0;1.0;Termes soutenus en français
borée;0.05;À retraiter;0.0;2.15;0.07;Termes poétiques en français
hyménée;0.05;À retraiter;0.0;2.53;0.03;Termes poétiques en français
ord;0.05;À retraiter;0.0;2.59;0.02;Termes poétiques en français
Comté;0.05;Débutant;3.37;4.04;0.22;Termes archaïques en français
panique;0.05;Débutant;4.4;4.21;1.54;Termes littéraires en français
deuil;0.05;Débutant;4.37;4.09;1.92;Termes poétiques en français
Agaréenne;0.05;À retraiter;0.0;0.0;1.0;Termes littéraires en français
Capoue;0.05;À retraiter;0.0;0.0;1.0;Termes littéraires en français
Daphnis;0.05;À retraiter;0.0;0.0;1.0;Termes littéraires en français
Dorine;0.05;À retraiter;0.0;0.0;1.0;Termes littéraires en français
Elmire;0.05;À retraiter;0.0;0.0;1.0;Termes littéraires en français
Faublas;0.05;À retraiter;0.0;0.0;1.0;Termes littéraires en français
Galatée;0.05;À retraiter;0.0;0.0;1.0;Termes littéraires en français
Gambier;0.05;À retraiter;0.0;0.0;1.0;Termes littéraires en français
Iliade;0.05;À retraiter;0.0;0.0;1.0;Termes littéraires en français
Solarien;0.05;À retraiter;0.0;0.0;1.0;Termes littéraires en français
Tartuffe;0.05;À retraiter;0.0;0.0;1.0;Termes littéraires en français
Tristan;0.05;À retraiter;0.0;0.0;1.0;Termes littéraires en français
absalonien;0.05;À retraiter;0.0;0.0;1.0;Termes littéraires en français
accordance;0.05;À retraiter;0.0;0.0;1.0;Termes littéraires en français
acnéique;0.05;À retraiter;0.0;0.0;1.0;Termes littéraires en français
acquiescence;0.05;À retraiter;0.0;0.0;1.0;Termes littéraires en français
acribie;0.05;À retraiter;0.0;0.0;1.0;Termes littéraires en français
agaréen;0.05;À retraiter;0.0;0.0;1.0;Termes littéraires en français
aheurter;0.05;À retraiter;0.0;0.0;1.0;Termes littéraires en français
aimeur;0.05;À retraiter;0.0;0.0;1.0;Termes littéraires en français
aimeuse;0.05;À retraiter;0.0;0.0;1.0;Termes littéraires en français
alburostre;0.05;À retraiter;0.0;0.0;1.0;Termes littéraires en français
alentour;0.05;À retraiter;0.0;0.0;1.0;Termes littéraires en français
alinéaire;0.05;À retraiter;0.0;0.0;1.0;Termes littéraires en français
alliciant;0.05;À retraiter;0.0;0.0;1.0;Termes littéraires en français
allicier;0.05;À retraiter;0.0;0.0;1.0;Termes littéraires en français
amuïr;0.05;À retraiter;0.0;0.0;1.0;Termes littéraires en français
anacribie;0.05;À retraiter;0.0;0.0;1.0;Termes littéraires en français
anacyclique;0.05;À retraiter;0.0;0.0;1.0;Termes littéraires en français
analecte;0.05;À retraiter;0.0;0.0;1.0;Termes littéraires en français
animadversion;0.05;À retraiter;0.0;0.0;1.0;Termes littéraires en français
anonchali;0.05;À retraiter;0.0;0.0;1.0;Termes littéraires en français
anonchalir;0.05;À retraiter;0.0;0.0;1.0;Termes littéraires en français
antapodose;0.05;À retraiter;0.0;0.0;1.0;Termes littéraires en français
anuité;0.05;À retraiter;0.0;0.0;1.0;Termes littéraires en français
apagogie;0.05;À retraiter;0.0;0.0;1.0;Termes littéraires en français
apert;0.05;À retraiter;0.0;0.0;1.0;Termes littéraires en français
apertement;0.05;À retraiter;0.0;0.0;1.0;Termes littéraires en français
aphrodité;0.05;À retraiter;0.0;0.0;1.0;Termes littéraires en français
apodose;0.05;À retraiter;0.0;0.0;1.0;Termes littéraires en français
aposter;0.05;À retraiter;0.0;0.0;1.0;Termes littéraires en français
aprilin;0.05;À retraiter;0.0;0.0;1.0;Termes littéraires en français
argentement;0.05;À retraiter;0.0;0.0;1.0;Termes littéraires en français
argutieusement;0.05;À retraiter;0.0;0.0;1.0;Termes littéraires en français
artificieux;0.05;À retraiter;0.0;0.0;1.0;Termes littéraires en français
astéïsme;0.05;À retraiter;0.0;0.0;1.0;Termes littéraires en français
attiédi;0.05;À retraiter;0.0;0.0;1.0;Termes littéraires en français
aucun;0.05;À retraiter;0.0;0.0;1.0;Termes littéraires en français
augmentateur;0.05;À retraiter;0.0;0.0;1.0;Termes littéraires en français
auxcrinier;0.05;À retraiter;0.0;0.0;1.0;Termes littéraires en français
azuréen;0.05;À retraiter;0.0;0.0;1.0;Termes littéraires en français
balane;0.05;À retraiter;0.0;0.0;1.0;Termes littéraires en français
bardesse;0.05;À retraiter;0.0;0.0;1.0;Termes littéraires en français
bardolâtre;0.05;À retraiter;0.0;0.0;1.0;Termes littéraires en français
bardolâtrie;0.05;À retraiter;0.0;0.0;1.0;Termes littéraires en français
bellement;0.05;À retraiter;0.0;0.0;1.0;Termes littéraires en français
bellique;0.05;À retraiter;0.0;0.0;1.0;Termes littéraires en français
besacier;0.05;À retraiter;0.0;0.0;1.0;Termes littéraires en français
besacière;0.05;À retraiter;0.0;0.0;1.0;Termes littéraires en français
blondoyer;0.05;À retraiter;0.0;0.0;1.0;Termes littéraires en français
branchure;0.05;À retraiter;0.0;0.0;1.0;Termes littéraires en français
bénévolent;0.05;À retraiter;0.0;0.0;1.0;Termes littéraires en français
böcklinien;0.05;À retraiter;0.0;0.0;1.0;Termes littéraires en français
bœuf;0.05;À retraiter;0.0;0.0;1.0;Termes littéraires en français
caligineux;0.05;À retraiter;0.0;0.0;1.0;Termes littéraires en français
caméral;0.05;À retraiter;0.0;0.0;1.0;Termes littéraires en français
caninerie;0.05;À retraiter;0.0;0.0;1.0;Termes littéraires en français
carminophile;0.05;À retraiter;0.0;0.0;1.0;Termes littéraires en français
cataglottisme;0.05;À retraiter;0.0;0.0;1.0;Termes littéraires en français
chaloir;0.05;À retraiter;0.0;0.0;1.0;Termes littéraires en français
chevaucheuse;0.05;À retraiter;0.0;0.0;1.0;Termes littéraires en français
chibriape;0.05;À retraiter;0.0;0.0;1.0;Termes littéraires en français
chrysogomphe;0.05;À retraiter;0.0;0.0;1.0;Termes littéraires en français
cinédologique;0.05;À retraiter;0.0;0.0;1.0;Termes littéraires en français
colométrie;0.05;À retraiter;0.0;0.0;1.0;Termes littéraires en français
concréter;0.05;À retraiter;0.0;0.0;1.0;Termes littéraires en français
confin;0.05;À retraiter;0.0;0.0;1.0;Termes littéraires en français
conseilleur;0.05;À retraiter;0.0;0.0;1.0;Termes littéraires en français
conseilleuse;0.05;À retraiter;0.0;0.0;1.0;Termes littéraires en français
coquebine;0.05;À retraiter;0.0;0.0;1.0;Termes littéraires en français
coquecigrue;0.05;À retraiter;0.0;0.0;1.0;Termes littéraires en français
cordouanier;0.05;À retraiter;0.0;0.0;1.0;Termes littéraires en français
crocos;0.05;À retraiter;0.0;0.0;1.0;Termes littéraires en français
cynède;0.05;À retraiter;0.0;0.0;1.0;Termes littéraires en français
cythéréen;0.05;À retraiter;0.0;0.0;1.0;Termes littéraires en français
célère;0.05;À retraiter;0.0;0.0;1.0;Termes littéraires en français
célèrement;0.05;À retraiter;0.0;0.0;1.0;Termes littéraires en français
derechef;0.05;À retraiter;0.0;0.0;1.0;Termes littéraires en français
dimidier;0.05;À retraiter;0.0;0.0;1.0;Termes littéraires en français
dioscurique;0.05;À retraiter;0.0;0.0;1.0;Termes littéraires en français
dioscurisme;0.05;À retraiter;0.0;0.0;1.0;Termes littéraires en français
dolence;0.05;À retraiter;0.0;0.0;1.0;Termes littéraires en français
douteur;0.05;À retraiter;0.0;0.0;1.0;Termes littéraires en français
douteuse;0.05;À retraiter;0.0;0.0;1.0;Termes littéraires en français
duire;0.05;À retraiter;0.0;0.0;1.0;Termes littéraires en français
durassien;0.05;À retraiter;0.0;0.0;1.0;Termes littéraires en français
décevance;0.05;À retraiter;0.0;0.0;1.0;Termes littéraires en français
décombre;0.05;À retraiter;0.0;0.0;1.0;Termes littéraires en français
déconcert;0.05;À retraiter;0.0;0.0;1.0;Termes littéraires en français
déhiscent;0.05;À retraiter;0.0;0.0;1.0;Termes littéraires en français
délices;0.05;À retraiter;0.0;0.0;1.0;Termes littéraires en français
désoccupation;0.05;À retraiter;0.0;0.0;1.0;Termes littéraires en français
dévotieux;0.05;À retraiter;0.0;0.0;1.0;Termes littéraires en français
effusif;0.05;À retraiter;0.0;0.0;1.0;Termes littéraires en français
entéléchie;0.05;À retraiter;0.0;0.0;1.0;Termes littéraires en français
environ;0.05;À retraiter;0.0;0.0;1.0;Termes littéraires en français
ergastulaire;0.05;À retraiter;0.0;0.0;1.0;Termes littéraires en français
esseuler;0.05;À retraiter;0.0;0.0;1.0;Termes littéraires en français
euphuisme;0.05;À retraiter;0.0;0.0;1.0;Termes littéraires en français
extumescence;0.05;À retraiter;0.0;0.0;1.0;Termes littéraires en français
facticité;0.05;À retraiter;0.0;0.0;1.0;Termes littéraires en français
falaiseux;0.05;À retraiter;0.0;0.0;1.0;Termes littéraires en français
fanfrelucheux;0.05;À retraiter;0.0;0.0;1.0;Termes littéraires en français
fantasquement;0.05;À retraiter;0.0;0.0;1.0;Termes littéraires en français
faquine;0.05;À retraiter;0.0;0.0;1.0;Termes littéraires en français
fluer;0.05;À retraiter;0.0;0.0;1.0;Termes littéraires en français
forgerie;0.05;À retraiter;0.0;0.0;1.0;Termes littéraires en français
fortrait;0.05;À retraiter;0.0;0.0;1.0;Termes littéraires en français
frank;0.05;À retraiter;0.0;0.0;1.0;Termes littéraires en français
félinerie;0.05;À retraiter;0.0;0.0;1.0;Termes littéraires en français
girovague;0.05;À retraiter;0.0;0.0;1.0;Termes littéraires en français
gitanelle;0.05;À retraiter;0.0;0.0;1.0;Termes littéraires en français
gomphe;0.05;À retraiter;0.0;0.0;1.0;Termes littéraires en français
gorgonien;0.05;À retraiter;0.0;0.0;1.0;Termes littéraires en français
grantécrivain;0.05;À retraiter;0.0;0.0;1.0;Termes littéraires en français
gromphe;0.05;À retraiter;0.0;0.0;1.0;Termes littéraires en français
gyrovague;0.05;À retraiter;0.0;0.0;1.0;Termes littéraires en français
heimweh;0.05;À retraiter;0.0;0.0;1.0;Termes littéraires en français
hispide;0.05;À retraiter;0.0;0.0;1.0;Termes littéraires en français
hyrcanien;0.05;À retraiter;0.0;0.0;1.0;Termes littéraires en français
hölderlinien;0.05;À retraiter;0.0;0.0;1.0;Termes littéraires en français
imbelle;0.05;À retraiter;0.0;0.0;1.0;Termes littéraires en français
imbiffable;0.05;À retraiter;0.0;0.0;1.0;Termes littéraires en français
immémoré;0.05;À retraiter;0.0;0.0;1.0;Termes littéraires en français
impavidement;0.05;À retraiter;0.0;0.0;1.0;Termes littéraires en français
inadvenu;0.05;À retraiter;0.0;0.0;1.0;Termes littéraires en français
inconsutile;0.05;À retraiter;0.0;0.0;1.0;Termes littéraires en français
incunnabule;0.05;À retraiter;0.0;0.0;1.0;Termes littéraires en français
inobédient;0.05;À retraiter;0.0;0.0;1.0;Termes littéraires en français
inouïr;0.05;À retraiter;0.0;0.0;1.0;Termes littéraires en français
irrécapitulable;0.05;À retraiter;0.0;0.0;1.0;Termes littéraires en français
itinérance;0.05;À retraiter;0.0;0.0;1.0;Termes littéraires en français
jamais;0.05;À retraiter;0.0;0.0;1.0;Termes littéraires en français
jobelin;0.05;À retraiter;0.0;0.0;1.0;Termes littéraires en français
juché;0.05;À retraiter;0.0;0.0;1.0;Termes littéraires en français
laideronne;0.05;À retraiter;0.0;0.0;1.0;Termes littéraires en français
landsknechtement;0.05;À retraiter;0.0;0.0;1.0;Termes littéraires en français
larronne;0.05;À retraiter;0.0;0.0;1.0;Termes littéraires en français
lointainement;0.05;À retraiter;0.0;0.0;1.0;Termes littéraires en français
lusitain;0.05;À retraiter;0.0;0.0;1.0;Termes littéraires en français
légomane;0.05;À retraiter;0.0;0.0;1.0;Termes littéraires en français
macaronée;0.05;À retraiter;0.0;0.0;1.0;Termes littéraires en français
machiavéliquement;0.05;À retraiter;0.0;0.0;1.0;Termes littéraires en français
maint;0.05;À retraiter;0.0;0.0;1.0;Termes littéraires en français
malivole;0.05;À retraiter;0.0;0.0;1.0;Termes littéraires en français
malévole;0.05;À retraiter;0.0;0.0;1.0;Termes littéraires en français
malévolent;0.05;À retraiter;0.0;0.0;1.0;Termes littéraires en français
manuducteur;0.05;À retraiter;0.0;0.0;1.0;Termes littéraires en français
matutin;0.05;À retraiter;0.0;0.0;1.0;Termes littéraires en français
matutineux;0.05;À retraiter;0.0;0.0;1.0;Termes littéraires en français
melliflue;0.05;À retraiter;0.0;0.0;1.0;Termes littéraires en français
menteresse;0.05;À retraiter;0.0;0.0;1.0;Termes littéraires en français
messeoir;0.05;À retraiter;0.0;0.0;1.0;Termes littéraires en français
miellerie;0.05;À retraiter;0.0;0.0;1.0;Termes littéraires en français
mithridatisme;0.05;À retraiter;0.0;0.0;1.0;Termes littéraires en français
moindrement;0.05;À retraiter;0.0;0.0;1.0;Termes littéraires en français
monogomphe;0.05;À retraiter;0.0;0.0;1.0;Termes littéraires en français
muflisme;0.05;À retraiter;0.0;0.0;1.0;Termes littéraires en français
multitudineux;0.05;À retraiter;0.0;0.0;1.0;Termes littéraires en français
multitudinous;0.05;À retraiter;0.0;0.0;1.0;Termes littéraires en français
myrteux;0.05;À retraiter;0.0;0.0;1.0;Termes littéraires en français
méshui;0.05;À retraiter;0.0;0.0;1.0;Termes littéraires en français
narratologie;0.05;À retraiter;0.0;0.0;1.0;Termes littéraires en français
narratologue;0.05;À retraiter;0.0;0.0;1.0;Termes littéraires en français
nonchaloir;0.05;À retraiter;0.0;0.0;1.0;Termes littéraires en français
nonpareil;0.05;À retraiter;0.0;0.0;1.0;Termes littéraires en français
noëlien;0.05;À retraiter;0.0;0.0;1.0;Termes littéraires en français
oariste;0.05;À retraiter;0.0;0.0;1.0;Termes littéraires en français
oaristes;0.05;À retraiter;0.0;0.0;1.0;Termes littéraires en français
oarystis;0.05;À retraiter;0.0;0.0;1.0;Termes littéraires en français
obduration;0.05;À retraiter;0.0;0.0;1.0;Termes littéraires en français
obombrer;0.05;À retraiter;0.0;0.0;1.0;Termes littéraires en français
obédient;0.05;À retraiter;0.0;0.0;1.0;Termes littéraires en français
oiseleuse;0.05;À retraiter;0.0;0.0;1.0;Termes littéraires en français
opulemment;0.05;À retraiter;0.0;0.0;1.0;Termes littéraires en français
ors;0.05;À retraiter;0.0;0.0;1.0;Termes littéraires en français
osculaire;0.05;À retraiter;0.0;0.0;1.0;Termes littéraires en français
ouater;0.05;À retraiter;0.0;0.0;1.0;Termes littéraires en français
oublieusement;0.05;À retraiter;0.0;0.0;1.0;Termes littéraires en français
panerée;0.05;À retraiter;0.0;0.0;1.0;Termes littéraires en français
papelardise;0.05;À retraiter;0.0;0.0;1.0;Termes littéraires en français
parmi;0.05;À retraiter;0.0;0.0;1.0;Termes littéraires en français
pastoure;0.05;À retraiter;0.0;0.0;1.0;Termes littéraires en français
pastourelle;0.05;À retraiter;0.0;0.0;1.0;Termes littéraires en français
patrigot;0.05;À retraiter;0.0;0.0;1.0;Termes littéraires en français
periscelis;0.05;À retraiter;0.0;0.0;1.0;Termes littéraires en français
perpétuement;0.05;À retraiter;0.0;0.0;1.0;Termes littéraires en français
piperesse;0.05;À retraiter;0.0;0.0;1.0;Termes littéraires en français
ponctuaire;0.05;À retraiter;0.0;0.0;1.0;Termes littéraires en français
porphyrogénète;0.05;À retraiter;0.0;0.0;1.0;Termes littéraires en français
postcrépusculaire;0.05;À retraiter;0.0;0.0;1.0;Termes littéraires en français
poëme;0.05;À retraiter;0.0;0.0;1.0;Termes littéraires en français
priapée;0.05;À retraiter;0.0;0.0;1.0;Termes littéraires en français
protée;0.05;À retraiter;0.0;0.0;1.0;Termes littéraires en français
proéminer;0.05;À retraiter;0.0;0.0;1.0;Termes littéraires en français
prévarication;0.05;À retraiter;0.0;0.0;1.0;Termes littéraires en français
psithurisme;0.05;À retraiter;0.0;0.0;1.0;Termes littéraires en français
puffisme;0.05;À retraiter;0.0;0.0;1.0;Termes littéraires en français
punctum;0.05;À retraiter;0.0;0.0;1.0;Termes littéraires en français
pâtiment;0.05;À retraiter;0.0;0.0;1.0;Termes littéraires en français
pérennel;0.05;À retraiter;0.0;0.0;1.0;Termes littéraires en français
pétrarquisant;0.05;À retraiter;0.0;0.0;1.0;Termes littéraires en français
que;0.05;À retraiter;0.0;0.0;1.0;Termes littéraires en français
quelque;0.05;À retraiter;0.0;0.0;1.0;Termes littéraires en français
qui;0.05;À retraiter;0.0;0.0;1.0;Termes littéraires en français
rez;0.05;À retraiter;0.0;0.0;1.0;Termes littéraires en français
rhétoriqueur;0.05;À retraiter;0.0;0.0;1.0;Termes littéraires en français
romphe;0.05;À retraiter;0.0;0.0;1.0;Termes littéraires en français
rousseaulâtre;0.05;À retraiter;0.0;0.0;1.0;Termes littéraires en français
récalcitrer;0.05;À retraiter;0.0;0.0;1.0;Termes littéraires en français
réfulgent;0.05;À retraiter;0.0;0.0;1.0;Termes littéraires en français
répudiatoire;0.05;À retraiter;0.0;0.0;1.0;Termes littéraires en français
sacquetier;0.05;À retraiter;0.0;0.0;1.0;Termes littéraires en français
sacrant;0.05;À retraiter;0.0;0.0;1.0;Termes littéraires en français
sardanapalesque;0.05;À retraiter;0.0;0.0;1.0;Termes littéraires en français
sardanapalisme;0.05;À retraiter;0.0;0.0;1.0;Termes littéraires en français
satisfacteur;0.05;À retraiter;0.0;0.0;1.0;Termes littéraires en français
secourant;0.05;À retraiter;0.0;0.0;1.0;Termes littéraires en français
sibilement;0.05;À retraiter;0.0;0.0;1.0;Termes littéraires en français
silencer;0.05;À retraiter;0.0;0.0;1.0;Termes littéraires en français
silencier;0.05;À retraiter;0.0;0.0;1.0;Termes littéraires en français
sodalité;0.05;À retraiter;0.0;0.0;1.0;Termes littéraires en français
sombreur;0.05;À retraiter;0.0;0.0;1.0;Termes littéraires en français
spleenétique;0.05;À retraiter;0.0;0.0;1.0;Termes littéraires en français
spondée;0.05;À retraiter;0.0;0.0;1.0;Termes littéraires en français
sporade;0.05;À retraiter;0.0;0.0;1.0;Termes littéraires en français
sportule;0.05;À retraiter;0.0;0.0;1.0;Termes littéraires en français
stagnance;0.05;À retraiter;0.0;0.0;1.0;Termes littéraires en français
surgie;0.05;À retraiter;0.0;0.0;1.0;Termes littéraires en français
surréalisant;0.05;À retraiter;0.0;0.0;1.0;Termes littéraires en français
séductible;0.05;À retraiter;0.0;0.0;1.0;Termes littéraires en français
sélène;0.05;À retraiter;0.0;0.0;1.0;Termes littéraires en français
sélénien;0.05;À retraiter;0.0;0.0;1.0;Termes littéraires en français
textualisme;0.05;À retraiter;0.0;0.0;1.0;Termes littéraires en français
thurifère;0.05;À retraiter;0.0;0.0;1.0;Termes littéraires en français
thyrsifère;0.05;À retraiter;0.0;0.0;1.0;Termes littéraires en français
tintinabulement;0.05;À retraiter;0.0;0.0;1.0;Termes littéraires en français
tous;0.05;À retraiter;0.0;0.0;1.0;Termes littéraires en français
tétin;0.05;À retraiter;0.0;0.0;1.0;Termes littéraires en français
varicolore;0.05;À retraiter;0.0;0.0;1.0;Termes littéraires en français
vermiceau;0.05;À retraiter;0.0;0.0;1.0;Termes littéraires en français
vicariant;0.05;À retraiter;0.0;0.0;1.0;Termes littéraires en français
vilipendable;0.05;À retraiter;0.0;0.0;1.0;Termes littéraires en français
vitole;0.05;À retraiter;0.0;0.0;1.0;Termes littéraires en français
voire;0.05;À retraiter;0.0;0.0;1.0;Termes littéraires en français
voituré;0.05;À retraiter;0.0;0.0;1.0;Termes littéraires en français
volucre;0.05;À retraiter;0.0;0.0;1.0;Termes littéraires en français
vénuste;0.05;À retraiter;0.0;0.0;1.0;Termes littéraires en français
vérissime;0.05;À retraiter;0.0;0.0;1.0;Termes littéraires en français
vérécondie;0.05;À retraiter;0.0;0.0;1.0;Termes littéraires en français
vérécondieux;0.05;À retraiter;0.0;0.0;1.0;Termes littéraires en français
zigzagure;0.05;À retraiter;0.0;0.0;1.0;Termes littéraires en français
zutique;0.05;À retraiter;0.0;0.0;1.0;Termes littéraires en français
zutisme;0.05;À retraiter;0.0;0.0;1.0;Termes littéraires en français
zutiste;0.05;À retraiter;0.0;0.0;1.0;Termes littéraires en français
ÉAU;0.05;À retraiter;0.0;0.0;1.0;Termes littéraires en français
écureuille;0.05;À retraiter;0.0;0.0;1.0;Termes littéraires en français
égrotante;0.05;À retraiter;0.0;0.0;1.0;Termes littéraires en français
énamourement;0.05;À retraiter;0.0;0.0;1.0;Termes littéraires en français
épousant;0.05;À retraiter;0.0;0.0;1.0;Termes littéraires en français
éviré;0.05;À retraiter;0.0;0.0;1.0;Termes littéraires en français
œillader;0.05;À retraiter;0.0;0.0;1.0;Termes littéraires en français
œuvrer;0.05;À retraiter;0.0;0.0;1.0;Termes littéraires en français
établir;0.04;Débutant;4.32;4.02;1.96;Termes archaïques en français
guerrier;0.04;Débutant;3.77;4.06;0.52;Termes soutenus en français
crapule;0.04;Débutant;3.45;3.7;0.57;Termes archaïques en français
compositeur;0.04;Débutant;3.46;3.56;0.8;Termes archaïques en français
Achéron;0.04;À retraiter;0.0;0.0;1.0;Termes poétiques en français
Albion;0.04;À retraiter;0.0;0.0;1.0;Termes poétiques en français
Arcadie;0.04;À retraiter;0.0;0.0;1.0;Termes poétiques en français
Averne;0.04;À retraiter;0.0;0.0;1.0;Termes poétiques en français
Bacchus;0.04;À retraiter;0.0;0.0;1.0;Termes poétiques en français
Cérès;0.04;À retraiter;0.0;0.0;1.0;Termes poétiques en français
Helvétie;0.04;À retraiter;0.0;0.0;1.0;Termes poétiques en français
Hippocrate;0.04;À retraiter;0.0;0.0;1.0;Termes poétiques en français
Hippocrates;0.04;À retraiter;0.0;0.0;1.0;Termes poétiques en français
Lagide;0.04;À retraiter;0.0;0.0;1.0;Termes poétiques en français
Léthé;0.04;À retraiter;0.0;0.0;1.0;Termes poétiques en français
Monomaque;0.04;À retraiter;0.0;0.0;1.0;Termes poétiques en français
Neptune;0.04;À retraiter;0.0;0.0;1.0;Termes poétiques en français
Ourse;0.04;À retraiter;0.0;0.0;1.0;Termes poétiques en français
Philomèle;0.04;À retraiter;0.0;0.0;1.0;Termes poétiques en français
Philomène;0.04;À retraiter;0.0;0.0;1.0;Termes poétiques en français
Phébus;0.04;À retraiter;0.0;0.0;1.0;Termes poétiques en français
Pinde;0.04;À retraiter;0.0;0.0;1.0;Termes poétiques en français
Progné;0.04;À retraiter;0.0;0.0;1.0;Termes poétiques en français
Solyme;0.04;À retraiter;0.0;0.0;1.0;Termes poétiques en français
Sylphirie;0.04;À retraiter;0.0;0.0;1.0;Termes poétiques en français
Ténare;0.04;À retraiter;0.0;0.0;1.0;Termes poétiques en français
aigail;0.04;À retraiter;0.0;0.0;1.0;Termes poétiques en français
ambage;0.04;À retraiter;0.0;0.0;1.0;Termes poétiques en français
amoureaux;0.04;À retraiter;0.0;0.0;1.0;Termes poétiques en français
amphibraque;0.04;À retraiter;0.0;0.0;1.0;Termes poétiques en français
antidactyle;0.04;À retraiter;0.0;0.0;1.0;Termes poétiques en français
antipaste;0.04;À retraiter;0.0;0.0;1.0;Termes poétiques en français
apotropée;0.04;À retraiter;0.0;0.0;1.0;Termes poétiques en français
aranéen;0.04;À retraiter;0.0;0.0;1.0;Termes poétiques en français
archerot;0.04;À retraiter;0.0;0.0;1.0;Termes poétiques en français
arsis;0.04;À retraiter;0.0;0.0;1.0;Termes poétiques en français
asseoiement;0.04;À retraiter;0.0;0.0;1.0;Termes poétiques en français
avette;0.04;À retraiter;0.0;0.0;1.0;Termes poétiques en français
azurer;0.04;À retraiter;0.0;0.0;1.0;Termes poétiques en français
bergère;0.04;À retraiter;0.0;0.0;1.0;Termes poétiques en français
bestion;0.04;À retraiter;0.0;0.0;1.0;Termes poétiques en français
blondissant;0.04;À retraiter;0.0;0.0;1.0;Termes poétiques en français
brachychorée;0.04;À retraiter;0.0;0.0;1.0;Termes poétiques en français
calycanthe;0.04;À retraiter;0.0;0.0;1.0;Termes poétiques en français
capripède;0.04;À retraiter;0.0;0.0;1.0;Termes poétiques en français
castalien;0.04;À retraiter;0.0;0.0;1.0;Termes poétiques en français
chantepleure;0.04;À retraiter;0.0;0.0;1.0;Termes poétiques en français
chanteresse;0.04;À retraiter;0.0;0.0;1.0;Termes poétiques en français
charrière;0.04;À retraiter;0.0;0.0;1.0;Termes poétiques en français
chasseresse;0.04;À retraiter;0.0;0.0;1.0;Termes poétiques en français
cortiqué;0.04;À retraiter;0.0;0.0;1.0;Termes poétiques en français
courtil;0.04;À retraiter;0.0;0.0;1.0;Termes poétiques en français
cupidique;0.04;À retraiter;0.0;0.0;1.0;Termes poétiques en français
célicole;0.04;À retraiter;0.0;0.0;1.0;Termes poétiques en français
driller;0.04;À retraiter;0.0;0.0;1.0;Termes poétiques en français
désâmé;0.04;À retraiter;0.0;0.0;1.0;Termes poétiques en français
effleur;0.04;À retraiter;0.0;0.0;1.0;Termes poétiques en français
encloser;0.04;À retraiter;0.0;0.0;1.0;Termes poétiques en français
encor;0.04;À retraiter;0.0;0.0;1.0;Termes poétiques en français
filandière;0.04;À retraiter;0.0;0.0;1.0;Termes poétiques en français
flagrer;0.04;À retraiter;0.0;0.0;1.0;Termes poétiques en français
flavescent;0.04;À retraiter;0.0;0.0;1.0;Termes poétiques en français
floconnade;0.04;À retraiter;0.0;0.0;1.0;Termes poétiques en français
floflotter;0.04;À retraiter;0.0;0.0;1.0;Termes poétiques en français
floraître;0.04;À retraiter;0.0;0.0;1.0;Termes poétiques en français
font;0.04;À retraiter;0.0;0.0;1.0;Termes poétiques en français
formose;0.04;À retraiter;0.0;0.0;1.0;Termes poétiques en français
girofla;0.04;À retraiter;0.0;0.0;1.0;Termes poétiques en français
glottisme;0.04;À retraiter;0.0;0.0;1.0;Termes poétiques en français
gélide;0.04;À retraiter;0.0;0.0;1.0;Termes poétiques en français
inadmettable;0.04;À retraiter;0.0;0.0;1.0;Termes poétiques en français
inadversion;0.04;À retraiter;0.0;0.0;1.0;Termes poétiques en français
jeux;0.04;À retraiter;0.0;0.0;1.0;Termes poétiques en français
jouvente;0.04;À retraiter;0.0;0.0;1.0;Termes poétiques en français
mew;0.04;À retraiter;0.0;0.0;1.0;Termes poétiques en français
mitta;0.04;À retraiter;0.0;0.0;1.0;Termes poétiques en français
mortillon;0.04;À retraiter;0.0;0.0;1.0;Termes poétiques en français
murmureux;0.04;À retraiter;0.0;0.0;1.0;Termes poétiques en français
nautonière;0.04;À retraiter;0.0;0.0;1.0;Termes poétiques en français
neigeur;0.04;À retraiter;0.0;0.0;1.0;Termes poétiques en français
oblivieux;0.04;À retraiter;0.0;0.0;1.0;Termes poétiques en français
ophélisation;0.04;À retraiter;0.0;0.0;1.0;Termes poétiques en français
outreciel;0.04;À retraiter;0.0;0.0;1.0;Termes poétiques en français
phantaisie;0.04;À retraiter;0.0;0.0;1.0;Termes poétiques en français
procillon;0.04;À retraiter;0.0;0.0;1.0;Termes poétiques en français
pulchre;0.04;À retraiter;0.0;0.0;1.0;Termes poétiques en français
pêcheresse;0.04;À retraiter;0.0;0.0;1.0;Termes poétiques en français
repassable;0.04;À retraiter;0.0;0.0;1.0;Termes poétiques en français
ruissel;0.04;À retraiter;0.0;0.0;1.0;Termes poétiques en français
sade;0.04;À retraiter;0.0;0.0;1.0;Termes poétiques en français
sagette;0.04;À retraiter;0.0;0.0;1.0;Termes poétiques en français
silve;0.04;À retraiter;0.0;0.0;1.0;Termes poétiques en français
sonipède;0.04;À retraiter;0.0;0.0;1.0;Termes poétiques en français
stygieux;0.04;À retraiter;0.0;0.0;1.0;Termes poétiques en français
suffisante;0.04;À retraiter;0.0;0.0;1.0;Termes poétiques en français
tromperesse;0.04;À retraiter;0.0;0.0;1.0;Termes poétiques en français
Érin;0.04;À retraiter;0.0;0.0;1.0;Termes poétiques en français
ébénin;0.04;À retraiter;0.0;0.0;1.0;Termes poétiques en français
échansonne;0.04;À retraiter;0.0;0.0;1.0;Termes poétiques en français
éperler;0.04;À retraiter;0.0;0.0;1.0;Termes poétiques en français
désolé;0.04;Débutant;3.81;5.29;0.03;Termes soutenus en français
liaison;0.04;Débutant;4.43;4.27;1.45;Termes littéraires en français
boiteux;0.04;Débutant;3.63;3.64;0.98;Termes poétiques en français
parent;0.04;Débutant;3.75;4.09;0.46;Termes littéraires en français
cygne;0.04;Débutant;3.67;3.72;0.88;Termes poétiques en français
Pluton;0.04;À retraiter;0.0;2.15;0.07;Termes archaïques en français
arder;0.04;À retraiter;0.0;2.04;0.08;Termes archaïques en français
kali;0.04;À retraiter;0.0;2.28;0.05;Termes archaïques en français
porque;0.04;À retraiter;0.0;2.51;0.03;Termes archaïques en français
toxicomanie;0.04;À retraiter;0.0;2.32;0.05;Termes archaïques en français
vigil;0.04;À retraiter;0.0;1.6;0.2;Termes archaïques en français
altitude;0.04;Débutant;3.8;3.8;1.0;Termes littéraires en français
insulter;0.04;Débutant;3.81;3.83;0.95;Termes littéraires en français
solaire;0.04;Débutant;3.81;3.85;0.92;Termes littéraires en français
butin;0.04;Débutant;3.72;3.8;0.83;Termes poétiques en français
non;0.04;Débutant;3.53;3.56;0.94;Termes archaïques en français
menacer;0.03;Débutant;3.73;3.73;1.0;Termes poétiques en français
serviteur;0.03;Débutant;3.85;4.03;0.67;Termes littéraires en français
splendide;0.03;Débutant;3.86;4.19;0.47;Termes littéraires en français
mars;0.03;Débutant;4.5;3.99;3.22;Termes poétiques en français
moquer;0.03;Débutant;3.98;4.06;0.82;Termes soutenus en français
entreprise;0.03;Débutant;4.46;4.36;1.27;Termes littéraires en français
perruque;0.03;Débutant;3.85;3.9;0.88;Termes poétiques en français
Alepin;0.03;À retraiter;0.0;0.0;1.0;Termes archaïques en français
Anaïde;0.03;À retraiter;0.0;0.0;1.0;Termes archaïques en français
Anaïtis;0.03;À retraiter;0.0;0.0;1.0;Termes archaïques en français
Anglois;0.03;À retraiter;0.0;0.0;1.0;Termes archaïques en français
Armes;0.03;À retraiter;0.0;0.0;1.0;Termes archaïques en français
Arya;0.03;À retraiter;0.0;0.0;1.0;Termes archaïques en français
Bernarde;0.03;À retraiter;0.0;0.0;1.0;Termes archaïques en français
Bogny;0.03;À retraiter;0.0;0.0;1.0;Termes archaïques en français
Boristhène;0.03;À retraiter;0.0;0.0;1.0;Termes archaïques en français
Bretaigne;0.03;À retraiter;0.0;0.0;1.0;Termes archaïques en français
Bætique;0.03;À retraiter;0.0;0.0;1.0;Termes archaïques en français
Bœotie;0.03;À retraiter;0.0;0.0;1.0;Termes archaïques en français
Cambaluc;0.03;À retraiter;0.0;0.0;1.0;Termes archaïques en français
Charbonnelle;0.03;À retraiter;0.0;0.0;1.0;Termes archaïques en français
Chæronée;0.03;À retraiter;0.0;0.0;1.0;Termes archaïques en français
Cochin;0.03;À retraiter;0.0;0.0;1.0;Termes archaïques en français
Colossée;0.03;À retraiter;0.0;0.0;1.0;Termes archaïques en français
Crissé;0.03;À retraiter;0.0;0.0;1.0;Termes archaïques en français
Crœsus;0.03;À retraiter;0.0;0.0;1.0;Termes archaïques en français
Cæsar;0.03;À retraiter;0.0;0.0;1.0;Termes archaïques en français
Cæsarée;0.03;À retraiter;0.0;0.0;1.0;Termes archaïques en français
Durande;0.03;À retraiter;0.0;0.0;1.0;Termes archaïques en français
Epnon;0.03;À retraiter;0.0;0.0;1.0;Termes archaïques en français
Eubœe;0.03;À retraiter;0.0;0.0;1.0;Termes archaïques en français
Françoys;0.03;À retraiter;0.0;0.0;1.0;Termes archaïques en français
Fresnoy;0.03;À retraiter;0.0;0.0;1.0;Termes archaïques en français
Frénoy;0.03;À retraiter;0.0;0.0;1.0;Termes archaïques en français
Græce;0.03;À retraiter;0.0;0.0;1.0;Termes archaïques en français
Hayti;0.03;À retraiter;0.0;0.0;1.0;Termes archaïques en français
Hebraïcque;0.03;À retraiter;0.0;0.0;1.0;Termes archaïques en français
Herschel;0.03;À retraiter;0.0;0.0;1.0;Termes archaïques en français
Herschell;0.03;À retraiter;0.0;0.0;1.0;Termes archaïques en français
Hespagne;0.03;À retraiter;0.0;0.0;1.0;Termes archaïques en français
Hypapante;0.03;À retraiter;0.0;0.0;1.0;Termes archaïques en français
Issel;0.03;À retraiter;0.0;0.0;1.0;Termes archaïques en français
Jemmapes;0.03;À retraiter;0.0;0.0;1.0;Termes archaïques en français
Kachélie;0.03;À retraiter;0.0;0.0;1.0;Termes archaïques en français
Libreville;0.03;À retraiter;0.0;0.0;1.0;Termes archaïques en français
Linarde;0.03;À retraiter;0.0;0.0;1.0;Termes archaïques en français
Liége;0.03;À retraiter;0.0;0.0;1.0;Termes archaïques en français
Malthe;0.03;À retraiter;0.0;0.0;1.0;Termes archaïques en français
Masméjan;0.03;À retraiter;0.0;0.0;1.0;Termes archaïques en français
Morienne;0.03;À retraiter;0.0;0.0;1.0;Termes archaïques en français
Morvand;0.03;À retraiter;0.0;0.0;1.0;Termes archaïques en français
Nabiri;0.03;À retraiter;0.0;0.0;1.0;Termes archaïques en français
Nanci;0.03;À retraiter;0.0;0.0;1.0;Termes archaïques en français
Nivernois;0.03;À retraiter;0.0;0.0;1.0;Termes archaïques en français
Pade;0.03;À retraiter;0.0;0.0;1.0;Termes archaïques en français
Palæstine;0.03;À retraiter;0.0;0.0;1.0;Termes archaïques en français
Phœnicie;0.03;À retraiter;0.0;0.0;1.0;Termes archaïques en français
Prusco;0.03;À retraiter;0.0;0.0;1.0;Termes archaïques en français
Rheims;0.03;À retraiter;0.0;0.0;1.0;Termes archaïques en français
Rhætie;0.03;À retraiter;0.0;0.0;1.0;Termes archaïques en français
Sabrine;0.03;À retraiter;0.0;0.0;1.0;Termes archaïques en français
Sogdian;0.03;À retraiter;0.0;0.0;1.0;Termes archaïques en français
Strasbourg;0.03;À retraiter;0.0;0.0;1.0;Termes archaïques en français
Suessonien;0.03;À retraiter;0.0;0.0;1.0;Termes archaïques en français
Sédan;0.03;À retraiter;0.0;0.0;1.0;Termes archaïques en français
Vaillante;0.03;À retraiter;0.0;0.0;1.0;Termes archaïques en français
Vimy;0.03;À retraiter;0.0;0.0;1.0;Termes archaïques en français
Yvois;0.03;À retraiter;0.0;0.0;1.0;Termes archaïques en français
Zwin;0.03;À retraiter;0.0;0.0;1.0;Termes archaïques en français
abaisseur;0.03;À retraiter;0.0;0.0;1.0;Termes archaïques en français
abander;0.03;À retraiter;0.0;0.0;1.0;Termes archaïques en français
abbreivateur;0.03;À retraiter;0.0;0.0;1.0;Termes archaïques en français
abbreuver;0.03;À retraiter;0.0;0.0;1.0;Termes archaïques en français
abcisse;0.03;À retraiter;0.0;0.0;1.0;Termes archaïques en français
abjet;0.03;À retraiter;0.0;0.0;1.0;Termes archaïques en français
absconder;0.03;À retraiter;0.0;0.0;1.0;Termes archaïques en français
absconser;0.03;À retraiter;0.0;0.0;1.0;Termes archaïques en français
absynthe;0.03;À retraiter;0.0;0.0;1.0;Termes archaïques en français
abuseresse;0.03;À retraiter;0.0;0.0;1.0;Termes archaïques en français
abysme;0.03;À retraiter;0.0;0.0;1.0;Termes archaïques en français
abysmer;0.03;À retraiter;0.0;0.0;1.0;Termes archaïques en français
acarin;0.03;À retraiter;0.0;0.0;1.0;Termes archaïques en français
accoquiner;0.03;À retraiter;0.0;0.0;1.0;Termes archaïques en français
accravanter;0.03;À retraiter;0.0;0.0;1.0;Termes archaïques en français
acommoder;0.03;À retraiter;0.0;0.0;1.0;Termes archaïques en français
acrimonial;0.03;À retraiter;0.0;0.0;1.0;Termes archaïques en français
acrimonieux;0.03;À retraiter;0.0;1.3;0.33;Termes soutenus en français
actifve;0.03;À retraiter;0.0;0.0;1.0;Termes archaïques en français
acuïté;0.03;À retraiter;0.0;0.0;1.0;Termes archaïques en français
adhærer;0.03;À retraiter;0.0;0.0;1.0;Termes archaïques en français
adhæsion;0.03;À retraiter;0.0;0.0;1.0;Termes archaïques en français
adhération;0.03;À retraiter;0.0;0.0;1.0;Termes archaïques en français
adjouster;0.03;À retraiter;0.0;0.0;1.0;Termes archaïques en français
admonétation;0.03;À retraiter;0.0;0.0;1.0;Termes archaïques en français
adonc;0.03;À retraiter;0.0;0.0;1.0;Termes archaïques en français
adoncques;0.03;À retraiter;0.0;0.0;1.0;Termes archaïques en français
aedicule;0.03;À retraiter;0.0;0.0;1.0;Termes archaïques en français
affaneur;0.03;À retraiter;0.0;0.0;1.0;Termes archaïques en français
aggrandir;0.03;À retraiter;0.0;0.0;1.0;Termes archaïques en français
aggrégat;0.03;À retraiter;0.0;0.0;1.0;Termes archaïques en français
aggrégation;0.03;À retraiter;0.0;0.0;1.0;Termes archaïques en français
aggréger;0.03;À retraiter;0.0;0.0;1.0;Termes archaïques en français
aglutination;0.03;À retraiter;0.0;0.0;1.0;Termes archaïques en français
agrapher;0.03;À retraiter;0.0;0.0;1.0;Termes archaïques en français
agravation;0.03;À retraiter;0.0;0.0;1.0;Termes archaïques en français
agréement;0.03;À retraiter;0.0;0.0;1.0;Termes archaïques en français
ajoûter;0.03;À retraiter;0.0;0.0;1.0;Termes archaïques en français
alkalin;0.03;À retraiter;0.0;0.0;1.0;Termes archaïques en français
alkaline;0.03;À retraiter;0.0;0.0;1.0;Termes archaïques en français
alkalines;0.03;À retraiter;0.0;0.0;1.0;Termes archaïques en français
alkalins;0.03;À retraiter;0.0;0.0;1.0;Termes archaïques en français
alligner;0.03;À retraiter;0.0;0.0;1.0;Termes archaïques en français
allœopathie;0.03;À retraiter;0.0;0.0;1.0;Termes archaïques en français
amade;0.03;À retraiter;0.0;0.0;1.0;Termes archaïques en français
ambedeux;0.03;À retraiter;0.0;0.0;1.0;Termes archaïques en français
amphiblesthroïde;0.03;À retraiter;0.0;0.0;1.0;Termes archaïques en français
amphisbæne;0.03;À retraiter;0.0;0.0;1.0;Termes archaïques en français
amœbe;0.03;À retraiter;0.0;0.0;1.0;Termes archaïques en français
amœbien;0.03;À retraiter;0.0;0.0;1.0;Termes archaïques en français
amœbiforme;0.03;À retraiter;0.0;0.0;1.0;Termes archaïques en français
amœbocyte;0.03;À retraiter;0.0;0.0;1.0;Termes archaïques en français
amœboïde;0.03;À retraiter;0.0;0.0;1.0;Termes archaïques en français
amœne;0.03;À retraiter;0.0;0.0;1.0;Termes archaïques en français
amœnité;0.03;À retraiter;0.0;0.0;1.0;Termes archaïques en français
anapæste;0.03;À retraiter;0.0;0.0;1.0;Termes archaïques en français
andiner;0.03;À retraiter;0.0;0.0;1.0;Termes archaïques en français
anil;0.03;À retraiter;0.0;0.0;1.0;Termes archaïques en français
annoblir;0.03;À retraiter;0.0;0.0;1.0;Termes archaïques en français
annoblissement;0.03;À retraiter;0.0;0.0;1.0;Termes archaïques en français
antenaire;0.03;À retraiter;0.0;0.0;1.0;Termes archaïques en français
anter;0.03;À retraiter;0.0;0.0;1.0;Termes archaïques en français
antiquitez;0.03;À retraiter;0.0;0.0;1.0;Termes archaïques en français
antécien;0.03;À retraiter;0.0;0.0;1.0;Termes archaïques en français
anæmie;0.03;À retraiter;0.0;0.0;1.0;Termes archaïques en français
anæsthésie;0.03;À retraiter;0.0;0.0;1.0;Termes archaïques en français
apartement;0.03;À retraiter;0.0;0.0;1.0;Termes archaïques en français
apauvrir;0.03;À retraiter;0.0;0.0;1.0;Termes archaïques en français
aphærese;0.03;À retraiter;0.0;0.0;1.0;Termes archaïques en français
aporter;0.03;À retraiter;0.0;0.0;1.0;Termes archaïques en français
appaiser;0.03;À retraiter;0.0;0.0;1.0;Termes archaïques en français
apparoistre;0.03;À retraiter;0.0;0.0;1.0;Termes archaïques en français
apparoître;0.03;À retraiter;0.0;0.0;1.0;Termes archaïques en français
appeller;0.03;À retraiter;0.0;0.0;1.0;Termes archaïques en français
apprentif;0.03;À retraiter;0.0;0.0;1.0;Termes archaïques en français
apprentis;0.03;À retraiter;0.0;0.0;1.0;Termes archaïques en français
apprentisse;0.03;À retraiter;0.0;0.0;1.0;Termes archaïques en français
apprentive;0.03;À retraiter;0.0;0.0;1.0;Termes archaïques en français
aprés;0.03;À retraiter;0.0;0.0;1.0;Termes archaïques en français
arabesse;0.03;À retraiter;0.0;0.0;1.0;Termes archaïques en français
aragne;0.03;À retraiter;0.0;0.0;1.0;Termes archaïques en français
araignez;0.03;À retraiter;0.0;0.0;1.0;Termes archaïques en français
arbalestrille;0.03;À retraiter;0.0;0.0;1.0;Termes archaïques en français
arcbutant;0.03;À retraiter;0.0;0.0;1.0;Termes archaïques en français
archiacolythe;0.03;À retraiter;0.0;0.0;1.0;Termes archaïques en français
archæographe;0.03;À retraiter;0.0;0.0;1.0;Termes archaïques en français
archæographie;0.03;À retraiter;0.0;0.0;1.0;Termes archaïques en français
archæologie;0.03;À retraiter;0.0;0.0;1.0;Termes archaïques en français
archæologique;0.03;À retraiter;0.0;0.0;1.0;Termes archaïques en français
archæologue;0.03;À retraiter;0.0;0.0;1.0;Termes archaïques en français
argille;0.03;À retraiter;0.0;0.0;1.0;Termes archaïques en français
armoniac;0.03;À retraiter;0.0;0.0;1.0;Termes archaïques en français
arriérages;0.03;À retraiter;0.0;0.0;1.0;Termes archaïques en français
aræometre;0.03;À retraiter;0.0;0.0;1.0;Termes archaïques en français
asne;0.03;À retraiter;0.0;0.0;1.0;Termes archaïques en français
asnerie;0.03;À retraiter;0.0;0.0;1.0;Termes archaïques en français
asnesse;0.03;À retraiter;0.0;0.0;1.0;Termes archaïques en français
asnon;0.03;À retraiter;0.0;0.0;1.0;Termes archaïques en français
asnonner;0.03;À retraiter;0.0;0.0;1.0;Termes archaïques en français
aspreté;0.03;À retraiter;0.0;0.0;1.0;Termes archaïques en français
asseurance;0.03;À retraiter;0.0;0.0;1.0;Termes archaïques en français
asseurement;0.03;À retraiter;0.0;0.0;1.0;Termes archaïques en français
asseurer;0.03;À retraiter;0.0;0.0;1.0;Termes archaïques en français
assujétir;0.03;À retraiter;0.0;0.0;1.0;Termes archaïques en français
athenæe;0.03;À retraiter;0.0;0.0;1.0;Termes archaïques en français
atmosphære;0.03;À retraiter;0.0;0.0;1.0;Termes archaïques en français
auctrice;0.03;À retraiter;0.0;0.0;1.0;Termes archaïques en français
aumant;0.03;À retraiter;0.0;0.0;1.0;Termes archaïques en français
aure;0.03;À retraiter;0.0;0.0;1.0;Termes archaïques en français
aureillon;0.03;À retraiter;0.0;0.0;1.0;Termes archaïques en français
aussitost;0.03;À retraiter;0.0;0.0;1.0;Termes archaïques en français
autarchique;0.03;À retraiter;0.0;0.0;1.0;Termes archaïques en français
autheur;0.03;À retraiter;0.0;0.0;1.0;Termes archaïques en français
authrice;0.03;À retraiter;0.0;0.0;1.0;Termes archaïques en français
avalange;0.03;À retraiter;0.0;0.0;1.0;Termes archaïques en français
avanture;0.03;À retraiter;0.0;0.0;1.0;Termes archaïques en français
avecques;0.03;À retraiter;0.0;0.0;1.0;Termes archaïques en français
ayde;0.03;À retraiter;0.0;0.0;1.0;Termes archaïques en français
aye;0.03;À retraiter;0.0;0.0;1.0;Termes archaïques en français
azotate;0.03;À retraiter;0.0;0.0;1.0;Termes archaïques en français
azoteux;0.03;À retraiter;0.0;0.0;1.0;Termes archaïques en français
azotite;0.03;À retraiter;0.0;0.0;1.0;Termes archaïques en français
babiner;0.03;À retraiter;0.0;0.0;1.0;Termes archaïques en français
bajocco;0.03;À retraiter;0.0;0.0;1.0;Termes archaïques en français
baladoire;0.03;À retraiter;0.0;0.0;1.0;Termes archaïques en français
balconier;0.03;À retraiter;0.0;0.0;1.0;Termes archaïques en français
balencer;0.03;À retraiter;0.0;0.0;1.0;Termes archaïques en français
balier;0.03;À retraiter;0.0;0.0;1.0;Termes archaïques en français
baliure;0.03;À retraiter;0.0;0.0;1.0;Termes archaïques en français
bandier;0.03;À retraiter;0.0;0.0;1.0;Termes archaïques en français
bandière;0.03;À retraiter;0.0;0.0;1.0;Termes archaïques en français
bangard;0.03;À retraiter;0.0;0.0;1.0;Termes archaïques en français
bannade;0.03;À retraiter;0.0;0.0;1.0;Termes archaïques en français
bannar;0.03;À retraiter;0.0;0.0;1.0;Termes archaïques en français
banneret;0.03;À retraiter;0.0;0.0;1.0;Termes archaïques en français
banward;0.03;À retraiter;0.0;0.0;1.0;Termes archaïques en français
baptesme;0.03;À retraiter;0.0;0.0;1.0;Termes archaïques en français
barbute;0.03;À retraiter;0.0;0.0;1.0;Termes archaïques en français
beauce;0.03;À retraiter;0.0;0.0;1.0;Termes archaïques en français
beausse;0.03;À retraiter;0.0;0.0;1.0;Termes archaïques en français
bestail;0.03;À retraiter;0.0;0.0;1.0;Termes archaïques en français
beste;0.03;À retraiter;0.0;0.0;1.0;Termes archaïques en français
bestise;0.03;À retraiter;0.0;0.0;1.0;Termes archaïques en français
beûrre;0.03;À retraiter;0.0;0.0;1.0;Termes archaïques en français
bibliotheque;0.03;À retraiter;0.0;0.0;1.0;Termes archaïques en français
bibliotheques;0.03;À retraiter;0.0;0.0;1.0;Termes archaïques en français
bicêtre;0.03;À retraiter;0.0;0.0;1.0;Termes archaïques en français
binet;0.03;À retraiter;0.0;0.0;1.0;Termes archaïques en français
biophobie;0.03;À retraiter;0.0;0.0;1.0;Termes archaïques en français
bisaille;0.03;À retraiter;0.0;0.0;1.0;Termes archaïques en français
bisquière;0.03;À retraiter;0.0;0.0;1.0;Termes archaïques en français
blancheastre;0.03;À retraiter;0.0;0.0;1.0;Termes archaïques en français
blasmeront;0.03;À retraiter;0.0;0.0;1.0;Termes archaïques en français
blasphématresse;0.03;À retraiter;0.0;0.0;1.0;Termes archaïques en français
blesme;0.03;À retraiter;0.0;0.0;1.0;Termes archaïques en français
blesmir;0.03;À retraiter;0.0;0.0;1.0;Termes archaïques en français
bleüastre;0.03;À retraiter;0.0;0.0;1.0;Termes archaïques en français
bleüe;0.03;À retraiter;0.0;0.0;1.0;Termes archaïques en français
bobelineur;0.03;À retraiter;0.0;0.0;1.0;Termes archaïques en français
boucaille;0.03;À retraiter;0.0;0.0;1.0;Termes archaïques en français
bouin;0.03;À retraiter;0.0;0.0;1.0;Termes archaïques en français
bouscassier;0.03;À retraiter;0.0;0.0;1.0;Termes archaïques en français
bril;0.03;À retraiter;0.0;0.0;1.0;Termes archaïques en français
brusler;0.03;À retraiter;0.0;0.0;1.0;Termes archaïques en français
bœotien;0.03;À retraiter;0.0;0.0;1.0;Termes archaïques en français
caffé;0.03;À retraiter;0.0;0.0;1.0;Termes archaïques en français
calcarifère;0.03;À retraiter;0.0;0.0;1.0;Termes archaïques en français
canardier;0.03;À retraiter;0.0;0.0;1.0;Termes archaïques en français
caniard;0.03;À retraiter;0.0;0.0;1.0;Termes archaïques en français
caniart;0.03;À retraiter;0.0;0.0;1.0;Termes archaïques en français
canjard;0.03;À retraiter;0.0;0.0;1.0;Termes archaïques en français
caprimulge;0.03;À retraiter;0.0;0.0;1.0;Termes archaïques en français
caractere;0.03;À retraiter;0.0;0.0;1.0;Termes archaïques en français
caramboller;0.03;À retraiter;0.0;0.0;1.0;Termes archaïques en français
carosse;0.03;À retraiter;0.0;0.0;1.0;Termes archaïques en français
carriere;0.03;À retraiter;0.0;0.0;1.0;Termes archaïques en français
carriére;0.03;À retraiter;0.0;0.0;1.0;Termes archaïques en français
cautere;0.03;À retraiter;0.0;0.0;1.0;Termes archaïques en français
cecy;0.03;À retraiter;0.0;0.0;1.0;Termes archaïques en français
cephalæe;0.03;À retraiter;0.0;0.0;1.0;Termes archaïques en français
champestre;0.03;À retraiter;0.0;0.0;1.0;Termes archaïques en français
chamæleon;0.03;À retraiter;0.0;0.0;1.0;Termes archaïques en français
chamæléon;0.03;À retraiter;0.0;0.0;1.0;Termes archaïques en français
charactère;0.03;À retraiter;0.0;0.0;1.0;Termes archaïques en français
chastaigne;0.03;À retraiter;0.0;0.0;1.0;Termes archaïques en français
chastaigner;0.03;À retraiter;0.0;0.0;1.0;Termes archaïques en français
chastaignier;0.03;À retraiter;0.0;0.0;1.0;Termes archaïques en français
chastain;0.03;À retraiter;0.0;0.0;1.0;Termes archaïques en français
chasteau;0.03;À retraiter;0.0;0.0;1.0;Termes archaïques en français
chastet;0.03;À retraiter;0.0;0.0;1.0;Termes archaïques en français
chastier;0.03;À retraiter;0.0;0.0;1.0;Termes archaïques en français
chastiment;0.03;À retraiter;0.0;0.0;1.0;Termes archaïques en français
chattemitesse;0.03;À retraiter;0.0;0.0;1.0;Termes archaïques en français
chevaleresse;0.03;À retraiter;0.0;0.0;1.0;Termes archaïques en français
chevre;0.03;À retraiter;0.0;0.0;1.0;Termes archaïques en français
chevres;0.03;À retraiter;0.0;0.0;1.0;Termes archaïques en français
chite;0.03;À retraiter;0.0;0.0;1.0;Termes archaïques en français
chymie;0.03;À retraiter;0.0;0.0;1.0;Termes archaïques en français
chymies;0.03;À retraiter;0.0;0.0;1.0;Termes archaïques en français
cilindre;0.03;À retraiter;0.0;0.0;1.0;Termes archaïques en français
cilindrique;0.03;À retraiter;0.0;0.0;1.0;Termes archaïques en français
cisellement;0.03;À retraiter;0.0;0.0;1.0;Termes archaïques en français
citharœde;0.03;À retraiter;0.0;0.0;1.0;Termes archaïques en français
civilement;0.03;À retraiter;0.0;0.0;1.0;Termes archaïques en français
cliséomètre;0.03;À retraiter;0.0;0.0;1.0;Termes archaïques en français
cloistre;0.03;À retraiter;0.0;0.0;1.0;Termes archaïques en français
clouaison;0.03;À retraiter;0.0;0.0;1.0;Termes archaïques en français
cloux;0.03;À retraiter;0.0;0.0;1.0;Termes archaïques en français
clouz;0.03;À retraiter;0.0;0.0;1.0;Termes archaïques en français
cognoistre;0.03;À retraiter;0.0;0.0;1.0;Termes archaïques en français
cohæsion;0.03;À retraiter;0.0;0.0;1.0;Termes archaïques en français
coie;0.03;À retraiter;0.0;0.0;1.0;Termes archaïques en français
coies;0.03;À retraiter;0.0;0.0;1.0;Termes archaïques en français
coife;0.03;À retraiter;0.0;0.0;1.0;Termes archaïques en français
coindication;0.03;À retraiter;0.0;0.0;1.0;Termes archaïques en français
cois;0.03;À retraiter;0.0;0.0;1.0;Termes archaïques en français
colonelle;0.03;À retraiter;0.0;0.0;1.0;Termes archaïques en français
compain;0.03;À retraiter;0.0;0.0;1.0;Termes archaïques en français
compaing;0.03;À retraiter;0.0;0.0;1.0;Termes archaïques en français
comœdie;0.03;À retraiter;0.0;0.0;1.0;Termes archaïques en français
confœderation;0.03;À retraiter;0.0;0.0;1.0;Termes archaïques en français
connoist;0.03;À retraiter;0.0;0.0;1.0;Termes archaïques en français
connoistre;0.03;À retraiter;0.0;0.0;1.0;Termes archaïques en français
consoloit;0.03;À retraiter;0.0;0.0;1.0;Termes archaïques en français
contractation;0.03;À retraiter;0.0;0.0;1.0;Termes archaïques en français
conviendroit;0.03;À retraiter;0.0;0.0;1.0;Termes archaïques en français
cophin;0.03;À retraiter;0.0;0.0;1.0;Termes archaïques en français
coquotte;0.03;À retraiter;0.0;0.0;1.0;Termes archaïques en français
corlieu;0.03;À retraiter;0.0;0.0;1.0;Termes archaïques en français
coronel;0.03;À retraiter;0.0;0.0;1.0;Termes archaïques en français
coste;0.03;À retraiter;0.0;0.0;1.0;Termes archaïques en français
costé;0.03;À retraiter;0.0;0.0;1.0;Termes archaïques en français
coupille;0.03;À retraiter;0.0;0.0;1.0;Termes archaïques en français
couroyer;0.03;À retraiter;0.0;0.0;1.0;Termes archaïques en français
courtisanne;0.03;À retraiter;0.0;0.0;1.0;Termes archaïques en français
coëfe;0.03;À retraiter;0.0;0.0;1.0;Termes archaïques en français
coëfer;0.03;À retraiter;0.0;0.0;1.0;Termes archaïques en français
coëffe;0.03;À retraiter;0.0;0.0;1.0;Termes archaïques en français
coëffer;0.03;À retraiter;0.0;0.0;1.0;Termes archaïques en français
coëffure;0.03;À retraiter;0.0;0.0;1.0;Termes archaïques en français
coîffe;0.03;À retraiter;0.0;0.0;1.0;Termes archaïques en français
coûtance;0.03;À retraiter;0.0;0.0;1.0;Termes archaïques en français
coûtume;0.03;À retraiter;0.0;0.0;1.0;Termes archaïques en français
cramailler;0.03;À retraiter;0.0;0.0;1.0;Termes archaïques en français
crapau;0.03;À retraiter;0.0;0.0;1.0;Termes archaïques en français
crespeler;0.03;À retraiter;0.0;0.0;1.0;Termes archaïques en français
crespelure;0.03;À retraiter;0.0;0.0;1.0;Termes archaïques en français
crespé;0.03;À retraiter;0.0;0.0;1.0;Termes archaïques en français
croyent;0.03;À retraiter;0.0;0.0;1.0;Termes archaïques en français
croyois;0.03;À retraiter;0.0;0.0;1.0;Termes archaïques en français
croïent;0.03;À retraiter;0.0;0.0;1.0;Termes archaïques en français
cryptique;0.03;À retraiter;0.0;1.0;0.5;Termes soutenus en français
crîra;0.03;À retraiter;0.0;0.0;1.0;Termes archaïques en français
crîrons;0.03;À retraiter;0.0;0.0;1.0;Termes archaïques en français
crîront;0.03;À retraiter;0.0;0.0;1.0;Termes archaïques en français
cullerier;0.03;À retraiter;0.0;0.0;1.0;Termes archaïques en français
cæcité;0.03;À retraiter;0.0;0.0;1.0;Termes archaïques en français
cæleste;0.03;À retraiter;0.0;0.0;1.0;Termes archaïques en français
cœmetiere;0.03;À retraiter;0.0;0.0;1.0;Termes archaïques en français
cœmetière;0.03;À retraiter;0.0;0.0;1.0;Termes archaïques en français
dahoméen;0.03;À retraiter;0.0;0.0;1.0;Termes archaïques en français
danqueulle;0.03;À retraiter;0.0;0.0;1.0;Termes archaïques en français
danseresse;0.03;À retraiter;0.0;0.0;1.0;Termes archaïques en français
dardanaire;0.03;À retraiter;0.0;0.0;1.0;Termes archaïques en français
degast;0.03;À retraiter;0.0;0.0;1.0;Termes archaïques en français
demoiselle;0.03;À retraiter;0.0;0.0;1.0;Termes archaïques en français
demonstrer;0.03;À retraiter;0.0;0.0;1.0;Termes archaïques en français
desgoust;0.03;À retraiter;0.0;0.0;1.0;Termes archaïques en français
desgouster;0.03;À retraiter;0.0;0.0;1.0;Termes archaïques en français
deshonneste;0.03;À retraiter;0.0;0.0;1.0;Termes archaïques en français
deshonnestement;0.03;À retraiter;0.0;0.0;1.0;Termes archaïques en français
deshonnesteté;0.03;À retraiter;0.0;0.0;1.0;Termes archaïques en français
destinez;0.03;À retraiter;0.0;0.0;1.0;Termes archaïques en français
deutoxide;0.03;À retraiter;0.0;0.0;1.0;Termes archaïques en français
deutoxyde;0.03;À retraiter;0.0;0.0;1.0;Termes archaïques en français
devestir;0.03;À retraiter;0.0;0.0;1.0;Termes archaïques en français
devine;0.03;À retraiter;0.0;0.0;1.0;Termes archaïques en français
diarrhœe;0.03;À retraiter;0.0;0.0;1.0;Termes archaïques en français
diatomique;0.03;À retraiter;0.0;0.0;1.0;Termes archaïques en français
dictionaire;0.03;À retraiter;0.0;0.0;1.0;Termes archaïques en français
diroit;0.03;À retraiter;0.0;0.0;1.0;Termes archaïques en français
disabilité;0.03;À retraiter;0.0;0.0;1.0;Termes archaïques en français
discordial;0.03;À retraiter;0.0;0.0;1.0;Termes archaïques en français
disner;0.03;À retraiter;0.0;0.0;1.0;Termes archaïques en français
disoit;0.03;À retraiter;0.0;0.0;1.0;Termes archaïques en français
disparoitre;0.03;À retraiter;0.0;0.0;1.0;Termes archaïques en français
disparoître;0.03;À retraiter;0.0;0.0;1.0;Termes archaïques en français
diærese;0.03;À retraiter;0.0;0.0;1.0;Termes archaïques en français
diæte;0.03;À retraiter;0.0;0.0;1.0;Termes archaïques en français
diætetique;0.03;À retraiter;0.0;0.0;1.0;Termes archaïques en français
diætétique;0.03;À retraiter;0.0;0.0;1.0;Termes archaïques en français
diœcese;0.03;À retraiter;0.0;0.0;1.0;Termes archaïques en français
documens;0.03;À retraiter;0.0;0.0;1.0;Termes archaïques en français
dolmin;0.03;À retraiter;0.0;0.0;1.0;Termes archaïques en français
domta;0.03;À retraiter;0.0;0.0;1.0;Termes archaïques en français
domtai;0.03;À retraiter;0.0;0.0;1.0;Termes archaïques en français
domtaient;0.03;À retraiter;0.0;0.0;1.0;Termes archaïques en français
domtais;0.03;À retraiter;0.0;0.0;1.0;Termes archaïques en français
domtait;0.03;À retraiter;0.0;0.0;1.0;Termes archaïques en français
domtant;0.03;À retraiter;0.0;0.0;1.0;Termes archaïques en français
domtas;0.03;À retraiter;0.0;0.0;1.0;Termes archaïques en français
domtasse;0.03;À retraiter;0.0;0.0;1.0;Termes archaïques en français
domtassent;0.03;À retraiter;0.0;0.0;1.0;Termes archaïques en français
domtasses;0.03;À retraiter;0.0;0.0;1.0;Termes archaïques en français
domtassiez;0.03;À retraiter;0.0;0.0;1.0;Termes archaïques en français
domtassions;0.03;À retraiter;0.0;0.0;1.0;Termes archaïques en français
domte;0.03;À retraiter;0.0;0.0;1.0;Termes archaïques en français
domtent;0.03;À retraiter;0.0;0.0;1.0;Termes archaïques en français
domter;0.03;À retraiter;0.0;0.0;1.0;Termes archaïques en français
domtera;0.03;À retraiter;0.0;0.0;1.0;Termes archaïques en français
domterai;0.03;À retraiter;0.0;0.0;1.0;Termes archaïques en français
domteraient;0.03;À retraiter;0.0;0.0;1.0;Termes archaïques en français
domterais;0.03;À retraiter;0.0;0.0;1.0;Termes archaïques en français
domterait;0.03;À retraiter;0.0;0.0;1.0;Termes archaïques en français
domteras;0.03;À retraiter;0.0;0.0;1.0;Termes archaïques en français
domterez;0.03;À retraiter;0.0;0.0;1.0;Termes archaïques en français
domteriez;0.03;À retraiter;0.0;0.0;1.0;Termes archaïques en français
domterions;0.03;À retraiter;0.0;0.0;1.0;Termes archaïques en français
domterons;0.03;À retraiter;0.0;0.0;1.0;Termes archaïques en français
domteront;0.03;À retraiter;0.0;0.0;1.0;Termes archaïques en français
domtes;0.03;À retraiter;0.0;0.0;1.0;Termes archaïques en français
domtez;0.03;À retraiter;0.0;0.0;1.0;Termes archaïques en français
domtiez;0.03;À retraiter;0.0;0.0;1.0;Termes archaïques en français
domtions;0.03;À retraiter;0.0;0.0;1.0;Termes archaïques en français
domtâmes;0.03;À retraiter;0.0;0.0;1.0;Termes archaïques en français
domtât;0.03;À retraiter;0.0;0.0;1.0;Termes archaïques en français
domtâtes;0.03;À retraiter;0.0;0.0;1.0;Termes archaïques en français
domtèrent;0.03;À retraiter;0.0;0.0;1.0;Termes archaïques en français
domté;0.03;À retraiter;0.0;0.0;1.0;Termes archaïques en français
donillage;0.03;À retraiter;0.0;0.0;1.0;Termes archaïques en français
donilleux;0.03;À retraiter;0.0;0.0;1.0;Termes archaïques en français
dormoit;0.03;À retraiter;0.0;0.0;1.0;Termes archaïques en français
dossage;0.03;À retraiter;0.0;0.0;1.0;Termes archaïques en français
doubte;0.03;À retraiter;0.0;0.0;1.0;Termes archaïques en français
drolle;0.03;À retraiter;0.0;0.0;1.0;Termes archaïques en français
drosle;0.03;À retraiter;0.0;0.0;1.0;Termes archaïques en français
duement;0.03;À retraiter;0.0;0.0;1.0;Termes archaïques en français
dvornik;0.03;À retraiter;0.0;0.0;1.0;Termes archaïques en français
dyspnœe;0.03;À retraiter;0.0;0.0;1.0;Termes archaïques en français
dysæsthésie;0.03;À retraiter;0.0;0.0;1.0;Termes archaïques en français
dæmon;0.03;À retraiter;0.0;0.0;1.0;Termes archaïques en français
défioient;0.03;À retraiter;0.0;0.0;1.0;Termes archaïques en français
dégouziller;0.03;À retraiter;0.0;0.0;1.0;Termes archaïques en français
déjeusner;0.03;À retraiter;0.0;0.0;1.0;Termes archaïques en français
délot;0.03;À retraiter;0.0;0.0;1.0;Termes archaïques en français
dépost;0.03;À retraiter;0.0;0.0;1.0;Termes archaïques en français
dés;0.03;À retraiter;0.0;0.0;1.0;Termes archaïques en français
déthroner;0.03;À retraiter;0.0;0.0;1.0;Termes archaïques en français
détrenché;0.03;À retraiter;0.0;0.0;1.0;Termes archaïques en français
dîmeur;0.03;À retraiter;0.0;0.0;1.0;Termes archaïques en français
ectique;0.03;À retraiter;0.0;0.0;1.0;Termes archaïques en français
ectiques;0.03;À retraiter;0.0;0.0;1.0;Termes archaïques en français
embroquement;0.03;À retraiter;0.0;0.0;1.0;Termes archaïques en français
embucquer;0.03;À retraiter;0.0;0.0;1.0;Termes archaïques en français
empescher;0.03;À retraiter;0.0;0.0;1.0;Termes archaïques en français
encensière;0.03;À retraiter;0.0;0.0;1.0;Termes archaïques en français
encyclopædie;0.03;À retraiter;0.0;0.0;1.0;Termes archaïques en français
enfoirer;0.03;À retraiter;0.0;0.0;1.0;Termes archaïques en français
engendration;0.03;À retraiter;0.0;0.0;1.0;Termes archaïques en français
entestement;0.03;À retraiter;0.0;0.0;1.0;Termes archaïques en français
entester;0.03;À retraiter;0.0;0.0;1.0;Termes archaïques en français
entretènement;0.03;À retraiter;0.0;0.0;1.0;Termes archaïques en français
envoierai;0.03;À retraiter;0.0;0.0;1.0;Termes archaïques en français
envoye;0.03;À retraiter;0.0;0.0;1.0;Termes archaïques en français
errable;0.03;À retraiter;0.0;0.0;1.0;Termes archaïques en français
erronné;0.03;À retraiter;0.0;0.0;1.0;Termes archaïques en français
escharre;0.03;À retraiter;0.0;0.0;1.0;Termes archaïques en français
eschauffer;0.03;À retraiter;0.0;0.0;1.0;Termes archaïques en français
escheoir;0.03;À retraiter;0.0;0.0;1.0;Termes archaïques en français
eschoir;0.03;À retraiter;0.0;0.0;1.0;Termes archaïques en français
esclop;0.03;À retraiter;0.0;0.0;1.0;Termes archaïques en français
escorce;0.03;À retraiter;0.0;0.0;1.0;Termes archaïques en français
escorcher;0.03;À retraiter;0.0;0.0;1.0;Termes archaïques en français
escriture;0.03;À retraiter;0.0;0.0;1.0;Termes archaïques en français
esgallement;0.03;À retraiter;0.0;0.0;1.0;Termes archaïques en français
esjouir;0.03;À retraiter;0.0;0.0;1.0;Termes archaïques en français
establir;0.03;À retraiter;0.0;0.0;1.0;Termes archaïques en français
estang;0.03;À retraiter;0.0;0.0;1.0;Termes archaïques en français
estendre;0.03;À retraiter;0.0;0.0;1.0;Termes archaïques en français
esternument;0.03;À retraiter;0.0;0.0;1.0;Termes archaïques en français
esternuëment;0.03;À retraiter;0.0;0.0;1.0;Termes archaïques en français
esternûment;0.03;À retraiter;0.0;0.0;1.0;Termes archaïques en français
estiez;0.03;À retraiter;0.0;0.0;1.0;Termes archaïques en français
estoffe;0.03;À retraiter;0.0;0.0;1.0;Termes archaïques en français
estomach;0.03;À retraiter;0.0;0.0;1.0;Termes archaïques en français
estonner;0.03;À retraiter;0.0;0.0;1.0;Termes archaïques en français
estre;0.03;À retraiter;0.0;0.0;1.0;Termes archaïques en français
eternument;0.03;À retraiter;0.0;0.0;1.0;Termes archaïques en français
exactinio;0.03;À retraiter;0.0;0.0;1.0;Termes archaïques en français
excluse;0.03;À retraiter;0.0;0.0;1.0;Termes archaïques en français
excusation;0.03;À retraiter;0.0;0.0;1.0;Termes archaïques en français
exhortoit;0.03;À retraiter;0.0;0.0;1.0;Termes archaïques en français
exradio;0.03;À retraiter;0.0;0.0;1.0;Termes archaïques en français
exthorio;0.03;À retraiter;0.0;0.0;1.0;Termes archaïques en français
faict;0.03;À retraiter;0.0;0.0;1.0;Termes archaïques en français
failloit;0.03;À retraiter;0.0;0.0;1.0;Termes archaïques en français
faiz;0.03;À retraiter;0.0;0.0;1.0;Termes archaïques en français
falloit;0.03;À retraiter;0.0;0.0;1.0;Termes archaïques en français
fascher;0.03;À retraiter;0.0;0.0;1.0;Termes archaïques en français
fascheux;0.03;À retraiter;0.0;0.0;1.0;Termes archaïques en français
faulx;0.03;À retraiter;0.0;0.0;1.0;Termes archaïques en français
fenestre;0.03;À retraiter;0.0;0.0;1.0;Termes archaïques en français
feuillans;0.03;À retraiter;0.0;0.0;1.0;Termes archaïques en français
feüille;0.03;À retraiter;0.0;0.0;1.0;Termes archaïques en français
fidellement;0.03;À retraiter;0.0;0.0;1.0;Termes archaïques en français
fierton;0.03;À retraiter;0.0;0.0;1.0;Termes archaïques en français
filatier;0.03;À retraiter;0.0;0.0;1.0;Termes archaïques en français
filatière;0.03;À retraiter;0.0;0.0;1.0;Termes archaïques en français
fimbrié;0.03;À retraiter;0.0;0.0;1.0;Termes archaïques en français
finyr;0.03;À retraiter;0.0;0.0;1.0;Termes archaïques en français
flesche;0.03;À retraiter;0.0;0.0;1.0;Termes archaïques en français
fluent;0.03;À retraiter;0.0;0.0;1.0;Termes archaïques en français
fluir;0.03;À retraiter;0.0;0.0;1.0;Termes archaïques en français
fluë;0.03;À retraiter;0.0;0.0;1.0;Termes archaïques en français
fléche;0.03;À retraiter;0.0;0.0;1.0;Termes archaïques en français
fonduë;0.03;À retraiter;0.0;0.0;1.0;Termes archaïques en français
forest;0.03;À retraiter;0.0;0.0;1.0;Termes archaïques en français
fornage;0.03;À retraiter;0.0;0.0;1.0;Termes archaïques en français
fraische;0.03;À retraiter;0.0;0.0;1.0;Termes archaïques en français
freindre;0.03;À retraiter;0.0;0.0;1.0;Termes archaïques en français
fripperie;0.03;À retraiter;0.0;0.0;1.0;Termes archaïques en français
frippier;0.03;À retraiter;0.0;0.0;1.0;Termes archaïques en français
fus;0.03;À retraiter;0.0;0.0;1.0;Termes archaïques en français
fust;0.03;À retraiter;0.0;0.0;1.0;Termes archaïques en français
fustaie;0.03;À retraiter;0.0;0.0;1.0;Termes archaïques en français
fæcal;0.03;À retraiter;0.0;0.0;1.0;Termes archaïques en français
fæces;0.03;À retraiter;0.0;0.0;1.0;Termes archaïques en français
fœderal;0.03;À retraiter;0.0;0.0;1.0;Termes archaïques en français
fœderale;0.03;À retraiter;0.0;0.0;1.0;Termes archaïques en français
fœderales;0.03;À retraiter;0.0;0.0;1.0;Termes archaïques en français
fœderation;0.03;À retraiter;0.0;0.0;1.0;Termes archaïques en français
fœderaux;0.03;À retraiter;0.0;0.0;1.0;Termes archaïques en français
fœdité;0.03;À retraiter;0.0;0.0;1.0;Termes archaïques en français
gabelant;0.03;À retraiter;0.0;0.0;1.0;Termes archaïques en français
galete;0.03;À retraiter;0.0;0.0;1.0;Termes archaïques en français
gangræne;0.03;À retraiter;0.0;0.0;1.0;Termes archaïques en français
gaye;0.03;À retraiter;0.0;0.0;1.0;Termes archaïques en français
gayes;0.03;À retraiter;0.0;0.0;1.0;Termes archaïques en français
gays;0.03;À retraiter;0.0;0.0;1.0;Termes archaïques en français
geodæsie;0.03;À retraiter;0.0;0.0;1.0;Termes archaïques en français
gerberie;0.03;À retraiter;0.0;0.0;1.0;Termes archaïques en français
gerrai;0.03;À retraiter;0.0;0.0;1.0;Termes archaïques en français
gerras;0.03;À retraiter;0.0;0.0;1.0;Termes archaïques en français
gerray;0.03;À retraiter;0.0;0.0;1.0;Termes archaïques en français
ghiaber;0.03;À retraiter;0.0;0.0;1.0;Termes archaïques en français
glaineur;0.03;À retraiter;0.0;0.0;1.0;Termes archaïques en français
glaineuse;0.03;À retraiter;0.0;0.0;1.0;Termes archaïques en français
gonorrhœe;0.03;À retraiter;0.0;0.0;1.0;Termes archaïques en français
goust;0.03;À retraiter;0.0;0.0;1.0;Termes archaïques en français
gouster;0.03;À retraiter;0.0;0.0;1.0;Termes archaïques en français
goute;0.03;À retraiter;0.0;0.0;1.0;Termes archaïques en français
goutelette;0.03;À retraiter;0.0;0.0;1.0;Termes archaïques en français
goï;0.03;À retraiter;0.0;0.0;1.0;Termes archaïques en français
grans;0.03;À retraiter;0.0;0.0;1.0;Termes archaïques en français
grapignan;0.03;À retraiter;0.0;0.0;1.0;Termes archaïques en français
graveure;0.03;À retraiter;0.0;0.0;1.0;Termes archaïques en français
gravûre;0.03;À retraiter;0.0;0.0;1.0;Termes archaïques en français
gresler;0.03;À retraiter;0.0;0.0;1.0;Termes archaïques en français
grisard;0.03;À retraiter;0.0;0.0;1.0;Termes archaïques en français
grollerie;0.03;À retraiter;0.0;0.0;1.0;Termes archaïques en français
græc;0.03;À retraiter;0.0;0.0;1.0;Termes archaïques en français
guespe;0.03;À retraiter;0.0;0.0;1.0;Termes archaïques en français
guillée;0.03;À retraiter;0.0;0.0;1.0;Termes archaïques en français
guérillère;0.03;À retraiter;0.0;0.0;1.0;Termes archaïques en français
gynæcocratie;0.03;À retraiter;0.0;0.0;1.0;Termes archaïques en français
gynæcologie;0.03;À retraiter;0.0;0.0;1.0;Termes archaïques en français
gynæcologique;0.03;À retraiter;0.0;0.0;1.0;Termes archaïques en français
gynæconome;0.03;À retraiter;0.0;0.0;1.0;Termes archaïques en français
génitoires;0.03;À retraiter;0.0;0.0;1.0;Termes archaïques en français
ha;0.03;Intermédiaire;2.73;3.47;0.19;Termes archaïques en français
hai;0.03;À retraiter;0.0;0.0;1.0;Termes archaïques en français
haillette;0.03;À retraiter;0.0;0.0;1.0;Termes archaïques en français
harpailler;0.03;À retraiter;0.0;0.0;1.0;Termes archaïques en français
harpion;0.03;À retraiter;0.0;0.0;1.0;Termes archaïques en français
haster;0.03;À retraiter;0.0;0.0;1.0;Termes archaïques en français
hastif;0.03;À retraiter;0.0;0.0;1.0;Termes archaïques en français
hastivement;0.03;À retraiter;0.0;0.0;1.0;Termes archaïques en français
havoir;0.03;À retraiter;0.0;0.0;1.0;Termes archaïques en français
haytien;0.03;À retraiter;0.0;0.0;1.0;Termes archaïques en français
hazard;0.03;À retraiter;0.0;0.0;1.0;Termes archaïques en français
hemisphære;0.03;À retraiter;0.0;0.0;1.0;Termes archaïques en français
hermitesse;0.03;À retraiter;0.0;0.0;1.0;Termes archaïques en français
herpaille;0.03;À retraiter;0.0;0.0;1.0;Termes archaïques en français
hespagnol;0.03;À retraiter;0.0;0.0;1.0;Termes archaïques en français
honneste;0.03;À retraiter;0.0;0.0;1.0;Termes archaïques en français
honnestement;0.03;À retraiter;0.0;0.0;1.0;Termes archaïques en français
honnesteté;0.03;À retraiter;0.0;0.0;1.0;Termes archaïques en français
hospital;0.03;À retraiter;0.0;0.0;1.0;Termes archaïques en français
houzée;0.03;À retraiter;0.0;0.0;1.0;Termes archaïques en français
huitante;0.03;À retraiter;0.0;0.0;1.0;Termes archaïques en français
hydromèle;0.03;À retraiter;0.0;0.0;1.0;Termes archaïques en français
hypæthre;0.03;À retraiter;0.0;0.0;1.0;Termes archaïques en français
hyver;0.03;À retraiter;0.0;0.0;1.0;Termes archaïques en français
hyæne;0.03;À retraiter;0.0;0.0;1.0;Termes archaïques en français
hyéroglyphe;0.03;À retraiter;0.0;0.0;1.0;Termes archaïques en français
hæmatose;0.03;À retraiter;0.0;0.0;1.0;Termes archaïques en français
hæmaturie;0.03;À retraiter;0.0;0.0;1.0;Termes archaïques en français
hæmorrhagie;0.03;À retraiter;0.0;0.0;1.0;Termes archaïques en français
hæresie;0.03;À retraiter;0.0;0.0;1.0;Termes archaïques en français
hæretique;0.03;À retraiter;0.0;0.0;1.0;Termes archaïques en français
hæsiter;0.03;À retraiter;0.0;0.0;1.0;Termes archaïques en français
héez;0.03;À retraiter;0.0;0.0;1.0;Termes archaïques en français
hémétique;0.03;À retraiter;0.0;0.0;1.0;Termes archaïques en français
idolâtresse;0.03;À retraiter;0.0;0.0;1.0;Termes archaïques en français
ignoroit;0.03;À retraiter;0.0;0.0;1.0;Termes archaïques en français
illèse;0.03;À retraiter;0.0;0.0;1.0;Termes archaïques en français
inclément;0.03;À retraiter;0.0;1.3;0.33;Termes soutenus en français
infundibuliforme;0.03;À retraiter;0.0;0.0;1.0;Termes archaïques en français
ingéniaire;0.03;À retraiter;0.0;0.0;1.0;Termes archaïques en français
inhæsion;0.03;À retraiter;0.0;0.0;1.0;Termes archaïques en français
instrumens;0.03;À retraiter;0.0;0.0;1.0;Termes archaïques en français
interressant;0.03;À retraiter;0.0;0.0;1.0;Termes archaïques en français
intêret;0.03;À retraiter;0.0;0.0;1.0;Termes archaïques en français
invocateresse;0.03;À retraiter;0.0;0.0;1.0;Termes archaïques en français
inægalité;0.03;À retraiter;0.0;0.0;1.0;Termes archaïques en français
irrésoluble;0.03;À retraiter;0.0;0.0;1.0;Termes archaïques en français
isle;0.03;À retraiter;0.0;0.0;1.0;Termes archaïques en français
içi;0.03;À retraiter;0.0;0.0;1.0;Termes archaïques en français
jaquerie;0.03;À retraiter;0.0;0.0;1.0;Termes archaïques en français
jardu;0.03;À retraiter;0.0;0.0;1.0;Termes archaïques en français
jaunastre;0.03;À retraiter;0.0;0.0;1.0;Termes archaïques en français
jetter;0.03;À retraiter;0.0;0.0;1.0;Termes archaïques en français
joye;0.03;À retraiter;0.0;0.0;1.0;Termes archaïques en français
joûra;0.03;À retraiter;0.0;0.0;1.0;Termes archaïques en français
jubis;0.03;À retraiter;0.0;0.0;1.0;Termes archaïques en français
kabaïl;0.03;À retraiter;0.0;0.0;1.0;Termes archaïques en français
kanguroo;0.03;À retraiter;0.0;0.0;1.0;Termes archaïques en français
kermès;0.03;À retraiter;0.0;0.0;1.0;Termes archaïques en français
lacquais;0.03;À retraiter;0.0;0.0;1.0;Termes archaïques en français
lasche;0.03;À retraiter;0.0;0.0;1.0;Termes archaïques en français
lascher;0.03;À retraiter;0.0;0.0;1.0;Termes archaïques en français
lascheté;0.03;À retraiter;0.0;0.0;1.0;Termes archaïques en français
lez;0.03;À retraiter;0.0;0.0;1.0;Termes archaïques en français
libertez;0.03;À retraiter;0.0;0.0;1.0;Termes archaïques en français
libertés;0.03;À retraiter;0.0;0.0;1.0;Termes archaïques en français
lieutenande;0.03;À retraiter;0.0;0.0;1.0;Termes archaïques en français
limphe;0.03;À retraiter;0.0;0.0;1.0;Termes archaïques en français
logiste;0.03;À retraiter;0.0;0.0;1.0;Termes archaïques en français
loix;0.03;À retraiter;0.0;0.0;1.0;Termes archaïques en français
longævité;0.03;À retraiter;0.0;0.0;1.0;Termes archaïques en français
lonine;0.03;À retraiter;0.0;0.0;1.0;Termes archaïques en français
loy;0.03;À retraiter;0.0;0.0;1.0;Termes archaïques en français
loys;0.03;À retraiter;0.0;0.0;1.0;Termes archaïques en français
lumiere;0.03;À retraiter;0.0;0.0;1.0;Termes archaïques en français
lycantropie;0.03;À retraiter;0.0;0.0;1.0;Termes archaïques en français
lycopode;0.03;À retraiter;0.0;0.0;1.0;Termes archaïques en français
læsion;0.03;À retraiter;0.0;0.0;1.0;Termes archaïques en français
lævogyre;0.03;À retraiter;0.0;0.0;1.0;Termes archaïques en français
lævorotatoire;0.03;À retraiter;0.0;0.0;1.0;Termes archaïques en français
lônine;0.03;À retraiter;0.0;0.0;1.0;Termes archaïques en français
macellier;0.03;À retraiter;0.0;0.0;1.0;Termes archaïques en français
macroglosse;0.03;À retraiter;0.0;0.0;1.0;Termes archaïques en français
madagasse;0.03;À retraiter;0.0;0.0;1.0;Termes archaïques en français
madécasse;0.03;À retraiter;0.0;0.0;1.0;Termes archaïques en français
madégasse;0.03;À retraiter;0.0;0.0;1.0;Termes archaïques en français
magazin;0.03;À retraiter;0.0;0.0;1.0;Termes archaïques en français
maishui;0.03;À retraiter;0.0;0.0;1.0;Termes archaïques en français
malay;0.03;À retraiter;0.0;0.0;1.0;Termes archaïques en français
malhonneste;0.03;À retraiter;0.0;0.0;1.0;Termes archaïques en français
malhonnestement;0.03;À retraiter;0.0;0.0;1.0;Termes archaïques en français
malhonnesteté;0.03;À retraiter;0.0;0.0;1.0;Termes archaïques en français
maniment;0.03;À retraiter;0.0;0.0;1.0;Termes archaïques en français
manîment;0.03;À retraiter;0.0;0.0;1.0;Termes archaïques en français
maraine;0.03;À retraiter;0.0;0.0;1.0;Termes archaïques en français
maraut;0.03;À retraiter;0.0;0.0;1.0;Termes archaïques en français
marauts;0.03;À retraiter;0.0;0.0;1.0;Termes archaïques en français
marengote;0.03;À retraiter;0.0;0.0;1.0;Termes archaïques en français
marengotte;0.03;À retraiter;0.0;0.0;1.0;Termes archaïques en français
marer;0.03;À retraiter;0.0;0.0;1.0;Termes archaïques en français
matrône;0.03;À retraiter;0.0;0.0;1.0;Termes archaïques en français
melancholie;0.03;À retraiter;0.0;0.0;1.0;Termes archaïques en français
melancolie;0.03;À retraiter;0.0;0.0;1.0;Termes archaïques en français
memoire;0.03;À retraiter;0.0;0.0;1.0;Termes archaïques en français
meslange;0.03;À retraiter;0.0;0.0;1.0;Termes archaïques en français
meslanger;0.03;À retraiter;0.0;0.0;1.0;Termes archaïques en français
mesler;0.03;À retraiter;0.0;0.0;1.0;Termes archaïques en français
meslée;0.03;À retraiter;0.0;0.0;1.0;Termes archaïques en français
mesme;0.03;À retraiter;0.0;0.0;1.0;Termes archaïques en français
metre;0.03;À retraiter;0.0;0.0;1.0;Termes archaïques en français
meure;0.03;À retraiter;0.0;0.0;1.0;Termes archaïques en français
meusnier;0.03;À retraiter;0.0;0.0;1.0;Termes archaïques en français
meûnier;0.03;À retraiter;0.0;0.0;1.0;Termes archaïques en français
millourt;0.03;À retraiter;0.0;0.0;1.0;Termes archaïques en français
ministral;0.03;À retraiter;0.0;0.0;1.0;Termes archaïques en français
mirailler;0.03;À retraiter;0.0;0.0;1.0;Termes archaïques en français
mon;0.03;À retraiter;0.0;0.0;1.0;Termes archaïques en français
monnoye;0.03;À retraiter;0.0;0.0;1.0;Termes archaïques en français
montain;0.03;À retraiter;0.0;0.0;1.0;Termes archaïques en français
mophète;0.03;À retraiter;0.0;0.0;1.0;Termes archaïques en français
morné;0.03;À retraiter;0.0;0.0;1.0;Termes archaïques en français
mourrir;0.03;À retraiter;0.0;0.0;1.0;Termes archaïques en français
moy;0.03;À retraiter;0.0;0.0;1.0;Termes archaïques en français
muleter;0.03;À retraiter;0.0;0.0;1.0;Termes archaïques en français
mundick;0.03;À retraiter;0.0;0.0;1.0;Termes archaïques en français
musaragne;0.03;À retraiter;0.0;0.0;1.0;Termes archaïques en français
mynheer;0.03;À retraiter;0.0;0.0;1.0;Termes archaïques en français
mæandre;0.03;À retraiter;0.0;0.0;1.0;Termes archaïques en français
méchanicien;0.03;À retraiter;0.0;0.0;1.0;Termes archaïques en français
méchanique;0.03;À retraiter;0.0;0.0;1.0;Termes archaïques en français
méger;0.03;À retraiter;0.0;0.0;1.0;Termes archaïques en français
mélancholie;0.03;À retraiter;0.0;0.0;1.0;Termes archaïques en français
ménestrier;0.03;À retraiter;0.0;0.0;1.0;Termes archaïques en français
méprisance;0.03;À retraiter;0.0;0.0;1.0;Termes archaïques en français
mûreté;0.03;À retraiter;0.0;0.0;1.0;Termes archaïques en français
naphthe;0.03;À retraiter;0.0;0.0;1.0;Termes archaïques en français
naphtène;0.03;À retraiter;0.0;0.0;1.0;Termes archaïques en français
natroïde;0.03;À retraiter;0.0;0.0;1.0;Termes archaïques en français
nettoyement;0.03;À retraiter;0.0;0.0;1.0;Termes archaïques en français
niagara;0.03;À retraiter;0.0;0.0;1.0;Termes archaïques en français
noirastre;0.03;À retraiter;0.0;0.0;1.0;Termes archaïques en français
noircisseure;0.03;À retraiter;0.0;0.0;1.0;Termes archaïques en français
noircisseures;0.03;À retraiter;0.0;0.0;1.0;Termes archaïques en français
nonante;0.03;À retraiter;0.0;0.0;1.0;Termes archaïques en français
nopces;0.03;À retraiter;0.0;0.0;1.0;Termes archaïques en français
nostre;0.03;À retraiter;0.0;0.0;1.0;Termes archaïques en français
nouveautez;0.03;À retraiter;0.0;0.0;1.0;Termes archaïques en français
nouër;0.03;À retraiter;0.0;0.0;1.0;Termes archaïques en français
obæré;0.03;À retraiter;0.0;0.0;1.0;Termes archaïques en français
occurence;0.03;À retraiter;0.0;0.0;1.0;Termes archaïques en français
offençant;0.03;À retraiter;0.0;0.0;1.0;Termes archaïques en français
oloir;0.03;À retraiter;0.0;0.0;1.0;Termes archaïques en français
ondain;0.03;À retraiter;0.0;0.0;1.0;Termes archaïques en français
ophthalmographie;0.03;À retraiter;0.0;0.0;1.0;Termes archaïques en français
opératrice;0.03;À retraiter;0.0;0.0;1.0;Termes archaïques en français
ordoncque;0.03;À retraiter;0.0;0.0;1.0;Termes archaïques en français
ordoncques;0.03;À retraiter;0.0;0.0;1.0;Termes archaïques en français
orloge;0.03;À retraiter;0.0;0.0;1.0;Termes archaïques en français
ormoie;0.03;À retraiter;0.0;0.0;1.0;Termes archaïques en français
orthopnœe;0.03;À retraiter;0.0;0.0;1.0;Termes archaïques en français
oster;0.03;À retraiter;0.0;0.0;1.0;Termes archaïques en français
oter;0.03;À retraiter;0.0;0.0;1.0;Termes archaïques en français
owerture;0.03;À retraiter;0.0;0.0;1.0;Termes archaïques en français
pact;0.03;À retraiter;0.0;0.0;1.0;Termes archaïques en français
palsambleu;0.03;À retraiter;0.0;0.0;1.0;Termes archaïques en français
palæographie;0.03;À retraiter;0.0;0.0;1.0;Termes archaïques en français
palæographique;0.03;À retraiter;0.0;0.0;1.0;Termes archaïques en français
palæologie;0.03;À retraiter;0.0;0.0;1.0;Termes archaïques en français
pancher;0.03;À retraiter;0.0;0.0;1.0;Termes archaïques en français
paroistre;0.03;À retraiter;0.0;0.0;1.0;Termes archaïques en français
particulierement;0.03;À retraiter;0.0;0.0;1.0;Termes archaïques en français
parænese;0.03;À retraiter;0.0;0.0;1.0;Termes archaïques en français
parænetique;0.03;À retraiter;0.0;0.0;1.0;Termes archaïques en français
pasle;0.03;À retraiter;0.0;0.0;1.0;Termes archaïques en français
pasleur;0.03;À retraiter;0.0;0.0;1.0;Termes archaïques en français
paslir;0.03;À retraiter;0.0;0.0;1.0;Termes archaïques en français
pasmer;0.03;À retraiter;0.0;0.0;1.0;Termes archaïques en français
pasmoison;0.03;À retraiter;0.0;0.0;1.0;Termes archaïques en français
paste;0.03;À retraiter;0.0;0.0;1.0;Termes archaïques en français
pasté;0.03;À retraiter;0.0;0.0;1.0;Termes archaïques en français
payen;0.03;À retraiter;0.0;0.0;1.0;Termes archaïques en français
payenne;0.03;À retraiter;0.0;0.0;1.0;Termes archaïques en français
payens;0.03;À retraiter;0.0;0.0;1.0;Termes archaïques en français
païennie;0.03;À retraiter;0.0;0.0;1.0;Termes archaïques en français
pensois;0.03;À retraiter;0.0;0.0;1.0;Termes archaïques en français
pentoufle;0.03;À retraiter;0.0;0.0;1.0;Termes archaïques en français
perinæe;0.03;À retraiter;0.0;0.0;1.0;Termes archaïques en français
perne;0.03;À retraiter;0.0;0.0;1.0;Termes archaïques en français
pertuisanier;0.03;À retraiter;0.0;0.0;1.0;Termes archaïques en français
pesche;0.03;À retraiter;0.0;0.0;1.0;Termes archaïques en français
pescher;0.03;À retraiter;0.0;0.0;1.0;Termes archaïques en français
pescheur;0.03;À retraiter;0.0;0.0;1.0;Termes archaïques en français
phanal;0.03;À retraiter;0.0;0.0;1.0;Termes archaïques en français
phantastique;0.03;À retraiter;0.0;0.0;1.0;Termes archaïques en français
pharmacopœe;0.03;À retraiter;0.0;0.0;1.0;Termes archaïques en français
philavtie;0.03;À retraiter;0.0;0.0;1.0;Termes archaïques en français
phthisie;0.03;À retraiter;0.0;0.0;1.0;Termes archaïques en français
phænomene;0.03;À retraiter;0.0;0.0;1.0;Termes archaïques en français
phœnicien;0.03;À retraiter;0.0;0.0;1.0;Termes archaïques en français
picquer;0.03;À retraiter;0.0;0.0;1.0;Termes archaïques en français
picqueure;0.03;À retraiter;0.0;0.0;1.0;Termes archaïques en français
pierrette;0.03;À retraiter;0.0;0.0;1.0;Termes archaïques en français
pioler;0.03;À retraiter;0.0;0.0;1.0;Termes archaïques en français
pipolé;0.03;À retraiter;0.0;0.0;1.0;Termes archaïques en français
piquans;0.03;À retraiter;0.0;0.0;1.0;Termes archaïques en français
piquure;0.03;À retraiter;0.0;0.0;1.0;Termes archaïques en français
pié;0.03;À retraiter;0.0;0.0;1.0;Termes archaïques en français
plaisable;0.03;À retraiter;0.0;0.0;1.0;Termes archaïques en français
plancheur;0.03;À retraiter;0.0;0.0;1.0;Termes archaïques en français
planetique;0.03;À retraiter;0.0;0.0;1.0;Termes archaïques en français
platin;0.03;À retraiter;0.0;0.0;1.0;Termes archaïques en français
platisme;0.03;À retraiter;0.0;0.0;1.0;Termes archaïques en français
playe;0.03;À retraiter;0.0;0.0;1.0;Termes archaïques en français
pluspart;0.03;À retraiter;0.0;0.0;1.0;Termes archaïques en français
plustost;0.03;À retraiter;0.0;0.0;1.0;Termes archaïques en français
pluye;0.03;À retraiter;0.0;0.0;1.0;Termes archaïques en français
plûpart;0.03;À retraiter;0.0;0.0;1.0;Termes archaïques en français
plûssent;0.03;À retraiter;0.0;0.0;1.0;Termes archaïques en français
plûtost;0.03;À retraiter;0.0;0.0;1.0;Termes archaïques en français
ponneresse;0.03;À retraiter;0.0;0.0;1.0;Termes archaïques en français
portugaisisme;0.03;À retraiter;0.0;0.0;1.0;Termes archaïques en français
portugallois;0.03;À retraiter;0.0;0.0;1.0;Termes archaïques en français
pourceque;0.03;À retraiter;0.0;0.0;1.0;Termes archaïques en français
pourque;0.03;À retraiter;0.0;0.0;1.0;Termes archaïques en français
poètride;0.03;À retraiter;0.0;0.0;1.0;Termes archaïques en français
poësie;0.03;À retraiter;0.0;0.0;1.0;Termes archaïques en français
poëtes;0.03;À retraiter;0.0;0.0;1.0;Termes archaïques en français
poëtesse;0.03;À retraiter;0.0;0.0;1.0;Termes archaïques en français
poëtiquement;0.03;À retraiter;0.0;0.0;1.0;Termes archaïques en français
poëtrice;0.03;À retraiter;0.0;0.0;1.0;Termes archaïques en français
premierement;0.03;À retraiter;0.0;0.0;1.0;Termes archaïques en français
prendroit;0.03;À retraiter;0.0;0.0;1.0;Termes archaïques en français
prest;0.03;À retraiter;0.0;0.0;1.0;Termes archaïques en français
preveu;0.03;À retraiter;0.0;0.0;1.0;Termes archaïques en français
prevoir;0.03;À retraiter;0.0;0.0;1.0;Termes archaïques en français
problême;0.03;À retraiter;0.0;0.0;1.0;Termes archaïques en français
proctodæum;0.03;À retraiter;0.0;0.0;1.0;Termes archaïques en français
promenois;0.03;À retraiter;0.0;0.0;1.0;Termes archaïques en français
proprieté;0.03;À retraiter;0.0;0.0;1.0;Termes archaïques en français
propræteur;0.03;À retraiter;0.0;0.0;1.0;Termes archaïques en français
prosopopœe;0.03;À retraiter;0.0;0.0;1.0;Termes archaïques en français
protoxide;0.03;À retraiter;0.0;0.0;1.0;Termes archaïques en français
protoxides;0.03;À retraiter;0.0;0.0;1.0;Termes archaïques en français
proye;0.03;À retraiter;0.0;0.0;1.0;Termes archaïques en français
præbende;0.03;À retraiter;0.0;0.0;1.0;Termes archaïques en français
præcedent;0.03;À retraiter;0.0;0.0;1.0;Termes archaïques en français
præceder;0.03;À retraiter;0.0;0.0;1.0;Termes archaïques en français
præcepte;0.03;À retraiter;0.0;0.0;1.0;Termes archaïques en français
præcepteur;0.03;À retraiter;0.0;0.0;1.0;Termes archaïques en français
præcipitation;0.03;À retraiter;0.0;0.0;1.0;Termes archaïques en français
prædecesseur;0.03;À retraiter;0.0;0.0;1.0;Termes archaïques en français
prædestination;0.03;À retraiter;0.0;0.0;1.0;Termes archaïques en français
prædiction;0.03;À retraiter;0.0;0.0;1.0;Termes archaïques en français
prædire;0.03;À retraiter;0.0;0.0;1.0;Termes archaïques en français
præface;0.03;À retraiter;0.0;0.0;1.0;Termes archaïques en français
præfect;0.03;À retraiter;0.0;0.0;1.0;Termes archaïques en français
præfecture;0.03;À retraiter;0.0;0.0;1.0;Termes archaïques en français
præferer;0.03;À retraiter;0.0;0.0;1.0;Termes archaïques en français
præjudice;0.03;À retraiter;0.0;0.0;1.0;Termes archaïques en français
præmunir;0.03;À retraiter;0.0;0.0;1.0;Termes archaïques en français
prænom;0.03;À retraiter;0.0;0.0;1.0;Termes archaïques en français
præposition;0.03;À retraiter;0.0;0.0;1.0;Termes archaïques en français
præsence;0.03;À retraiter;0.0;0.0;1.0;Termes archaïques en français
præsent;0.03;À retraiter;0.0;0.0;1.0;Termes archaïques en français
præsentement;0.03;À retraiter;0.0;0.0;1.0;Termes archaïques en français
præsenter;0.03;À retraiter;0.0;0.0;1.0;Termes archaïques en français
præsident;0.03;À retraiter;0.0;0.0;1.0;Termes archaïques en français
præsider;0.03;À retraiter;0.0;0.0;1.0;Termes archaïques en français
præsomption;0.03;À retraiter;0.0;0.0;1.0;Termes archaïques en français
præsomptueux;0.03;À retraiter;0.0;0.0;1.0;Termes archaïques en français
præster;0.03;À retraiter;0.0;0.0;1.0;Termes archaïques en français
præstige;0.03;À retraiter;0.0;0.0;1.0;Termes archaïques en français
præsumer;0.03;À retraiter;0.0;0.0;1.0;Termes archaïques en français
prætendre;0.03;À retraiter;0.0;0.0;1.0;Termes archaïques en français
præteur;0.03;À retraiter;0.0;0.0;1.0;Termes archaïques en français
prætexte;0.03;À retraiter;0.0;0.0;1.0;Termes archaïques en français
prégnante;0.03;À retraiter;0.0;0.0;1.0;Termes archaïques en français
préveu;0.03;À retraiter;0.0;0.0;1.0;Termes archaïques en français
pseaume;0.03;À retraiter;0.0;0.0;1.0;Termes archaïques en français
pseautier;0.03;À retraiter;0.0;0.0;1.0;Termes archaïques en français
puit;0.03;À retraiter;0.0;0.0;1.0;Termes archaïques en français
purent;0.03;À retraiter;0.0;0.0;1.0;Termes archaïques en français
put;0.03;À retraiter;0.0;0.0;1.0;Termes archaïques en français
pyrate;0.03;À retraiter;0.0;0.0;1.0;Termes archaïques en français
pædagogique;0.03;À retraiter;0.0;0.0;1.0;Termes archaïques en français
pædagogue;0.03;À retraiter;0.0;0.0;1.0;Termes archaïques en français
pæderastie;0.03;À retraiter;0.0;0.0;1.0;Termes archaïques en français
pædiatrie;0.03;À retraiter;0.0;0.0;1.0;Termes archaïques en français
pædiatrique;0.03;À retraiter;0.0;0.0;1.0;Termes archaïques en français
pût;0.03;À retraiter;0.0;0.0;1.0;Termes archaïques en français
pûtes;0.03;À retraiter;0.0;0.0;1.0;Termes archaïques en français
pœnal;0.03;À retraiter;0.0;0.0;1.0;Termes archaïques en français
pœnale;0.03;À retraiter;0.0;0.0;1.0;Termes archaïques en français
pœnales;0.03;À retraiter;0.0;0.0;1.0;Termes archaïques en français
pœnaux;0.03;À retraiter;0.0;0.0;1.0;Termes archaïques en français
pœne;0.03;À retraiter;0.0;0.0;1.0;Termes archaïques en français
quacre;0.03;À retraiter;0.0;0.0;1.0;Termes archaïques en français
quadrans;0.03;À retraiter;0.0;0.0;1.0;Termes archaïques en français
qualifîrai;0.03;À retraiter;0.0;0.0;1.0;Termes archaïques en français
querir;0.03;À retraiter;0.0;0.0;1.0;Termes archaïques en français
queste;0.03;À retraiter;0.0;0.0;1.0;Termes archaïques en français
questresse;0.03;À retraiter;0.0;0.0;1.0;Termes archaïques en français
quotepart;0.03;À retraiter;0.0;0.0;1.0;Termes archaïques en français
quæsteur;0.03;À retraiter;0.0;0.0;1.0;Termes archaïques en français
quæstion;0.03;À retraiter;0.0;0.0;1.0;Termes archaïques en français
raffraîchir;0.03;À retraiter;0.0;0.0;1.0;Termes archaïques en français
rafinage;0.03;À retraiter;0.0;0.0;1.0;Termes archaïques en français
raiz;0.03;À retraiter;0.0;0.0;1.0;Termes archaïques en français
rappatriement;0.03;À retraiter;0.0;0.0;1.0;Termes archaïques en français
rasiette;0.03;À retraiter;0.0;0.0;1.0;Termes archaïques en français
rassener;0.03;À retraiter;0.0;0.0;1.0;Termes archaïques en français
ratrapper;0.03;À retraiter;0.0;0.0;1.0;Termes archaïques en français
rebours;0.03;À retraiter;0.0;0.0;1.0;Termes archaïques en français
receu;0.03;À retraiter;0.0;0.0;1.0;Termes archaïques en français
rechet;0.03;À retraiter;0.0;0.0;1.0;Termes archaïques en français
reconnoissance;0.03;À retraiter;0.0;0.0;1.0;Termes archaïques en français
reconnoistre;0.03;À retraiter;0.0;0.0;1.0;Termes archaïques en français
reconnoître;0.03;À retraiter;0.0;0.0;1.0;Termes archaïques en français
recoëffer;0.03;À retraiter;0.0;0.0;1.0;Termes archaïques en français
refluïr;0.03;À retraiter;0.0;0.0;1.0;Termes archaïques en français
releu;0.03;À retraiter;0.0;0.0;1.0;Termes archaïques en français
relicte;0.03;À retraiter;0.0;0.0;1.0;Termes archaïques en français
remerciment;0.03;À retraiter;0.0;0.0;1.0;Termes archaïques en français
renseignemens;0.03;À retraiter;0.0;0.0;1.0;Termes archaïques en français
repræsenter;0.03;À retraiter;0.0;0.0;1.0;Termes archaïques en français
requeste;0.03;À retraiter;0.0;0.0;1.0;Termes archaïques en français
restaur;0.03;À retraiter;0.0;0.0;1.0;Termes archaïques en français
restraindre;0.03;À retraiter;0.0;0.0;1.0;Termes archaïques en français
resve;0.03;À retraiter;0.0;0.0;1.0;Termes archaïques en français
resverie;0.03;À retraiter;0.0;0.0;1.0;Termes archaïques en français
resveur;0.03;À retraiter;0.0;0.0;1.0;Termes archaïques en français
revuider;0.03;À retraiter;0.0;0.0;1.0;Termes archaïques en français
reyne;0.03;À retraiter;0.0;0.0;1.0;Termes archaïques en français
reçeu;0.03;À retraiter;0.0;0.0;1.0;Termes archaïques en français
rhætien;0.03;À retraiter;0.0;0.0;1.0;Termes archaïques en français
ridiculité;0.03;À retraiter;0.0;0.0;1.0;Termes archaïques en français
risave;0.03;À retraiter;0.0;0.0;1.0;Termes archaïques en français
rogir;0.03;À retraiter;0.0;0.0;1.0;Termes archaïques en français
rogum;0.03;À retraiter;0.0;0.0;1.0;Termes archaïques en français
roix;0.03;À retraiter;0.0;0.0;1.0;Termes archaïques en français
rondel;0.03;À retraiter;0.0;0.0;1.0;Termes archaïques en français
rondelier;0.03;À retraiter;0.0;0.0;1.0;Termes archaïques en français
rougeastre;0.03;À retraiter;0.0;0.0;1.0;Termes archaïques en français
royne;0.03;À retraiter;0.0;0.0;1.0;Termes archaïques en français
royx;0.03;À retraiter;0.0;0.0;1.0;Termes archaïques en français
ruminans;0.03;À retraiter;0.0;0.0;1.0;Termes archaïques en français
réenquérir;0.03;À retraiter;0.0;0.0;1.0;Termes archaïques en français
résoud;0.03;À retraiter;0.0;0.0;1.0;Termes archaïques en français
saloppe;0.03;À retraiter;0.0;0.0;1.0;Termes archaïques en français
saqué;0.03;À retraiter;0.0;0.0;1.0;Termes archaïques en français
sarrasinois;0.03;À retraiter;0.0;0.0;1.0;Termes archaïques en français
saïnète;0.03;À retraiter;0.0;0.0;1.0;Termes archaïques en français
schirre;0.03;À retraiter;0.0;0.0;1.0;Termes archaïques en français
schirreux;0.03;À retraiter;0.0;0.0;1.0;Termes archaïques en français
scholaire;0.03;À retraiter;0.0;0.0;1.0;Termes archaïques en français
scholarité;0.03;À retraiter;0.0;0.0;1.0;Termes archaïques en français
seche;0.03;À retraiter;0.0;0.0;1.0;Termes archaïques en français
secher;0.03;À retraiter;0.0;0.0;1.0;Termes archaïques en français
seché;0.03;À retraiter;0.0;0.0;1.0;Termes archaïques en français
secoûrir;0.03;À retraiter;0.0;0.0;1.0;Termes archaïques en français
seize;0.03;À retraiter;0.0;0.0;1.0;Termes archaïques en français
serois;0.03;À retraiter;0.0;0.0;1.0;Termes archaïques en français
sidérer;0.03;À retraiter;0.0;1.3;0.33;Termes soutenus en français
siecle;0.03;À retraiter;0.0;0.0;1.0;Termes archaïques en français
sincere;0.03;À retraiter;0.0;0.0;1.0;Termes archaïques en français
sinonime;0.03;À retraiter;0.0;0.0;1.0;Termes archaïques en français
situër;0.03;À retraiter;0.0;0.0;1.0;Termes archaïques en français
soldatesse;0.03;À retraiter;0.0;0.0;1.0;Termes archaïques en français
solemniser;0.03;À retraiter;0.0;0.0;1.0;Termes archaïques en français
solemnité;0.03;À retraiter;0.0;0.0;1.0;Termes archaïques en français
solemnités;0.03;À retraiter;0.0;0.0;1.0;Termes archaïques en français
solœcisme;0.03;À retraiter;0.0;0.0;1.0;Termes archaïques en français
somnanbule;0.03;À retraiter;0.0;0.0;1.0;Termes archaïques en français
soubs;0.03;À retraiter;0.0;0.0;1.0;Termes archaïques en français
soulais;0.03;À retraiter;0.0;0.0;1.0;Termes archaïques en français
soulait;0.03;À retraiter;0.0;0.0;1.0;Termes archaïques en français
souloir;0.03;À retraiter;0.0;0.0;1.0;Termes archaïques en français
sourissiere;0.03;À retraiter;0.0;0.0;1.0;Termes archaïques en français
soutillesse;0.03;À retraiter;0.0;0.0;1.0;Termes archaïques en français
souventefois;0.03;À retraiter;0.0;0.0;1.0;Termes archaïques en français
soyent;0.03;À retraiter;0.0;0.0;1.0;Termes archaïques en français
soüilleure;0.03;À retraiter;0.0;0.0;1.0;Termes archaïques en français
sphære;0.03;À retraiter;0.0;0.0;1.0;Termes archaïques en français
sphærique;0.03;À retraiter;0.0;0.0;1.0;Termes archaïques en français
sphæriste;0.03;À retraiter;0.0;0.0;1.0;Termes archaïques en français
sphæroïde;0.03;À retraiter;0.0;0.0;1.0;Termes archaïques en français
stolide;0.03;À retraiter;0.0;0.0;1.0;Termes archaïques en français
stomodæum;0.03;À retraiter;0.0;0.0;1.0;Termes archaïques en français
stribord;0.03;À retraiter;0.0;0.0;1.0;Termes archaïques en français
stygmate;0.03;À retraiter;0.0;0.0;1.0;Termes archaïques en français
substraction;0.03;À retraiter;0.0;0.0;1.0;Termes archaïques en français
susser;0.03;À retraiter;0.0;0.0;1.0;Termes archaïques en français
symptome;0.03;À retraiter;0.0;0.0;1.0;Termes archaïques en français
synonime;0.03;À retraiter;0.0;0.0;1.0;Termes archaïques en français
syrops;0.03;À retraiter;0.0;0.0;1.0;Termes archaïques en français
syrupeux;0.03;À retraiter;0.0;0.0;1.0;Termes archaïques en français
sæculier;0.03;À retraiter;0.0;0.0;1.0;Termes archaïques en français
sçaurois;0.03;À retraiter;0.0;0.0;1.0;Termes archaïques en français
sçavoir;0.03;À retraiter;0.0;0.0;1.0;Termes archaïques en français
sçu;0.03;À retraiter;0.0;0.0;1.0;Termes archaïques en français
tabaganne;0.03;À retraiter;0.0;0.0;1.0;Termes archaïques en français
tapirage;0.03;À retraiter;0.0;0.0;1.0;Termes archaïques en français
tapirer;0.03;À retraiter;0.0;0.0;1.0;Termes archaïques en français
tasche;0.03;À retraiter;0.0;0.0;1.0;Termes archaïques en français
taster;0.03;À retraiter;0.0;0.0;1.0;Termes archaïques en français
tenve;0.03;À retraiter;0.0;0.0;1.0;Termes archaïques en français
tesmoin;0.03;À retraiter;0.0;0.0;1.0;Termes archaïques en français
tibicine;0.03;À retraiter;0.0;0.0;1.0;Termes archaïques en français
tiran;0.03;À retraiter;0.0;0.0;1.0;Termes archaïques en français
tirannie;0.03;À retraiter;0.0;0.0;1.0;Termes archaïques en français
tireuse;0.03;À retraiter;0.0;0.0;1.0;Termes archaïques en français
tist;0.03;À retraiter;0.0;0.0;1.0;Termes archaïques en français
toupiade;0.03;À retraiter;0.0;0.0;1.0;Termes archaïques en français
touyou;0.03;À retraiter;0.0;0.0;1.0;Termes archaïques en français
toxæmie;0.03;À retraiter;0.0;0.0;1.0;Termes archaïques en français
toy;0.03;À retraiter;0.0;0.0;1.0;Termes archaïques en français
toûjours;0.03;À retraiter;0.0;0.0;1.0;Termes archaïques en français
traditive;0.03;À retraiter;0.0;0.0;1.0;Termes archaïques en français
traict;0.03;À retraiter;0.0;0.0;1.0;Termes archaïques en français
traisner;0.03;À retraiter;0.0;0.0;1.0;Termes archaïques en français
treuver;0.03;À retraiter;0.0;0.0;1.0;Termes archaïques en français
trochæe;0.03;À retraiter;0.0;0.0;1.0;Termes archaïques en français
trophæe;0.03;À retraiter;0.0;0.0;1.0;Termes archaïques en français
trétout;0.03;À retraiter;0.0;0.0;1.0;Termes archaïques en français
turcique;0.03;À retraiter;0.0;0.0;1.0;Termes archaïques en français
turquesse;0.03;À retraiter;0.0;0.0;1.0;Termes archaïques en français
tystre;0.03;À retraiter;0.0;0.0;1.0;Termes archaïques en français
térébentine;0.03;À retraiter;0.0;0.0;1.0;Termes archaïques en français
tître;0.03;À retraiter;0.0;0.0;1.0;Termes archaïques en français
ulcere;0.03;À retraiter;0.0;0.0;1.0;Termes archaïques en français
vantance;0.03;À retraiter;0.0;0.0;1.0;Termes archaïques en français
verdastre;0.03;À retraiter;0.0;0.0;1.0;Termes archaïques en français
verreux;0.03;À retraiter;0.0;0.0;1.0;Termes archaïques en français
verseller;0.03;À retraiter;0.0;0.0;1.0;Termes archaïques en français
vesselier;0.03;À retraiter;0.0;0.0;1.0;Termes archaïques en français
veu;0.03;À retraiter;0.0;0.0;1.0;Termes archaïques en français
veuë;0.03;À retraiter;0.0;0.0;1.0;Termes archaïques en français
violiniste;0.03;À retraiter;0.0;0.0;1.0;Termes archaïques en français
vitrique;0.03;À retraiter;0.0;0.0;1.0;Termes archaïques en français
vostre;0.03;À retraiter;0.0;0.0;1.0;Termes archaïques en français
voudrois;0.03;À retraiter;0.0;0.0;1.0;Termes archaïques en français
voye;0.03;À retraiter;0.0;0.0;1.0;Termes archaïques en français
voyt;0.03;À retraiter;0.0;0.0;1.0;Termes archaïques en français
voïent;0.03;À retraiter;0.0;0.0;1.0;Termes archaïques en français
voïez;0.03;À retraiter;0.0;0.0;1.0;Termes archaïques en français
voïons;0.03;À retraiter;0.0;0.0;1.0;Termes archaïques en français
vuide;0.03;À retraiter;0.0;0.0;1.0;Termes archaïques en français
vuider;0.03;À retraiter;0.0;0.0;1.0;Termes archaïques en français
vîte;0.03;À retraiter;0.0;0.0;1.0;Termes archaïques en français
vîtes;0.03;À retraiter;0.0;0.0;1.0;Termes archaïques en français
vîtesse;0.03;À retraiter;0.0;0.0;1.0;Termes archaïques en français
vûe;0.03;À retraiter;0.0;0.0;1.0;Termes archaïques en français
vûes;0.03;À retraiter;0.0;0.0;1.0;Termes archaïques en français
vûs;0.03;À retraiter;0.0;0.0;1.0;Termes archaïques en français
waire;0.03;À retraiter;0.0;0.0;1.0;Termes archaïques en français
wairette;0.03;À retraiter;0.0;0.0;1.0;Termes archaïques en français
wancha;0.03;À retraiter;0.0;0.0;1.0;Termes archaïques en français
xylobalsame;0.03;À retraiter;0.0;0.0;1.0;Termes archaïques en français
yandou;0.03;À retraiter;0.0;0.0;1.0;Termes archaïques en français
ziczac;0.03;À retraiter;0.0;0.0;1.0;Termes archaïques en français
zooglœe;0.03;À retraiter;0.0;0.0;1.0;Termes archaïques en français
Ægypte;0.03;À retraiter;0.0;0.0;1.0;Termes archaïques en français
Ægyptienne;0.03;À retraiter;0.0;0.0;1.0;Termes archaïques en français
Ænée;0.03;À retraiter;0.0;0.0;1.0;Termes archaïques en français
Æolie;0.03;À retraiter;0.0;0.0;1.0;Termes archaïques en français
Æsope;0.03;À retraiter;0.0;0.0;1.0;Termes archaïques en français
Æthiopie;0.03;À retraiter;0.0;0.0;1.0;Termes archaïques en français
Æthiopienne;0.03;À retraiter;0.0;0.0;1.0;Termes archaïques en français
Ætolie;0.03;À retraiter;0.0;0.0;1.0;Termes archaïques en français
ædicule;0.03;À retraiter;0.0;0.0;1.0;Termes archaïques en français
ædifiant;0.03;À retraiter;0.0;0.0;1.0;Termes archaïques en français
ædification;0.03;À retraiter;0.0;0.0;1.0;Termes archaïques en français
ædifice;0.03;À retraiter;0.0;0.0;1.0;Termes archaïques en français
ædifier;0.03;À retraiter;0.0;0.0;1.0;Termes archaïques en français
ædile;0.03;À retraiter;0.0;0.0;1.0;Termes archaïques en français
ægal;0.03;À retraiter;0.0;0.0;1.0;Termes archaïques en français
ægale;0.03;À retraiter;0.0;0.0;1.0;Termes archaïques en français
ægalement;0.03;À retraiter;0.0;0.0;1.0;Termes archaïques en français
ægide;0.03;À retraiter;0.0;0.0;1.0;Termes archaïques en français
ægophonie;0.03;À retraiter;0.0;0.0;1.0;Termes archaïques en français
ægophonique;0.03;À retraiter;0.0;0.0;1.0;Termes archaïques en français
ægyptien;0.03;À retraiter;0.0;0.0;1.0;Termes archaïques en français
æmulateur;0.03;À retraiter;0.0;0.0;1.0;Termes archaïques en français
æmulation;0.03;À retraiter;0.0;0.0;1.0;Termes archaïques en français
ænigmatiquement;0.03;À retraiter;0.0;0.0;1.0;Termes archaïques en français
ænigme;0.03;À retraiter;0.0;0.0;1.0;Termes archaïques en français
æon;0.03;À retraiter;0.0;0.0;1.0;Termes archaïques en français
æquanime;0.03;À retraiter;0.0;0.0;1.0;Termes archaïques en français
æquanimité;0.03;À retraiter;0.0;0.0;1.0;Termes archaïques en français
æquateur;0.03;À retraiter;0.0;0.0;1.0;Termes archaïques en français
æquation;0.03;À retraiter;0.0;0.0;1.0;Termes archaïques en français
æquilateral;0.03;À retraiter;0.0;0.0;1.0;Termes archaïques en français
æquilibre;0.03;À retraiter;0.0;0.0;1.0;Termes archaïques en français
æquinoxe;0.03;À retraiter;0.0;0.0;1.0;Termes archaïques en français
æquitable;0.03;À retraiter;0.0;0.0;1.0;Termes archaïques en français
æquité;0.03;À retraiter;0.0;0.0;1.0;Termes archaïques en français
æquivalent;0.03;À retraiter;0.0;0.0;1.0;Termes archaïques en français
ære;0.03;À retraiter;0.0;0.0;1.0;Termes archaïques en français
æsculine;0.03;À retraiter;0.0;0.0;1.0;Termes archaïques en français
æsthésie;0.03;À retraiter;0.0;0.0;1.0;Termes archaïques en français
æsthétique;0.03;À retraiter;0.0;0.0;1.0;Termes archaïques en français
æsthétiquement;0.03;À retraiter;0.0;0.0;1.0;Termes archaïques en français
æstimation;0.03;À retraiter;0.0;0.0;1.0;Termes archaïques en français
æstimer;0.03;À retraiter;0.0;0.0;1.0;Termes archaïques en français
æstival;0.03;À retraiter;0.0;0.0;1.0;Termes archaïques en français
æstivation;0.03;À retraiter;0.0;0.0;1.0;Termes archaïques en français
æternel;0.03;À retraiter;0.0;0.0;1.0;Termes archaïques en français
æternité;0.03;À retraiter;0.0;0.0;1.0;Termes archaïques en français
æther;0.03;À retraiter;0.0;0.0;1.0;Termes archaïques en français
æthiologie;0.03;À retraiter;0.0;0.0;1.0;Termes archaïques en français
æthiopien;0.03;À retraiter;0.0;0.0;1.0;Termes archaïques en français
æthéré;0.03;À retraiter;0.0;0.0;1.0;Termes archaïques en français
ætiologique;0.03;À retraiter;0.0;0.0;1.0;Termes archaïques en français
çamon;0.03;À retraiter;0.0;0.0;1.0;Termes archaïques en français
ébouziner;0.03;À retraiter;0.0;0.0;1.0;Termes archaïques en français
écheler;0.03;À retraiter;0.0;0.0;1.0;Termes archaïques en français
écheleur;0.03;À retraiter;0.0;0.0;1.0;Termes archaïques en français
échole;0.03;À retraiter;0.0;0.0;1.0;Termes archaïques en français
échéoir;0.03;À retraiter;0.0;0.0;1.0;Termes archaïques en français
éclorre;0.03;À retraiter;0.0;0.0;1.0;Termes archaïques en français
ékasilicium;0.03;À retraiter;0.0;0.0;1.0;Termes archaïques en français
élaïomètre;0.03;À retraiter;0.0;0.0;1.0;Termes archaïques en français
élaïométrie;0.03;À retraiter;0.0;0.0;1.0;Termes archaïques en français
élaïométrique;0.03;À retraiter;0.0;0.0;1.0;Termes archaïques en français
élucidaire;0.03;À retraiter;0.0;0.0;1.0;Termes archaïques en français
épleuré;0.03;À retraiter;0.0;0.0;1.0;Termes archaïques en français
éternument;0.03;À retraiter;0.0;0.0;1.0;Termes archaïques en français
éternûment;0.03;À retraiter;0.0;0.0;1.0;Termes archaïques en français
étiquet;0.03;À retraiter;0.0;0.0;1.0;Termes archaïques en français
étois;0.03;À retraiter;0.0;0.0;1.0;Termes archaïques en français
étoit;0.03;À retraiter;0.0;0.0;1.0;Termes archaïques en français
étrain;0.03;À retraiter;0.0;0.0;1.0;Termes archaïques en français
évidament;0.03;À retraiter;0.0;0.0;1.0;Termes archaïques en français
ïour;0.03;À retraiter;0.0;0.0;1.0;Termes archaïques en français
œconomat;0.03;À retraiter;0.0;0.0;1.0;Termes archaïques en français
œconome;0.03;À retraiter;0.0;0.0;1.0;Termes archaïques en français
œconomie;0.03;À retraiter;0.0;0.0;1.0;Termes archaïques en français
œconomique;0.03;À retraiter;0.0;0.0;1.0;Termes archaïques en français
œconomiser;0.03;À retraiter;0.0;0.0;1.0;Termes archaïques en français
œconomiste;0.03;À retraiter;0.0;0.0;1.0;Termes archaïques en français
tombeau;0.03;Débutant;3.95;3.98;0.94;Termes littéraires en français
destinée;0.03;Débutant;3.92;3.94;0.96;Termes poétiques en français
accidenter;0.03;À retraiter;0.0;1.3;0.33;Termes littéraires en français
albe;0.03;À retraiter;0.0;1.0;0.5;Termes littéraires en français
félinité;0.03;À retraiter;0.0;1.0;0.5;Termes littéraires en français
gramen;0.03;À retraiter;0.0;1.0;0.5;Termes littéraires en français
monder;0.03;À retraiter;0.0;1.0;0.5;Termes littéraires en français
quantième;0.03;À retraiter;0.0;1.3;0.33;Termes littéraires en français
ratiocination;0.03;À retraiter;0.0;1.3;0.33;Termes littéraires en français
solipsisme;0.03;À retraiter;0.0;1.0;0.5;Termes littéraires en français
synesthésie;0.03;À retraiter;0.0;1.0;0.5;Termes littéraires en français
sélénite;0.03;À retraiter;0.0;1.3;0.33;Termes littéraires en français
uraniste;0.03;À retraiter;0.0;1.3;0.33;Termes littéraires en français
vergeture;0.03;À retraiter;0.0;1.0;0.5;Termes littéraires en français
hôte;0.03;Débutant;4.03;4.13;0.81;Termes littéraires en français
chanteur;0.03;Débutant;3.96;3.99;0.94;Termes poétiques en français
ne;0.03;À retraiter;0.0;0.0;1.0;Termes soutenus en français
Adon;0.02;À retraiter;0.0;1.0;0.5;Termes poétiques en français
virus;0.02;Débutant;3.81;4.38;0.27;Termes archaïques en français
rive;0.02;Débutant;4.55;3.78;5.82;Termes poétiques en français
signer;0.02;Débutant;4.13;4.47;0.46;Termes littéraires en français
période;0.02;Débutant;4.51;4.38;1.35;Termes littéraires en français
sein;0.02;Débutant;4.51;4.23;1.9;Termes littéraires en français
neveu;0.02;Débutant;4.14;4.36;0.61;Termes littéraires en français
habiller;0.02;Débutant;4.18;4.23;0.89;Termes littéraires en français
brand;0.02;À retraiter;0.0;1.3;0.33;Termes archaïques en français
comma;0.02;À retraiter;0.0;1.48;0.25;Termes archaïques en français
résoluble;0.02;À retraiter;0.0;1.48;0.25;Termes archaïques en français
cruel;0.02;Débutant;4.16;4.19;0.93;Termes poétiques en français
mensonge;0.02;Débutant;4.34;4.53;0.65;"Termes littéraires en français; Termes poétiques en français"
sou;0.02;Débutant;4.1;4.16;0.87;Termes archaïques en français
ay;0.01;À retraiter;0.0;0.0;1.0;Termes archaïques en français
ci;0.01;À retraiter;0.0;0.0;1.0;Termes archaïques en français
fî;0.01;À retraiter;0.0;0.0;1.0;Termes archaïques en français
jà;0.01;À retraiter;0.0;0.0;1.0;Termes archaïques en français
lû;0.01;À retraiter;0.0;0.0;1.0;Termes archaïques en français
pû;0.01;À retraiter;0.0;0.0;1.0;Termes archaïques en français
ty;0.01;À retraiter;0.0;0.0;1.0;Termes archaïques en français
assassin;0.01;Débutant;4.23;4.68;0.35;Termes poétiques en français
malin;0.01;Débutant;4.29;4.72;0.37;Termes littéraires en français
tard;0.01;Débutant;4.26;4.53;0.54;Termes poétiques en français
chute;0.01;Débutant;4.55;4.32;1.68;Termes littéraires en français
magnifique;0.01;Débutant;4.36;4.9;0.29;Termes littéraires en français
courrier;0.01;Débutant;4.36;4.37;0.98;Termes littéraires en français
partager;0.01;Débutant;4.4;4.53;0.73;Termes littéraires en français
planète;0.01;Débutant;4.3;4.74;0.36;Termes archaïques en français
merveilleux;0.01;Débutant;4.42;4.81;0.41;Termes littéraires en français
nombreux;0.01;Débutant;4.57;4.48;1.24;Termes soutenus en français
égal;0.01;Débutant;4.43;4.49;0.87;Termes littéraires en français
crime;0.01;Débutant;4.47;4.91;0.36;Termes soutenus en français
agir;0.01;Débutant;4.47;4.57;0.79;Termes littéraires en français
formidable;0.01;Débutant;4.48;4.71;0.58;Termes littéraires en français
souris;0.01;Débutant;4.43;4.48;0.89;Termes archaïques en français
flamme;0.01;Débutant;4.58;4.1;3.04;Termes poétiques en français
trait;0.0;Débutant;4.59;3.91;4.83;Termes littéraires en français
boule;0.0;Débutant;4.58;4.29;1.99;Termes poétiques en français
carrière;0.0;Débutant;4.52;4.55;0.94;Termes poétiques en français
chanter;0.0;Débutant;4.53;4.68;0.71;Termes littéraires en français
clé;0.0;Débutant;4.54;4.84;0.51;Termes littéraires en français
minuscule;0.0;Débutant;4.6;3.73;7.27;Termes archaïques en français
Nord;0.0;Débutant;4.93;4.8;1.34;Termes littéraires en français
amant;0.0;Débutant;4.67;4.37;2.01;Termes littéraires en français
atteindre;0.0;Débutant;4.61;4.39;1.66;Termes soutenus en français
aventure;0.0;Débutant;4.74;4.35;2.43;Termes littéraires en français
bord;0.0;Débutant;5.3;4.89;2.56;Termes poétiques en français
chaîne;0.0;Débutant;4.64;4.45;1.52;Termes littéraires en français
chef;0.0;Débutant;5.24;5.28;0.91;Termes littéraires en français
ciel;0.0;Débutant;5.48;5.15;2.12;Termes archaïques en français
coin;0.0;Débutant;5.22;4.97;1.79;Termes archaïques en français
colonel;0.0;Débutant;4.63;5.01;0.42;Termes archaïques en français
combat;0.0;Débutant;4.72;4.76;0.91;"Termes soutenus en français; Termes poétiques en français"
compter;0.0;Débutant;4.72;4.65;1.17;Termes soutenus en français
connaître;0.0;Débutant;4.95;4.95;1.02;Termes littéraires en français
conseil;0.0;Débutant;4.76;4.84;0.84;Termes soutenus en français
course;0.0;Débutant;4.71;4.61;1.27;"Termes soutenus en français; Termes poétiques en français"
descendre;0.0;Débutant;4.85;4.81;1.08;Termes poétiques en français
dire;0.0;Débutant;5.93;6.21;0.53;Termes poétiques en français
effet;0.0;Débutant;5.24;5.0;1.75;Termes littéraires en français
faux;0.0;Débutant;4.88;4.99;0.78;Termes littéraires en français
feu;0.0;Débutant;5.33;5.38;0.91;"Termes littéraires en français; Termes poétiques en français"
fille;0.0;Débutant;5.62;5.8;0.66;"Termes soutenus en français; Termes littéraires en français; Termes poétiques en français"
fond;0.0;Débutant;5.58;5.04;3.42;Termes littéraires en français
force;0.0;Débutant;5.34;5.03;2.02;"Termes littéraires en français; Termes archaïques en français"
fort;0.0;Débutant;4.72;4.59;1.34;Termes soutenus en français
front;0.0;Débutant;5.18;4.59;3.93;Termes soutenus en français
geste;0.0;Débutant;5.24;4.5;5.48;Termes littéraires en français
hiver;0.0;Débutant;4.98;4.57;2.57;Termes littéraires en français
idée;0.0;Débutant;5.38;5.52;0.73;Termes littéraires en français
instant;0.0;Débutant;5.47;5.27;1.61;Termes soutenus en français
jour;0.0;Débutant;5.92;5.8;1.3;Termes archaïques en français
mai;0.0;Débutant;4.66;4.39;1.88;Termes archaïques en français
marcher;0.0;Débutant;4.91;4.93;0.95;Termes littéraires en français
matin;0.0;Débutant;5.58;5.42;1.42;Termes poétiques en français
merci;0.0;Débutant;4.73;5.58;0.14;Termes littéraires en français
mesure;0.0;Débutant;5.05;4.32;5.33;Termes poétiques en français
midi;0.0;Débutant;4.83;4.55;1.94;Termes poétiques en français
milieu;0.0;Débutant;5.39;4.84;3.6;Termes poétiques en français
moindre;0.0;Débutant;5.07;4.67;2.5;Termes archaïques en français
mort;0.0;Débutant;5.62;5.63;0.97;Termes soutenus en français
mouvement;0.0;Débutant;5.13;4.47;4.61;Termes littéraires en français
médecin;0.0;Débutant;4.78;5.05;0.54;Termes archaïques en français
noir;0.0;Débutant;5.44;5.1;2.19;Termes littéraires en français
ombre;0.0;Débutant;5.28;4.56;5.3;Termes poétiques en français
pays;0.0;Débutant;5.38;5.31;1.19;Termes poétiques en français
paysage;0.0;Débutant;4.7;4.02;4.77;Termes littéraires en français
pensée;0.0;Débutant;5.0;4.42;3.77;Termes littéraires en français
personne;0.0;Débutant;5.16;5.28;0.76;Termes littéraires en français
plat;0.0;Débutant;4.86;4.48;2.41;Termes archaïques en français
poil;0.0;Débutant;4.63;4.43;1.58;Termes poétiques en français
point;0.0;Débutant;5.44;5.27;1.46;Termes littéraires en français
premier;0.0;Débutant;5.52;5.38;1.38;Termes littéraires en français
prince;0.0;Débutant;4.82;4.65;1.46;Termes soutenus en français
printemps;0.0;Débutant;4.78;4.44;2.19;"Termes soutenus en français; Termes poétiques en français"
profond;0.0;Débutant;4.71;4.41;1.98;Termes soutenus en français
présent;0.0;Débutant;5.28;5.02;1.81;Termes littéraires en français
quartier;0.0;Débutant;4.95;4.74;1.63;"Termes littéraires en français; Termes archaïques en français"
roi;0.0;Débutant;4.93;5.22;0.52;Termes archaïques en français
savoir;0.0;Débutant;5.46;5.66;0.63;Termes archaïques en français
semaine;0.0;Débutant;5.05;5.27;0.6;Termes littéraires en français
situation;0.0;Débutant;4.99;5.01;0.95;Termes littéraires en français
souvenir;0.0;Débutant;5.16;4.79;2.35;Termes soutenus en français
théâtre;0.0;Débutant;4.81;4.61;1.59;Termes archaïques en français
tout;0.0;Débutant;5.98;6.05;0.85;Termes littéraires en français
vieil;0.0;Débutant;4.71;4.54;1.48;Termes archaïques en français
vivre;0.0;Débutant;5.28;5.35;0.85;Termes soutenus en français
épais;0.0;Débutant;4.61;3.78;6.74;Termes littéraires en français
être;0.0;Débutant;5.77;6.08;0.49;Termes soutenus en français
