Mot	FREQ_Mean	FREQ_SD	FREQ_StResiduals	IMAGE_Mean	IMAGE_SD	IMAGE_StResiduals
abandon	3.98	1.24	-1.5163	2.80	2.28	-0.6261
abat-jour	2.22	1.30	0.5641	5.33	5.15	2.9454
abattoir	2.43	1.09	-1.1710	4.47	4.08	0.7413
abbé	2.08	1.28	0.7119	2.94	4.33	1.6256
abdomen	3.29	1.58	1.2878	5.64	2.62	-0.2260
abeille	4.12	1.51	0.4983	6.84	0.21	0.3781
abîme	2.43	1.28	0.0383	3.22	2.62	-0.6837
aboiement	3.00	1.41	0.1830	3.76	3.96	0.5995
abondance	3.72	1.34	-0.8016	2.90	2.02	-0.9222
abonné	3.81	1.31	-1.0315	2.63	2.66	-0.1175
abonnement	4.02	1.33	-0.8916	2.83	2.13	-0.7713
abricot	2.86	1.37	0.0447	6.51	0.90	-0.0889
abstinence	3.12	1.39	-0.0869	2.72	2.28	-0.5438
abstraction	3.01	1.44	0.4020	2.15	2.02	-0.0221
abus	4.09	1.37	-0.5908	3.31	2.53	-0.8307
académie	4.06	1.33	-0.8861	3.15	2.86	-0.4094
accélérateur	3.57	1.57	1.0439	4.11	3.92	0.4842
accent	4.95	1.18	-1.2993	3.85	3.06	-0.5363
acceptation	4.11	1.50	0.4152	2.28	1.44	-0.5589
accès	4.68	1.37	-0.2761	2.75	2.66	-0.2471
accession	2.70	1.33	-0.0343	2.12	2.04	0.0428
accessoire	4.69	1.38	-0.1935	4.08	2.89	-0.7519
accident	5.00	1.12	-1.6091	4.70	2.34	-1.1594
accord	4.79	1.35	-0.3191	2.86	3.20	0.2091
accordéon	2.60	1.34	0.1843	6.35	1.46	-0.1181
accouplement	3.30	1.38	-0.3093	4.26	2.86	-0.7864
accroc	2.47	1.38	0.6847	2.29	2.72	0.3689
accusation	3.91	1.29	-1.1784	2.88	2.62	-0.4059
accusé	4.32	1.31	-0.9478	3.06	2.40	-0.7602
achat	4.91	1.30	-0.5465	3.95	2.89	-0.7372
acide	3.97	1.43	-0.1545	4.20	3.46	-0.1167
acier	3.44	1.56	1.0226	4.91	3.10	-0.3363
acquisition	3.36	1.44	0.1040	2.55	1.66	-0.7819
acte	4.26	1.17	-1.9056	2.98	2.76	-0.3718
acteur	4.73	1.25	-1.0753	4.93	2.13	-1.2164
action	5.08	1.41	0.4644	2.97	1.82	-1.1166
activation	3.91	1.46	0.0771	2.47	1.85	-0.5701
actualité	4.91	1.57	1.5345	2.47	2.19	-0.3272
adage	1.50	0.87	-0.2279	1.84	2.37	0.7446
adaptation	4.09	1.41	-0.2922	2.65	1.85	-0.7815
adhésion	2.87	1.22	-1.0108	2.70	2.22	-0.5701
adieu	3.76	1.47	0.1710	2.98	2.43	-0.6666
adjectif	4.38	1.68	2.0529	2.62	2.43	-0.3067
adjoint	3.94	1.30	-1.1087	3.07	2.43	-0.7418
administrateur	3.95	1.42	-0.2319	3.31	2.76	-0.6187
administration	4.54	1.32	-0.7484	2.73	2.16	-0.6477
admiration	3.87	1.35	-0.7515	2.69	2.04	-0.6911
admission	4.80	1.29	-0.7344	3.16	2.82	-0.4506
adolescente	5.02	1.32	-0.2735	5.40	2.89	-0.2038
adoption	4.12	1.19	-1.8220	3.29	2.34	-0.9788
adresse	5.75	1.21	0.2110	4.16	3.20	-0.4173
adverbe	3.88	1.64	1.5766	2.95	2.66	-0.4397
adversaire	4.11	1.26	-1.3637	3.45	2.43	-0.9941
aéroport	4.48	1.37	-0.4278	6.45	0.96	-0.1709
affection	4.43	1.09	-2.3083	3.01	2.07	-0.9785
affichage	4.12	1.17	-1.9488	3.97	2.43	-1.1688
affirmation	4.09	1.43	-0.1397	2.72	2.25	-0.5678
affluence	2.25	1.36	0.9343	1.94	1.06	-0.2152
affolement	2.65	1.32	-0.0335	2.84	2.16	-0.7588
âge	5.95	1.00	-0.5906	3.08	3.46	0.3167
agenda	5.19	1.45	0.9255	5.86	1.88	-0.5661
agente	3.69	1.44	-0.0475	4.05	3.13	-0.4916
agilité	3.38	1.22	-1.4803	2.98	2.59	-0.5261
agitation	3.69	1.35	-0.7218	3.08	2.07	-1.0359
agneau	3.18	1.35	-0.4347	6.60	0.76	0.0250
agonie	2.76	1.23	-0.8044	2.81	2.25	-0.6601
agrafeuse	3.26	1.72	2.5509	6.52	0.67	-0.1357
agressivité	4.06	1.36	-0.6694	3.16	2.76	-0.5163
agriculteur	3.77	1.37	-0.5935	5.37	2.10	-0.9239
agriculture	3.77	1.56	0.9016	4.11	3.06	-0.5725
agrumes	3.08	1.33	-0.4872	5.70	2.69	-0.0993
aide	5.65	1.35	0.9684	2.95	2.62	-0.4700
aïeul	1.72	0.93	-0.5250	2.26	2.66	0.3481
aigle	3.18	1.58	1.3751	6.77	0.26	0.2476
aigre	2.57	1.35	0.3029	3.05	3.76	0.7282
ail	4.27	1.51	0.5454	6.34	0.96	-0.3493
aile	4.05	1.39	-0.4494	6.32	0.85	-0.4172
aimant	3.73	1.54	0.7430	5.02	3.61	0.3336
aisance	2.50	1.22	-0.4823	2.39	2.34	-0.1054
ajout	3.84	1.16	-2.0299	3.09	2.22	-0.9329
ajustage	2.58	1.27	-0.2756	2.75	2.34	-0.5256
album	4.65	1.41	-0.0032	5.63	2.56	-0.2956
alerte	4.19	1.34	-0.7841	3.45	2.76	-0.6994
algèbre	3.55	1.71	2.2855	4.02	3.46	-0.1087
alibi	2.42	1.33	0.4061	2.05	2.10	0.1914
alignement	3.56	1.36	-0.6044	3.80	2.34	-1.2115
aliment	4.63	1.41	-0.0197	4.92	3.10	-0.3309
alimentation	4.53	1.38	-0.3204	3.86	3.13	-0.4617
allée	3.95	1.46	0.0775	4.45	3.46	-0.0885
allégresse	2.26	1.29	0.4169	2.16	1.21	-0.4957
alligator	2.79	1.37	0.1334	6.68	0.56	0.1238
allocution	2.32	1.20	-0.2980	1.83	1.12	-0.0077
allure	3.87	1.43	-0.1542	2.65	1.90	-0.7452
allusion	3.19	1.41	0.0015	2.40	2.10	-0.3052
altitude	3.44	1.46	0.2115	4.26	2.28	-1.3082
amande	4.19	1.46	0.1183	6.23	1.37	-0.3511
amante	2.44	1.45	1.2675	3.18	3.39	0.1515
amas	2.08	1.14	-0.1979	3.00	3.57	0.5222
amateur	3.87	1.35	-0.7515	3.18	2.53	-0.7429
ambassadeur	3.61	1.40	-0.3274	4.04	2.86	-0.7831
ambiance	4.04	1.28	-1.2396	2.70	1.93	-0.7810
ambiguïté	3.30	1.32	-0.7444	1.97	1.12	-0.2395
ambulance	4.51	1.50	0.5940	6.44	0.94	-0.1940
âme	4.22	1.48	0.2859	3.09	4.12	1.1930
aménagement	3.28	1.28	-1.0091	3.01	1.96	-1.0593
amende	4.10	1.26	-1.3658	4.88	3.92	0.6663
amertume	2.27	1.32	0.6080	2.43	2.53	0.0040
amnésie	3.12	1.39	-0.0869	2.84	2.59	-0.3974
amortisseur	2.50	1.09	-1.2888	3.50	3.65	0.2833
ampère	2.34	0.98	-1.6228	2.54	3.20	0.5523
ampleur	3.65	1.27	-1.2730	2.58	2.02	-0.5884
amplificateur	2.08	0.67	-2.4826	4.19	3.10	-0.5355
amplitude	3.52	1.77	2.8597	3.05	2.69	-0.4942
ampoule	4.04	1.34	-0.8174	6.71	0.31	0.1406
analogie	3.37	1.53	0.8154	2.19	1.96	-0.1200
ananas	4.12	1.76	2.6938	6.91	0.10	0.5101
anarchie	2.66	1.36	0.2398	2.69	2.56	-0.2728
anatomie	3.74	1.69	2.0420	4.04	2.92	-0.7137
ancêtre	3.46	1.31	-0.9152	3.68	3.06	-0.4860
âne	2.80	1.47	0.8831	6.42	1.44	-0.0174
angle	4.38	1.35	-0.6324	5.27	2.34	-0.8208
angoisse	3.66	1.35	-0.7132	2.88	2.56	-0.4648
anguille	2.20	1.10	-0.6855	5.63	2.72	-0.1441
animation	3.87	1.29	-1.1769	3.77	2.72	-0.8622
anneau	3.83	1.41	-0.3034	6.36	1.23	-0.2125
année	5.60	1.64	3.1988	3.37	5.15	2.6890
annexe	3.93	1.54	0.7216	3.70	2.99	-0.5674
annonce	5.08	1.02	-2.0807	3.52	2.76	-0.7344
annuaire	3.95	1.44	-0.0783	5.06	3.57	0.3110
antichambre	1.69	0.92	-0.4979	2.34	2.59	0.1790
anticipation	3.62	1.30	-1.0560	2.19	1.80	-0.2289
antipathie	2.73	1.35	0.0678	1.92	1.25	-0.1035
antithèse	2.66	1.32	-0.0481	2.15	2.37	0.2528
antre	1.60	1.08	0.5981	1.93	2.46	0.6742
anxiété	4.39	1.51	0.6018	2.81	2.22	-0.6837
aorte	2.23	1.49	1.9681	4.75	4.45	1.3904
aperçu	4.44	1.38	-0.3787	2.36	2.02	-0.3155
apéritif	3.43	1.45	0.1390	4.59	3.35	-0.1858
aphrodisiaque	2.34	1.36	0.7652	3.04	3.35	0.2162
aplomb	2.14	1.19	-0.0106	2.01	2.10	0.2539
apogée	2.38	1.39	0.9146	2.15	2.79	0.6326
appareil	4.81	1.36	-0.2261	4.38	2.69	-0.9362
appartement	5.88	1.11	-0.1282	5.72	1.96	-0.6752
appât	2.50	1.36	0.4877	3.75	4.97	2.1983
appel	5.52	1.01	-1.4359	3.65	2.92	-0.6211
appétit	5.23	1.19	-0.8584	3.18	2.92	-0.3621
application	4.33	1.22	-1.5546	2.98	2.69	-0.4352
apport	2.81	1.47	0.8702	2.41	1.64	-0.6243
appréciation	4.15	1.45	0.0287	2.51	1.72	-0.7031
apprentissage	4.61	1.38	-0.2606	2.67	1.90	-0.7673
approche	4.61	1.34	-0.5528	2.46	1.74	-0.6256
appui	4.35	1.31	-0.9335	2.95	2.22	-0.8154
aptitude	3.77	1.43	-0.1423	2.52	2.50	-0.1354
aquarelle	2.63	1.44	0.8856	4.06	4.24	0.9527
araignée	4.56	1.51	0.7102	6.91	0.10	0.5101
arbalète	1.37	0.74	-0.4167	3.26	5.95	4.3262
arbre	5.45	1.21	-0.3697	6.91	0.08	0.5093
arbuste	3.19	1.22	-1.3405	5.80	2.22	-0.3907
arc	3.22	1.62	1.6855	6.01	1.99	-0.2972
archer	2.13	1.15	-0.2413	3.62	5.34	2.9048
archet	2.09	1.04	-0.8046	3.40	6.05	4.4479
archipel	1.91	0.98	-0.7307	3.40	4.71	1.8995
architecture	3.52	1.58	1.1503	4.44	2.72	-0.8943
ardeur	2.70	1.32	-0.1055	2.09	1.14	-0.4183
arène	2.47	1.56	2.1059	3.05	4.16	1.2846
arête	3.41	1.79	3.1090	4.94	4.41	1.4181
argile	2.94	1.37	-0.0497	4.94	3.24	-0.1607
argot	1.72	1.06	0.1698	2.08	3.50	1.5225
argument	4.93	1.47	0.7411	2.86	2.40	-0.5836
armistice	2.08	1.19	0.1149	1.88	1.25	-0.0373
armoire	4.74	1.38	-0.1477	6.54	0.45	-0.1455
armure	3.13	1.38	-0.1705	5.61	2.37	-0.4806
arôme	3.18	1.34	-0.5070	3.23	3.03	-0.2887
arrivée	5.34	1.31	0.1202	2.98	2.13	-0.9097
arrosoir	3.27	1.30	-0.8630	6.39	0.77	-0.3262
arsenal	2.04	1.16	0.0116	2.72	3.06	0.1935
artère	3.61	1.50	0.4515	5.65	2.22	-0.5607
artichaut	2.26	1.13	-0.6230	5.13	4.67	1.9470
articulation	4.01	1.55	0.8090	4.37	3.13	-0.4824
artillerie	2.20	1.18	-0.1956	4.16	4.00	0.5941
artisan	3.00	1.26	-0.8926	4.61	2.46	-1.0860
ascension	2.94	1.26	-0.8266	3.29	2.82	-0.5403
asile	2.74	1.26	-0.5767	4.43	2.66	-0.9585
aspect	4.45	1.41	-0.1479	1.98	1.37	-0.1477
asperge	3.52	1.42	-0.1387	6.54	0.86	-0.0491
asphalte	3.62	1.58	1.1096	5.94	2.31	-0.1450
aspirateur	4.55	1.45	0.2259	6.27	1.37	-0.2905
aspiration	3.43	1.37	-0.4669	2.83	2.69	-0.2968
aspirine	4.52	1.59	1.3477	6.15	1.10	-0.5851
assaut	2.60	1.02	-1.8439	3.20	2.25	-0.9916
assemblée	3.77	1.33	-0.8836	3.73	3.17	-0.3866
assiette	5.54	1.31	0.4703	6.82	0.19	0.3380
assistanat	3.41	1.28	-1.0958	2.25	2.40	0.1351
assistance	4.02	1.39	-0.4533	2.95	2.62	-0.4700
assistant	4.50	1.21	-1.5233	3.73	2.79	-0.7854
association	4.51	1.50	0.5940	2.85	2.46	-0.5205
astronaute	3.27	1.43	0.0901	6.50	0.59	-0.1876
astuce	2.74	1.45	0.8061	2.06	1.39	-0.2617
atmosphère	4.02	1.32	-0.9627	3.95	3.61	0.0883
atome	3.55	1.57	1.0523	4.47	3.92	0.5155
atout	3.40	1.41	-0.1507	2.51	2.50	-0.1233
âtre	1.53	1.29	2.1251	1.69	1.82	0.6016
attachement	4.23	1.30	-1.0544	2.90	2.10	-0.8597
attaque	4.53	1.15	-1.8831	4.08	3.10	-0.5327
atteinte	4.02	1.31	-1.0334	2.19	1.64	-0.3242
attelage	2.39	1.17	-0.6156	3.81	4.58	1.5186
attendrissement	2.34	1.25	-0.0058	2.54	2.19	-0.4123
attirance	3.88	1.48	0.2360	2.81	2.13	-0.7516
attraction	4.35	1.23	-1.4792	3.22	2.28	-0.9816
attrape	4.47	1.25	-1.2785	3.15	2.89	-0.3751
attribut	3.35	1.40	-0.1945	2.25	1.88	-0.2616
attribution	3.33	1.46	0.2798	1.83	0.90	-0.0867
aubergine	2.43	1.32	0.3176	5.90	3.24	0.7140
audace	2.94	1.19	-1.2872	2.22	1.82	-0.2548
audience	4.00	1.30	-1.1055	4.29	3.28	-0.3298
audition	4.08	1.44	-0.0645	3.50	3.57	0.1865
auge	1.66	0.94	-0.3202	2.13	2.96	0.8341
augmentation	4.77	1.32	-0.5540	3.18	2.46	-0.7986
augure	1.88	1.14	0.2505	1.56	1.02	0.4406
aune	1.20	0.49	-0.7251	1.37	0.86	0.7639
aura	2.75	1.21	-0.9220	3.14	4.00	0.9814
aurore	2.94	1.20	-1.2230	4.51	4.20	0.9290
auteure	4.11	1.72	2.3177	4.11	3.28	-0.3337
automate	2.30	1.46	1.5965	2.61	2.76	-0.0006
automobile	5.09	1.52	1.3434	6.61	0.52	-0.0109
autonomie	4.32	1.43	-0.0647	2.77	2.62	-0.2979
autorisation	4.19	1.39	-0.4175	2.46	1.85	-0.5576
autruche	2.76	1.42	0.5478	6.59	0.56	-0.0379
auvent	1.92	1.15	0.2186	3.26	5.15	2.7577
avalanche	3.27	1.32	-0.7223	5.76	2.25	-0.4140
avant	6.08	1.02	-0.1682	2.97	2.76	-0.3631
avantage	5.01	1.32	-0.2861	2.20	1.54	-0.3950
avatar	1.66	1.19	1.1099	1.84	2.72	1.0599
avenir	5.23	1.20	-0.7943	2.76	1.93	-0.8441
avenue	4.40	1.58	1.1882	4.22	2.82	-0.8221
averse	2.85	1.19	-1.1804	4.41	3.76	0.2912
avertissement	4.51	1.33	-0.6980	3.18	2.46	-0.7986
aveu	2.98	1.44	0.4341	2.43	2.02	-0.4062
avion	4.83	1.33	-0.4221	6.76	0.35	0.2381
aviron	2.52	1.27	-0.1805	5.01	4.28	1.2673
avis	4.41	1.42	-0.0954	2.40	2.10	-0.3052
avoine	3.58	1.47	0.2235	5.75	2.34	-0.3520
avortement	4.02	1.46	0.0825	4.58	2.72	-0.8596
avril	5.34	1.31	0.1202	3.73	3.96	0.6088
axe	3.27	1.51	0.7217	4.40	4.08	0.7278
azote	2.77	1.59	1.9086	2.97	2.96	-0.1587
babillard	3.45	1.25	-1.3224	5.69	2.34	-0.4198
bactérie	4.48	1.64	1.7548	4.80	3.13	-0.3524
bagage	4.26	1.52	0.6228	6.18	1.25	-0.4783
bagarre	3.23	1.34	-0.5484	4.66	3.24	-0.2892
bagatelle	2.26	1.37	0.9883	3.06	4.71	2.1328
bagnole	2.45	1.45	1.2505	5.04	4.41	1.4778
bague	4.80	1.67	2.2863	6.90	0.05	0.4888
bail	3.11	1.50	0.7762	3.43	4.16	1.0267
bain	5.56	1.47	1.7025	6.76	0.32	0.2354
baiser	5.01	1.43	0.5263	6.09	1.10	-0.6704
balade	3.22	1.36	-0.3953	4.08	2.89	-0.7519
balai	4.40	1.46	0.2085	6.67	0.38	0.0758
balance	4.44	1.43	-0.0014	5.28	3.72	0.6680
balançoire	3.68	1.42	-0.1983	6.59	0.69	-0.0100
balcon	4.38	1.12	-2.1581	6.49	0.62	-0.1978
baleine	3.42	1.52	0.7031	6.88	0.16	0.4531
balise	1.89	0.94	-0.8903	2.77	4.45	1.9834
balle	4.78	1.38	-0.1091	6.61	0.72	0.0338
ballet	3.61	1.55	0.8610	6.31	1.14	-0.3280
ballon	4.49	1.45	0.1846	6.90	0.09	0.4897
baluchon	2.08	1.23	0.3749	4.98	4.67	1.8502
bambin	2.14	1.04	-0.9089	5.27	3.35	0.1908
bambou	2.79	1.45	0.7393	6.36	0.85	-0.3539
banane	5.16	1.57	1.8554	6.95	0.04	0.5890
bande	3.77	1.40	-0.3703	4.72	2.53	-0.9907
bandelette	2.19	1.48	1.9674	4.08	4.37	1.1403
banderole	2.71	1.41	0.5403	5.15	3.76	0.6201
banjo	2.43	1.17	-0.6855	6.04	3.10	0.7386
banlieue	3.52	1.39	-0.3651	4.09	3.03	-0.6089
bannière	3.09	1.40	0.0164	5.12	2.79	-0.5275
banque	5.41	1.31	0.2375	5.88	1.90	-0.5229
banquet	3.43	1.54	0.8617	5.54	1.49	-1.1536
baptême	3.55	1.56	0.9683	5.19	2.43	-0.8046
baraque	2.41	1.51	1.7963	4.23	4.20	0.8883
barbe	4.33	1.39	-0.3630	6.56	0.85	-0.0200
barbecue	4.73	1.71	2.5814	6.47	0.77	-0.1944
barbelé	2.20	1.03	-1.0859	4.45	4.88	2.0079
barbiche	2.36	1.48	1.6442	5.41	2.86	-0.2292
barge	1.79	1.26	1.2407	2.87	3.92	1.0997
baril	2.77	1.22	-0.8835	5.91	2.56	0.0310
baron	1.85	0.92	-0.8954	3.41	4.12	0.9782
baronne	1.92	1.05	-0.3722	3.15	3.76	0.6502
barque	2.46	1.33	0.3376	4.86	5.57	3.4167
barrage	3.47	1.39	-0.3404	5.58	2.02	-0.7866
barrette	3.78	1.60	1.2393	6.33	1.04	-0.3369
barricade	2.90	1.43	0.4478	4.97	2.96	-0.4514
barrière	4.08	1.39	-0.4445	5.70	1.56	-0.9446
bascule	2.87	1.37	0.0325	4.31	3.57	0.0296
basket-ball	4.74	1.50	0.7804	6.44	0.77	-0.2444
basse	3.68	1.56	0.9221	3.19	3.42	0.1886
bassine	2.00	1.16	0.0994	3.91	4.58	1.4959
bataille	4.44	1.15	-1.9415	5.52	1.90	-0.9245
bataillon	2.63	1.20	-0.8160	3.43	2.62	-0.8132
bateau	4.63	1.37	-0.3184	6.84	0.13	0.3731
bâtisse	4.16	1.69	2.0552	5.47	3.24	0.2392
bâtonnet	3.40	1.26	-1.2262	6.22	0.79	-0.5860
battant	2.83	1.68	2.6213	2.79	2.56	-0.3771
baume	2.77	1.37	0.1598	4.30	3.65	0.1254
bavure	2.22	1.28	0.4255	3.34	3.50	0.1804
bazar	2.25	1.19	-0.2299	3.62	4.54	1.5130
bec	4.84	1.69	2.5082	6.26	1.30	-0.3384
bedon	3.50	1.71	2.3085	5.59	3.50	0.6634
bègue	1.91	1.20	0.5573	1.94	2.59	0.7714
beignet	2.61	1.48	1.2294	6.14	1.37	-0.4833
belette	2.08	1.17	-0.0118	4.83	5.15	2.6138
belge	2.83	1.40	0.3052	3.83	3.92	0.5251
bélier	3.04	1.45	0.4485	6.02	2.19	-0.1347
belvédère	2.07	1.17	0.0095	3.86	5.81	3.7572
bémol	2.62	1.58	2.0360	3.75	5.20	2.6029
bénéfice	4.20	1.33	-0.8527	2.65	2.13	-0.5835
benne	1.43	0.81	-0.3000	1.77	1.90	0.5130
béquille	3.30	1.54	0.9454	6.21	1.59	-0.2670
béret	2.35	1.08	-1.0878	5.58	4.16	1.5510
berge	1.91	1.03	-0.4608	3.16	4.00	0.9665
besogne	2.20	1.12	-0.5662	2.58	2.22	-0.4361
bestiole	2.56	1.38	0.5385	4.74	3.42	-0.0438
bêtise	3.52	1.54	0.8152	2.83	2.43	-0.5281
béton	3.45	1.58	1.1857	5.12	3.46	0.2117
betterave	3.23	1.50	0.6719	6.01	3.13	0.7368
beurre	5.62	1.24	0.1440	6.68	0.42	0.0995
biais	3.60	1.46	0.1372	2.41	2.62	0.1171
biberon	2.95	1.36	-0.1343	6.70	0.35	0.1262
bible	3.86	1.64	1.5779	6.69	0.44	0.1198
biche	2.48	1.45	1.2000	5.05	4.16	1.1086
bicyclette	4.69	1.47	0.4954	6.86	0.17	0.4142
bidon	2.26	1.10	-0.8027	4.35	4.75	1.7673
bien-être	4.85	1.34	-0.3292	2.91	2.13	-0.8472
bienfait	3.70	1.45	0.0275	2.47	1.80	-0.6048
bigoudi	2.26	1.28	0.3478	4.55	5.71	3.5794
bijouterie	3.56	1.44	-0.0028	5.79	1.64	-0.7984
bijoutière	2.75	1.44	0.7149	5.26	2.50	-0.6961
binette	1.87	1.14	0.2741	2.40	2.99	0.4950
biographie	4.15	1.22	-1.6205	3.54	2.43	-1.0385
biscotte	1.85	0.83	-1.3184	4.34	5.20	2.5488
bise	2.63	1.62	2.3648	4.44	3.20	-0.3908
bisou	4.26	1.61	1.3794	5.69	2.02	-0.6692
blague	5.13	1.37	0.2340	3.76	3.72	0.2807
blaireau	1.79	0.99	-0.3907	4.09	6.15	4.4464
blanc	5.61	1.28	0.3952	5.76	3.57	0.9437
blason	1.81	1.05	-0.1110	2.69	3.72	1.0186
blatte	1.47	0.77	-0.5839	2.52	5.20	3.5319
blé	4.18	1.72	2.3357	6.50	0.71	-0.1617
blessé	4.42	1.35	-0.6104	4.31	2.40	-1.2029
blessure	4.25	1.32	-0.9064	5.52	2.25	-0.6712
blette	1.67	0.98	-0.1400	2.94	5.81	4.2742
bleuet	4.14	1.73	2.4174	6.85	0.35	0.4111
blocage	3.58	1.28	-1.1797	3.63	3.65	0.2259
blouse	4.19	1.38	-0.4919	6.34	1.00	-0.3356
blouson	2.95	1.23	-1.0385	6.01	1.56	-0.5638
boa	2.07	0.85	-1.7265	6.38	1.28	-0.1606
bobine	2.83	1.34	-0.1363	5.54	2.79	-0.1724
boeuf	4.54	1.47	0.3756	6.87	0.11	0.4310
bois	4.83	1.48	0.7099	6.19	1.66	-0.2527
boîtier	2.95	1.20	-1.2343	5.13	2.40	-0.8744
bombarde	2.48	1.24	-0.3171	3.55	3.20	-0.2768
bombe	4.02	1.45	0.0043	5.95	1.51	-0.6699
bon	6.21	0.89	-0.5016	2.91	2.40	-0.6305
bonbon	5.21	1.50	1.3511	6.44	1.14	-0.1190
bonbonne	2.64	1.53	1.5886	5.29	4.12	1.2241
bond	2.84	1.33	-0.2205	3.90	3.69	0.1956
bonheur	5.31	1.34	0.2851	3.23	3.03	-0.2887
bonne	5.70	1.35	1.0695	2.93	3.65	0.6806
bonté	3.66	1.40	-0.3440	2.59	1.96	-0.6395
bonze	1.55	0.89	-0.2717	2.02	3.06	1.1127
boomerang	2.59	1.12	-1.2538	6.29	2.31	0.3513
bordée	2.75	1.42	0.5613	2.76	2.34	-0.5360
bordereau	2.14	1.23	0.2494	2.97	4.24	1.4739
bordure	3.52	1.49	0.4083	4.97	2.43	-0.9505
borne	2.58	1.36	0.3601	3.36	3.20	-0.1777
bosquet	1.67	0.87	-0.6865	3.12	4.88	2.3819
bottin	3.30	1.49	0.5385	5.43	2.43	-0.6052
bottine	3.22	1.50	0.6800	6.15	1.21	-0.5412
bouche	5.73	1.24	0.3664	6.75	0.27	0.2108
bouchée	4.72	1.49	0.6815	4.95	2.62	-0.7918
boucle	4.11	1.45	0.0191	5.98	2.04	-0.2968
boudin	2.66	1.33	0.0231	4.66	3.92	0.5702
bouge	5.01	1.43	0.5263	3.33	3.06	-0.3161
bougie	3.67	1.18	-1.8713	6.80	0.21	0.3008
bouilloire	4.25	1.34	-0.7635	6.40	1.04	-0.2249
boulanger	3.47	1.35	-0.6348	5.37	2.59	-0.5184
boulangerie	3.63	1.37	-0.5575	5.74	1.32	-1.0215
bouleau	3.34	1.45	0.1949	5.88	2.86	0.2762
boulet	2.25	1.13	-0.6038	4.74	3.96	0.6562
boulette	3.38	1.54	0.8916	6.08	1.10	-0.6843
boulevard	4.79	1.48	0.6689	5.12	2.53	-0.7721
boulon	1.94	1.08	-0.2466	4.38	4.49	1.3508
boulot	3.23	1.53	0.9161	4.19	3.84	0.3751
bouquet	3.81	1.08	-2.5077	6.45	0.71	-0.2458
bouquineur	1.54	0.86	-0.3852	3.25	3.42	0.1470
bourde	1.87	1.08	-0.0836	1.74	1.69	0.4300
bourdon	2.77	1.54	1.4884	5.08	4.37	1.4389
bourgeoisie	2.75	1.29	-0.3849	3.66	3.10	-0.4406
bourreau	2.32	1.06	-1.1478	3.87	4.16	0.8596
bourse	4.62	1.34	-0.5448	5.02	3.06	-0.3108
bouse	1.64	1.00	0.0449	2.81	5.02	2.8876
bouseux	1.64	0.87	-0.6080	2.06	2.66	0.6414
boussole	3.11	1.31	-0.6576	6.61	0.67	0.0215
bout	4.76	1.62	1.8050	4.19	3.53	-0.0246
boutade	1.48	0.79	-0.5284	1.48	1.14	0.6429
boute-en-train	1.88	1.15	0.3120	2.48	3.39	0.8359
bouteille	5.69	1.15	-0.2938	6.64	0.61	0.0607
boutique	4.57	1.47	0.3975	5.54	1.66	-1.0559
bouton	5.13	1.38	0.3078	6.43	0.86	-0.2347
boutonnière	2.33	1.29	0.2854	4.98	3.61	0.3094
boyau	2.68	1.35	0.1381	5.45	4.16	1.4235
braise	2.91	1.53	1.2310	3.90	4.45	1.2947
branchage	2.51	1.40	0.7679	3.41	3.53	0.1862
branche	4.45	1.30	-0.9485	6.55	0.83	-0.0428
bras	5.47	1.41	1.0730	6.77	0.31	0.2530
brasier	2.18	1.16	-0.2813	3.86	3.31	-0.2576
bravoure	2.62	1.07	-1.5935	2.75	2.25	-0.5992
bretelle	3.19	1.38	-0.2233	5.94	1.99	-0.3894
bribe	2.08	1.42	1.7271	2.00	2.10	0.2697
brigade	2.72	1.22	-0.8156	3.62	3.28	-0.2245
brigadière	2.65	1.41	0.6264	5.08	3.31	0.0087
brindille	2.59	1.31	-0.0139	4.97	3.84	0.6079
brioche	3.05	1.30	-0.6694	6.04	2.62	0.2610
brique	3.82	1.22	-1.6442	6.72	0.34	0.1618
brise	4.04	1.71	2.2133	3.90	2.96	-0.6577
brocanteur	1.56	0.80	-0.7075	2.31	3.20	0.8451
broche	3.51	1.47	0.2540	5.80	2.07	-0.5016
brochet	2.73	1.50	1.2159	5.30	4.00	1.0591
brochette	3.59	1.54	0.7855	6.07	1.42	-0.5589
brochure	3.62	1.30	-1.0560	5.45	2.25	-0.7383
brocoli	4.66	1.56	1.2017	6.81	0.32	0.3307
broderie	2.72	1.23	-0.7498	5.13	2.37	-0.9004
brosse	5.19	1.41	0.6183	6.25	0.90	-0.5078
brosse à dents	6.05	1.20	0.8308	6.94	0.05	0.5690
brouette	3.18	1.30	-0.7906	6.47	1.19	-0.0512
brouillon	4.48	1.52	0.7364	5.09	2.34	-0.9533
broussaille	2.30	1.44	1.4408	3.51	4.24	1.1074
bru	2.38	1.54	2.0949	2.84	3.50	0.5744
bruine	2.37	1.43	1.2354	3.95	5.34	2.8120
bruit	5.59	1.31	0.5651	3.36	2.76	-0.6491
brûleur	3.16	1.44	0.2570	4.77	2.92	-0.5890
brûlure	4.20	1.19	-1.8001	5.43	2.50	-0.5505
brutalité	3.31	1.25	-1.2347	2.95	2.62	-0.4700
buanderie	2.97	1.53	1.1629	5.38	3.57	0.5558
bûcher	2.80	1.29	-0.4511	5.19	2.76	-0.5099
budget	4.81	1.31	-0.5846	3.68	2.92	-0.6322
buée	2.93	1.68	2.5009	4.80	3.24	-0.2321
bulbe	2.95	1.22	-1.1043	5.41	2.43	-0.6234
bulle	3.94	1.65	1.6641	6.43	0.90	-0.2230
bureau	5.46	1.21	-0.3520	6.24	1.17	-0.4266
burin	1.17	0.45	-0.7312	1.56	1.04	0.4480
butin	2.29	1.35	0.7852	3.28	4.54	1.6917
butor	1.54	1.04	0.5332	1.78	2.22	0.7252
buveur	3.61	1.31	-0.9824	4.12	2.66	-0.9821
cabale	1.63	1.04	0.2904	1.70	1.10	0.2121
cabanon	2.25	1.26	0.2307	4.52	5.76	3.6684
cabinet	3.88	1.55	0.8056	5.59	2.28	-0.5765
câblage	2.61	1.30	-0.1145	4.22	3.76	0.2712
cabriolet	1.90	1.09	-0.0959	3.54	5.11	2.5183
cacahuète	2.22	1.36	0.9927	6.11	2.43	0.1880
cachalot	1.78	0.94	-0.6252	3.52	6.20	4.7066
cachette	3.93	1.67	1.8423	4.02	2.34	-1.2533
cachot	2.11	1.10	-0.5018	4.20	5.48	3.0606
cactus	3.05	1.41	0.1312	6.73	0.42	0.1919
caddie	1.58	0.86	-0.4943	2.72	3.57	0.7899
cadenas	4.50	1.41	-0.1161	6.70	0.44	0.1383
cadran	4.40	1.73	2.5215	6.08	2.16	-0.0751
cadre	4.37	1.36	-0.5649	5.86	2.13	-0.3860
cafard	2.15	1.41	1.5050	3.66	5.20	2.6334
café	5.91	1.10	-0.1193	6.59	0.62	-0.0250
cage	4.02	1.50	0.4005	6.59	0.58	-0.0349
cahier	5.04	1.36	0.0400	6.33	1.28	-0.2402
caïman	1.52	0.85	-0.3759	2.63	5.11	3.2388
caissière	4.94	1.43	0.4413	5.27	1.82	-1.2015
calanque	1.32	0.69	-0.4600	1.87	2.59	0.8870
calcification	1.84	1.13	0.2847	2.77	2.99	0.0672
calcul	4.88	1.38	-0.0044	4.11	3.20	-0.4160
cale	1.90	1.04	-0.3819	2.31	3.88	1.6908
calèche	2.19	1.16	-0.3013	5.43	4.16	1.4050
caleçon	3.13	1.74	2.8460	5.83	3.17	0.5466
calepin	3.20	1.45	0.3003	5.66	3.31	0.5160
calibre	3.13	1.44	0.2839	2.90	3.13	0.0918
calmar	2.20	1.13	-0.5058	4.38	5.95	4.0398
calme	5.12	1.34	0.0018	3.22	2.86	-0.4598
calomnie	1.77	1.04	-0.0687	1.94	2.13	0.3877
calorie	5.01	1.34	-0.1432	2.50	2.62	0.0045
calotte	2.69	1.72	3.1744	4.47	5.34	2.8269
calumet	1.88	0.94	-0.8667	3.52	4.75	1.9099
camarade	3.52	1.47	0.2493	4.47	2.56	-1.0395
cambriolage	3.08	1.17	-1.5614	4.04	2.96	-0.6781
caméléon	2.59	1.21	-0.6907	6.49	0.66	-0.1906
camion	5.33	1.30	0.0338	6.73	0.34	0.1804
camionnette	3.02	1.43	0.3145	6.50	0.71	-0.1617
camisole	3.95	1.58	1.0572	6.53	0.48	-0.1583
camp	4.35	1.44	0.0266	5.36	2.34	-0.7457
campagne	4.36	1.30	-0.9986	5.33	2.76	-0.3986
camping	4.47	1.36	-0.5075	5.94	1.39	-0.7446
canapé	2.78	1.39	0.2948	5.63	2.89	0.0217
canard	3.66	1.65	1.7038	6.81	0.23	0.3215
canari	2.51	1.34	0.3264	6.34	1.23	-0.2443
cancer	5.15	1.47	1.0248	3.88	3.57	0.0533
candeur	1.70	0.83	-0.9466	1.88	1.49	0.0759
candidat	3.97	1.24	-1.5169	3.56	2.86	-0.6533
candidature	3.59	1.35	-0.6892	2.86	2.53	-0.4744
cane	3.40	1.58	1.2144	5.75	2.96	0.2252
canette	4.84	1.62	1.8860	6.50	0.76	-0.1485
caniche	2.93	1.58	1.6254	5.86	3.10	0.5050
canif	2.98	1.21	-1.2027	6.25	0.90	-0.5078
canoë	2.94	1.58	1.6140	5.80	3.76	1.2384
canon	3.08	1.38	-0.1233	6.22	1.64	-0.2232
cantatrice	1.65	0.95	-0.2433	2.43	3.31	0.8120
cantine	3.65	1.58	1.0997	5.27	2.76	-0.4480
cantique	2.17	1.04	-0.9701	2.58	2.89	0.1677
canton	2.44	1.37	0.6616	3.19	4.00	0.9447
capacité	4.37	1.29	-1.0630	2.26	1.28	-0.6094
cape	2.69	1.30	-0.2320	5.65	2.56	-0.2741
capital	4.56	1.45	0.2332	3.52	3.35	-0.0956
capitale	4.88	1.36	-0.1516	3.98	3.69	0.1821
capot	2.55	1.23	-0.4972	4.79	4.20	1.0269
caprice	3.16	1.33	-0.5613	2.47	1.61	-0.7146
capsule	3.31	1.49	0.5314	4.88	3.69	0.3524
captivité	2.97	1.22	-1.1265	3.23	2.43	-0.8609
capture	3.22	1.44	0.2063	3.50	2.89	-0.5909
capuche	3.19	1.46	0.3869	4.87	4.80	2.0075
capuchon	4.09	1.56	0.9042	6.36	0.85	-0.3539
carabine	2.86	1.47	0.8074	6.19	1.37	-0.4106
caractéristique	5.05	1.26	-0.6507	2.62	2.34	-0.3848
carafe	1.98	1.18	0.2697	3.78	5.62	3.3923
caramel	4.33	1.49	0.4104	6.51	0.61	-0.1672
carapace	2.54	1.13	-1.1150	5.70	2.04	-0.6376
carat	2.09	1.16	-0.0956	2.44	3.65	1.2115
caravane	2.42	1.08	-1.2120	5.33	3.39	0.2838
caravelle	1.67	0.82	-0.9134	2.91	5.02	2.7921
carburant	2.97	1.36	-0.1565	4.51	2.89	-0.7129
carburateur	2.68	1.23	-0.6933	4.31	3.88	0.4356
carcan	1.53	0.80	-0.6252	1.94	2.59	0.7714
carcasse	2.43	1.09	-1.1710	4.98	3.72	0.4581
cardiogramme	2.05	1.06	-0.6063	4.36	3.92	0.4959
carence	2.68	1.53	1.5303	2.23	1.90	-0.2151
caresse	5.07	1.40	0.3756	4.76	3.35	-0.1233
cargo	2.36	1.08	-1.1059	4.79	3.46	0.0229
caribou	2.96	1.30	-0.5741	6.35	1.44	-0.1304
caricature	3.54	1.53	0.7237	5.33	2.46	-0.6663
carie	3.74	1.47	0.1750	5.18	2.82	-0.4515
carillon	1.98	0.99	-0.8376	3.93	4.80	1.8503
carnaval	3.69	1.58	1.0880	5.52	1.90	-0.9245
carotte	4.97	1.53	1.2720	6.98	0.01	0.6499
carpette	2.04	1.01	-0.8626	3.70	5.66	3.5120
carquois	1.23	0.54	-0.6805	2.02	3.10	1.1509
carré	4.79	1.71	2.6393	6.22	2.53	0.4307
carrefour	3.09	1.58	1.4569	3.94	3.10	-0.5163
carrière	4.86	1.31	-0.5320	3.34	2.89	-0.5033
carriole	1.85	1.07	-0.0938	3.84	5.02	2.2524
carrosse	3.11	1.41	0.0728	5.91	2.46	-0.0532
cartable	5.02	1.45	0.6936	6.53	0.59	-0.1363
cartouche	3.48	1.45	0.1120	5.36	2.31	-0.7707
cas	5.36	1.32	0.2237	2.33	2.37	-0.0007
cascade	3.20	1.39	-0.1573	4.87	3.65	0.2977
cascadeur	2.63	1.27	-0.3516	4.56	3.65	0.1746
caserne	2.84	1.33	-0.2205	5.19	4.67	1.9903
casino	4.45	1.48	0.3954	6.07	1.23	-0.6448
casque	4.47	1.39	-0.2859	6.55	0.64	-0.0915
cassette	4.51	1.44	0.1203	6.52	0.69	-0.1317
caste	2.33	1.54	2.1854	1.95	1.64	0.0435
castor	3.47	1.67	1.9606	6.81	0.32	0.3307
cataclysme	2.02	1.33	1.1921	2.55	2.92	0.2378
catalogue	4.45	1.47	0.3161	5.77	2.22	-0.4260
catapulte	2.02	1.04	-0.6537	5.33	3.72	0.7093
catastrophe	4.04	1.12	-2.2708	4.22	2.96	-0.6835
catégorie	4.58	1.27	-1.0667	2.75	1.85	-0.8888
cauchemar	4.68	1.14	-1.8265	4.33	3.80	0.3315
causalité	3.27	1.55	1.0504	2.02	1.96	0.1360
cause	5.27	1.39	0.5886	2.19	2.22	0.0717
cavalerie	2.25	1.18	-0.2936	4.20	3.96	0.5383
cave	4.50	1.67	2.0345	5.69	2.25	-0.4934
caverne	3.25	1.29	-0.9173	6.35	0.88	-0.3585
cavité	3.23	1.56	1.1650	4.16	3.42	-0.1620
cèdre	3.16	1.43	0.1799	5.88	2.53	-0.0353
ceinture	4.88	1.28	-0.7188	6.62	0.49	0.0019
céleri	4.87	1.50	0.9127	6.79	0.28	0.2877
cellule	4.12	1.51	0.4983	5.40	2.53	-0.5497
cène	1.69	0.96	-0.2959	2.25	3.96	1.8831
cens	2.76	1.88	4.6245	2.52	3.72	1.2127
cent	5.13	1.62	2.2415	5.50	3.31	0.3516
centaure	1.59	0.94	-0.1346	3.04	5.57	3.7095
centre	5.36	1.29	0.0135	4.45	2.92	-0.6915
cèpe	1.28	0.78	0.0164	1.41	0.76	0.6519
cerceau	3.16	1.35	-0.4174	6.36	0.85	-0.3539
cercueil	3.38	1.48	0.4049	6.56	0.56	-0.0905
cérémonie	4.11	1.55	0.8248	4.12	2.89	-0.7540
cerf	2.90	1.31	-0.4352	6.43	1.06	-0.1682
cerise	4.04	1.48	0.2429	6.84	0.22	0.3788
cerisier	2.64	1.36	0.2692	6.04	1.69	-0.4501
cerne	3.08	1.60	1.6374	4.72	4.58	1.5812
certitude	3.85	1.41	-0.3053	2.15	1.35	-0.4199
chacal	1.77	1.05	-0.0126	3.68	6.00	4.2148
chagrin	3.41	1.43	-0.0041	3.87	3.06	-0.5409
chair	3.47	1.50	0.5133	5.12	2.99	-0.3195
chaise	6.02	0.96	-0.6345	6.85	0.26	0.4016
châle	2.36	1.29	0.2307	4.97	4.75	1.9886
chalet	4.50	1.60	1.4198	6.25	1.32	-0.3430
chaloupe	2.69	1.32	-0.0913	6.36	0.96	-0.3175
chambre	6.20	1.00	0.0303	6.15	1.42	-0.4458
chameau	2.76	1.46	0.8572	6.72	0.37	0.1662
champ	4.51	1.29	-0.9795	6.28	1.00	-0.4293
champignon	4.48	1.53	0.8183	6.69	0.46	0.1241
champion	4.22	1.26	-1.3329	4.57	2.19	-1.3237
championnat	3.51	1.26	-1.2856	4.15	2.50	-1.1287
chance	5.42	1.31	0.2547	2.63	2.31	-0.4211
chandail	5.44	1.39	0.8696	6.60	0.52	-0.0286
chanteuse	5.05	1.18	-1.1749	5.26	2.76	-0.4560
chantier	3.22	1.43	0.1292	4.65	2.56	-0.9884
chaos	2.95	1.34	-0.2793	3.51	3.35	-0.0908
chapeau	5.02	1.24	-0.8235	6.76	0.26	0.2287
chapelle	3.28	1.48	0.4733	5.77	2.28	-0.3784
chaperon	2.78	1.25	-0.6978	4.87	3.35	-0.0716
chapiteau	2.28	1.19	-0.2873	4.69	3.96	0.6364
chapitre	5.41	1.09	-1.1805	4.23	2.86	-0.7880
charabia	1.83	1.04	-0.2157	1.93	1.93	0.2610
charité	3.94	1.26	-1.3837	3.16	2.22	-0.9863
charme	4.34	1.26	-1.2835	3.31	2.53	-0.8307
charnière	2.07	1.11	-0.3579	3.13	4.41	1.5971
charpente	2.59	1.37	0.4180	4.27	3.84	0.3785
charte	3.67	1.45	0.0358	3.84	2.79	-0.8163
châsse	2.45	1.65	2.9155	3.05	5.24	3.0805
chaste	2.38	1.16	-0.6605	2.36	2.07	-0.2742
chat	5.52	1.39	1.0133	6.91	0.08	0.5093
châtaigne	1.97	0.98	-0.8680	3.36	4.93	2.2957
château	3.72	1.59	1.1656	6.84	0.18	0.3762
châtiment	2.87	1.38	0.1064	2.83	2.72	-0.2654
chaton	4.20	1.55	0.8489	6.58	0.74	-0.0148
chaudron	3.81	1.52	0.5646	6.74	0.38	0.2052
chauffage	4.77	1.52	0.9714	4.09	3.28	-0.3326
chaussette	3.67	1.73	2.4270	6.57	0.74	-0.0324
chausson	3.00	1.40	0.1075	6.11	1.14	-0.6254
chaussure	4.63	1.50	0.6836	6.66	0.45	0.0671
chauve	3.61	1.33	-0.8406	5.87	1.99	-0.4779
chauve-souris	2.91	1.40	0.2080	6.85	0.20	0.3969
chauvinisme	1.56	0.78	-0.7923	2.13	2.25	0.1833
cheminée	4.12	1.43	-0.1334	6.70	0.46	0.1425
chemisier	2.85	1.45	0.6629	5.14	3.46	0.2256
chenille	3.04	1.42	0.2173	6.71	0.31	0.1406
cheptel	1.48	1.00	0.4812	1.83	2.43	0.8142
chéquier	2.44	1.11	-1.0700	4.47	3.96	0.5707
cheval	4.18	1.62	1.4387	6.90	0.09	0.4897
chevelure	3.38	1.19	-1.6745	6.11	1.14	-0.6254
cheveu	5.40	1.56	2.1473	6.60	0.58	-0.0172
cheville	4.17	1.70	2.1491	6.45	1.04	-0.1427
chèvre	3.29	1.51	0.7069	6.94	0.05	0.5690
chevreau	2.36	1.36	0.7289	4.29	5.11	2.3785
chewing-gum	2.72	1.77	3.6008	6.62	0.66	0.0355
chien	5.86	1.13	-0.0528	6.97	0.03	0.6295
chignon	2.46	1.30	0.1257	5.15	3.88	0.7782
chinoiserie	1.83	0.92	-0.8473	2.61	2.37	-0.3479
chirurgien	3.79	1.47	0.1659	5.56	1.80	-0.9555
choc	4.68	1.29	-0.8476	3.75	3.65	0.1838
choeur	2.84	1.41	0.3681	4.65	3.76	0.3541
choléra	1.90	1.08	-0.1542	2.68	3.92	1.2931
chômage	4.36	1.42	-0.1220	3.45	3.06	-0.3845
chose	6.08	1.18	0.7771	3.26	3.35	0.0524
chronique	3.62	1.43	-0.1029	2.79	2.79	-0.1611
chronomètre	3.48	1.39	-0.3456	6.19	1.49	-0.3504
ciel	5.84	1.17	0.1498	6.69	0.46	0.1241
cigare	3.65	1.62	1.4434	6.69	0.41	0.1160
cigarette	5.33	1.42	0.9103	6.85	0.22	0.3983
cigogne	2.57	1.44	0.9772	5.44	4.54	1.9900
ciment	3.72	1.52	0.5809	5.91	2.02	-0.4078
cimetière	3.90	1.42	-0.2320	6.52	0.50	-0.1706
cintre	2.69	1.54	1.5985	4.90	5.43	3.1644
circonstance	4.48	1.04	-2.5636	2.31	1.82	-0.3799
circulation	4.55	1.19	-1.6175	4.13	2.50	-1.1283
cirrhose	1.48	0.94	0.1686	2.16	3.39	1.2678
ciseaux	4.98	1.46	0.7220	6.87	0.19	0.4355
citadelle	2.19	1.11	-0.6062	4.33	4.12	0.7765
citation	4.61	1.49	0.5872	3.87	3.20	-0.3843
citerne	2.40	1.27	0.0220	3.97	4.84	1.9185
citoyen	4.79	1.20	-1.3463	4.19	3.65	0.1195
citoyenne	4.14	1.56	0.9153	3.88	3.61	0.1013
citron	4.12	1.64	1.5980	6.95	0.04	0.5890
citrouille	3.52	1.56	0.9817	6.94	0.08	0.5696
civière	2.65	1.42	0.7024	5.22	4.54	1.8040
civilisation	4.15	1.30	-1.0791	3.58	2.25	-1.2080
civisme	2.81	1.36	0.0342	2.47	2.82	0.2316
clafoutis	1.29	0.64	-0.5480	1.48	1.00	0.5881
clairière	2.65	1.50	1.3297	4.58	3.69	0.2300
clairon	1.57	0.77	-0.8612	3.22	5.34	3.1237
clarification	3.47	1.38	-0.4148	2.36	1.39	-0.6907
clarté	4.11	1.32	-0.9480	3.72	2.59	-0.9689
classement	3.95	1.28	-1.2471	3.31	2.76	-0.6187
classification	3.63	1.39	-0.4093	2.77	2.25	-0.6198
claustrophobie	2.59	1.43	0.8691	3.70	3.80	0.4030
clavecin	1.49	0.82	-0.4268	3.43	5.86	4.0214
clé	5.62	1.45	1.6611	6.63	0.59	0.0395
clebs	1.17	0.51	-0.5766	1.69	2.59	1.2009
clef	5.22	1.56	1.8591	6.28	1.77	-0.0537
clémence	2.43	1.19	-0.5587	2.23	2.37	0.1372
clenche	1.92	1.25	0.8631	1.94	1.74	0.1218
clic	3.44	1.70	2.2483	2.86	3.80	0.9486
cliché	3.74	1.37	-0.5877	2.79	2.56	-0.3771
client	5.16	1.28	-0.3642	4.23	3.35	-0.2487
cliente	4.97	1.42	0.4005	4.23	3.24	-0.3752
clientèle	4.56	1.57	1.2065	3.94	2.34	-1.2422
climatiseur	3.22	1.62	1.6855	5.11	3.28	-0.0132
clinique	4.56	1.46	0.3114	5.18	2.56	-0.7006
clique	3.62	1.65	1.7168	3.04	3.35	0.2162
clivage	2.09	1.06	-0.6918	3.12	4.04	1.0534
cloche	4.16	1.56	0.9206	6.52	0.62	-0.1467
clocher	2.86	1.20	-1.1286	5.91	1.96	-0.4473
clochette	2.72	1.42	0.6024	6.15	1.59	-0.3549
cloison	1.79	0.78	-1.3890	3.00	3.61	0.5702
clôture	4.36	1.37	-0.4967	6.71	0.37	0.1477
clou	3.88	1.52	0.5583	6.47	0.79	-0.1895
cobra	2.60	1.33	0.1126	6.50	0.69	-0.1658
cocaïne	3.69	1.62	1.4318	5.62	2.10	-0.6824
coccinelle	3.30	1.51	0.6996	6.71	0.66	0.1992
cochon	4.00	1.69	2.0262	6.89	0.09	0.4699
cocotte	3.63	1.56	0.9375	5.80	1.80	-0.6913
cocotte-minute	1.55	0.89	-0.2717	3.55	5.86	3.9618
cocu	1.94	1.14	0.1111	2.13	2.16	0.1140
codage	2.91	1.30	-0.5171	2.92	2.59	-0.4727
coffre-fort	3.00	1.56	1.3794	5.65	3.24	0.4215
coffret	3.19	1.39	-0.1489	5.69	2.22	-0.5170
cognac	3.37	1.64	1.7519	5.51	2.59	-0.3888
cohérence	3.56	1.40	-0.3079	2.34	1.61	-0.5473
cohue	1.52	0.78	-0.6824	2.15	2.43	0.3053
coiffure	4.48	1.29	-0.9993	5.84	1.72	-0.6925
coïncidence	4.47	1.49	0.4875	2.63	2.37	-0.3705
coing	1.26	0.63	-0.4904	1.77	2.28	0.7903
colibri	2.65	1.37	0.3277	5.75	4.24	1.8578
colique	2.38	1.31	0.3346	2.91	3.80	0.9017
collaborateur	3.61	1.31	-0.9824	3.02	2.96	-0.2016
collaboration	4.12	1.33	-0.8746	2.61	2.02	-0.6228
collage	3.34	1.36	-0.4843	4.79	2.72	-0.7809
collant	4.33	1.43	-0.0601	5.31	2.79	-0.3828
collection	4.37	1.40	-0.2684	4.16	2.76	-0.8887
collectivité	3.83	1.27	-1.3110	2.94	2.10	-0.8962
collègue	4.54	1.33	-0.6772	4.16	3.03	-0.6113
collet	3.45	1.66	1.8818	5.37	2.86	-0.2648
colline	3.68	1.36	-0.6463	6.21	1.25	-0.4340
collision	3.69	1.26	-1.3526	4.77	2.25	-1.2042
colloque	3.34	1.83	3.5422	3.65	3.80	0.4211
colombe	3.09	1.54	1.1217	6.18	2.22	0.1135
colonie	3.50	1.30	-1.0058	4.06	2.37	-1.2316
colorant	3.67	1.27	-1.2791	4.63	2.37	-1.1591
colza	1.24	0.57	-0.6221	1.24	0.56	0.9595
combinaison	4.00	1.40	-0.3804	3.29	2.76	-0.6060
combustion	2.95	1.43	0.3902	3.55	3.03	-0.4709
comédie	4.79	1.40	0.0502	3.61	2.76	-0.7742
comète	2.73	1.25	-0.6304	5.63	3.20	0.3593
comité	4.06	1.60	1.2384	3.52	2.10	-1.2940
commande	4.43	1.44	0.0697	3.11	3.03	-0.2011
commandement	3.51	1.41	-0.2100	3.00	2.76	-0.3891
commencement	4.47	1.36	-0.5075	3.11	2.96	-0.2742
commerçant	3.48	1.41	-0.1952	3.94	2.89	-0.7355
commerce	4.43	1.43	-0.0073	3.56	2.43	-1.0475
commère	2.53	1.43	0.9635	3.04	2.99	-0.1820
commissaire	2.95	1.36	-0.1343	3.05	3.24	0.0814
commission	4.23	1.44	-0.0243	3.09	2.79	-0.4304
commode	3.37	1.47	0.3320	4.98	4.62	1.7796
communauté	4.62	1.47	0.4362	3.47	2.56	-0.8932
communiqué	4.16	1.40	-0.3513	2.95	2.43	-0.6402
communisme	3.56	1.61	1.3897	2.80	2.79	-0.1712
compagnie	4.84	1.45	0.4844	3.46	2.62	-0.8291
comparaison	4.85	1.21	-1.2195	2.73	2.50	-0.3721
compas	2.83	1.33	-0.2080	5.66	3.20	0.3916
compatible	3.80	1.32	-0.9595	2.51	1.56	-0.7919
compensateur	2.51	1.63	2.6394	2.29	1.88	-0.3171
compère	1.71	0.88	-0.7426	2.05	2.02	0.1289
compétence	4.63	1.24	-1.2296	2.38	1.90	-0.4192
complaisance	2.15	1.21	0.0978	2.02	1.39	-0.1996
complément	4.30	1.57	1.0543	2.15	1.37	-0.4088
complet	5.16	1.24	-0.6349	3.38	3.24	-0.1486
complexe	4.68	1.43	0.1751	2.68	2.02	-0.7007
complexité	3.59	1.40	-0.3199	2.29	1.32	-0.6299
complication	4.09	1.53	0.6553	2.66	1.99	-0.6988
complicité	3.70	1.29	-1.1498	2.45	1.88	-0.5272
compliment	4.98	1.25	-0.8064	2.81	2.02	-0.8359
complot	2.88	1.14	-1.5299	2.80	2.40	-0.5250
composant	3.61	1.38	-0.4767	2.55	2.28	-0.3534
composante	4.09	1.41	-0.2922	2.75	2.31	-0.5507
composé	4.45	1.46	0.2374	2.63	2.10	-0.5829
composition	4.25	1.44	-0.0169	3.01	2.59	-0.5518
compote	3.47	1.36	-0.5620	5.38	2.46	-0.6231
compréhension	4.58	1.44	0.1705	2.36	1.23	-0.7649
compromis	4.09	1.34	-0.8092	2.40	1.28	-0.7973
comptabilité	3.93	1.58	1.0568	2.76	1.85	-0.8991
comptable	3.84	1.40	-0.3799	4.27	3.61	0.0741
compte	5.00	1.43	0.5138	3.08	2.79	-0.4225
comptine	2.23	1.11	-0.6852	3.47	2.25	-1.1562
comptoir	4.98	1.48	0.8799	5.95	2.02	-0.3564
comté	3.05	1.51	0.9154	2.88	3.03	-0.0039
comtesse	2.40	1.37	0.7310	3.87	3.24	-0.3435
concentration	5.13	1.22	-0.8094	2.58	2.13	-0.5041
concept	4.73	1.48	0.6110	2.23	1.51	-0.4511
conception	3.86	1.38	-0.5308	2.77	2.82	-0.1077
concombre	4.35	1.63	1.5931	6.89	0.10	0.4701
concurrence	3.52	1.33	-0.8034	2.40	1.74	-0.5494
concurrent	3.38	1.32	-0.7982	2.75	2.72	-0.1848
condition	4.83	1.34	-0.3504	2.29	1.10	-0.7240
conduit	4.51	1.55	1.0035	3.29	2.99	-0.3654
conduite	4.59	1.30	-0.8520	3.44	3.06	-0.3792
conférence	4.43	1.33	-0.7486	3.50	2.40	-1.0460
confession	3.78	1.37	-0.5952	2.98	2.16	-0.8876
confiance	5.08	1.37	0.1658	2.63	2.07	-0.6042
confidence	4.36	1.32	-0.8579	2.56	2.13	-0.4807
configuration	3.80	1.44	-0.0700	2.23	1.90	-0.2151
confirmation	4.37	1.22	-1.5349	2.83	1.90	-0.9330
confiture	4.34	1.46	0.1775	6.12	1.12	-0.6198
confrère	2.92	1.35	-0.1729	3.18	2.59	-0.6851
confusion	4.31	1.20	-1.6938	2.76	2.28	-0.5855
congé	5.36	1.37	0.5849	3.18	2.96	-0.3265
congrès	3.61	1.34	-0.7689	3.70	2.99	-0.5674
conjoint	4.41	1.51	0.6128	4.47	3.20	-0.3846
conjoncture	2.07	1.07	-0.5921	2.16	1.85	-0.1506
conjugaison	3.88	1.54	0.7226	2.86	2.53	-0.4744
conne	3.43	1.84	3.5849	2.58	3.17	0.4652
connexion	4.39	1.43	-0.0298	3.23	2.13	-1.1040
conquête	3.37	1.26	-1.2076	2.94	2.25	-0.7829
conscience	4.00	1.04	-2.7394	2.18	2.02	-0.0660
conseiller	4.41	1.25	-1.3143	3.75	2.59	-0.9785
consentement	3.52	1.16	-1.9402	2.54	1.49	-0.8678
conséquence	5.02	1.03	-2.1037	2.41	1.56	-0.6671
conservation	4.01	1.28	-1.2431	2.95	2.31	-0.7433
conserve	4.16	1.31	-1.0063	4.49	4.04	0.6881
considération	4.19	1.34	-0.7841	2.22	1.23	-0.5729
consigne	3.91	1.40	-0.3837	2.91	2.19	-0.8023
consolation	3.77	1.22	-1.6369	2.56	1.35	-0.9628
consommateur	4.36	1.32	-0.8579	3.70	2.89	-0.6742
consommation	4.52	1.41	-0.1025	3.30	2.34	-0.9852
constitution	3.94	1.45	-0.0009	2.56	2.56	-0.1262
constructeur	3.87	1.37	-0.6054	3.97	2.69	-0.9375
construction	4.61	1.41	-0.0358	4.52	2.53	-1.0563
consultant	3.68	1.42	-0.1983	3.50	2.43	-1.0195
consultation	4.14	1.40	-0.3566	2.51	1.74	-0.6870
conte	3.84	1.66	1.7568	4.04	3.61	0.0768
contemplation	2.68	1.23	-0.6933	2.40	2.53	0.0424
contenant	4.47	1.19	-1.6717	4.68	3.06	-0.4792
content	5.54	1.33	0.6121	3.90	3.24	-0.3498
continence	2.41	1.35	0.5674	2.05	2.40	0.4298
continuité	3.77	1.41	-0.2949	2.97	2.86	-0.2636
contour	3.94	1.43	-0.1556	4.37	2.43	-1.1690
contraception	4.40	1.65	1.7954	3.95	4.04	0.6686
contradiction	3.94	1.28	-1.2473	2.44	1.61	-0.6771
contrainte	3.54	1.26	-1.2994	2.46	2.13	-0.3596
contrariété	2.68	1.34	0.0659	1.94	1.04	-0.2228
contraste	4.02	1.39	-0.4533	3.58	3.28	-0.2078
contrat	4.54	1.41	-0.0885	4.09	3.35	-0.2476
contrepoison	1.82	1.15	0.4555	2.59	3.28	0.5760
contribution	3.90	1.20	-1.7800	2.52	1.82	-0.6487
contrôle	4.78	1.27	-0.8919	2.88	2.43	-0.5761
convenance	2.91	1.41	0.2835	2.23	1.80	-0.2861
convention	3.62	1.44	-0.0258	2.65	2.19	-0.5387
conversion	3.50	1.44	0.0244	2.50	2.04	-0.4728
conviction	3.59	1.25	-1.3874	2.49	1.59	-0.7536
convoi	2.26	1.18	-0.3128	3.01	3.35	0.2413
coopération	4.54	1.26	-1.1641	2.74	2.31	-0.5403
coordination	4.09	1.45	0.0150	2.93	2.43	-0.6222
coordonnée	4.33	1.31	-0.9431	2.90	2.19	-0.7931
copeau	2.07	1.19	0.1363	4.27	4.24	0.9518
copinage	2.25	1.46	1.6916	2.27	1.30	-0.6130
coq	3.36	1.42	-0.0496	6.87	0.17	0.4339
coque	2.52	1.32	0.1672	5.23	4.12	1.1764
coquillage	3.33	1.37	-0.4042	6.64	0.46	0.0331
coquille	3.38	1.44	0.0913	6.37	0.85	-0.3379
cor	1.75	1.13	0.5057	3.00	5.57	3.7431
corbeille	3.11	1.31	-0.6576	6.19	1.49	-0.3504
cordée	2.52	1.53	1.7746	3.42	3.88	0.6339
cordon	3.72	1.68	1.9560	6.08	1.32	-0.5902
corne	3.15	1.48	0.5795	5.82	2.66	0.0090
corneille	3.59	1.53	0.7030	6.65	0.52	0.0609
cornemuse	1.69	0.80	-1.0522	4.93	4.97	2.3441
cornet	3.72	1.44	-0.0550	6.26	1.37	-0.3057
cornichon	3.80	1.54	0.7303	6.75	0.48	0.2379
corporation	3.56	1.57	1.0481	2.63	1.51	-0.9589
corps	5.58	1.35	0.8317	6.04	1.69	-0.4501
corpulence	2.26	1.04	-1.1475	3.75	3.53	0.0398
correction	4.52	1.38	-0.3273	3.08	2.22	-0.9250
correspondance	3.69	1.22	-1.6191	2.87	2.22	-0.7419
correspondant	3.95	1.37	-0.6065	3.04	2.28	-0.8450
corrida	1.43	0.62	-1.0297	2.63	4.41	2.0677
corridor	4.64	1.54	1.0184	5.94	1.54	-0.6695
cortège	2.00	1.02	-0.7202	3.72	4.58	1.5452
corvée	3.35	1.63	1.6771	3.32	3.13	-0.2330
cosse	1.59	1.10	0.7420	2.13	3.65	1.6378
costume	4.32	1.45	0.0899	5.50	1.85	-0.9803
cotation	2.64	1.13	-1.2689	2.25	2.28	0.0340
côte	4.51	1.34	-0.6263	5.11	2.82	-0.5013
côté	5.36	1.31	0.1531	4.02	3.28	-0.3267
coteau	2.32	1.48	1.7172	2.97	5.20	3.0640
cotisation	3.20	1.51	0.7773	2.84	2.72	-0.2751
coton	4.54	1.40	-0.1640	5.87	2.13	-0.3736
cou	4.93	1.73	2.9755	6.59	0.66	-0.0178
couard	1.27	0.61	-0.5877	1.84	2.53	0.8799
couche	4.40	1.65	1.7954	5.65	2.59	-0.2449
coucher	6.12	1.12	0.5070	4.27	3.61	0.0741
coude	4.25	1.65	1.7257	6.38	1.04	-0.2572
couffin	1.63	0.96	-0.1393	1.88	2.86	1.1240
couleur	5.61	1.34	0.8173	5.00	3.17	-0.2066
couleuvre	2.92	1.34	-0.2451	6.68	0.32	0.0867
coupe	4.30	1.49	0.3968	5.15	3.42	0.1877
couple	5.54	1.18	-0.3990	5.23	2.13	-1.0174
couplet	3.23	1.52	0.8341	3.43	3.03	-0.4113
coupon	4.48	1.53	0.8183	5.96	1.06	-0.8620
coupure	4.09	1.48	0.2511	5.26	2.79	-0.4235
courage	4.81	1.39	-0.0045	3.00	2.62	-0.5136
courbature	2.56	1.44	0.9929	3.73	2.53	-1.0300
courbure	3.05	1.34	-0.3858	4.66	2.76	-0.8014
courgette	2.47	1.24	-0.3004	5.09	4.41	1.5104
couronne	3.43	1.51	0.6160	6.49	0.76	-0.1655
courroie	2.59	1.50	1.4199	4.15	4.00	0.5942
cousin	4.59	1.53	0.8960	5.06	3.06	-0.2854
coût	5.25	1.34	0.1911	3.26	3.76	0.5727
couteau	5.42	1.46	1.3706	6.58	0.71	-0.0235
coutume	4.02	1.29	-1.1730	3.43	2.40	-1.0100
couture	3.80	1.48	0.2436	5.06	2.76	-0.6003
couturier	3.16	1.48	0.5707	4.98	2.53	-0.8619
couvent	2.97	1.47	0.6795	5.02	3.06	-0.3108
couvercle	4.77	1.47	0.5699	6.18	1.49	-0.3651
couvert	4.65	1.48	0.5401	5.23	3.13	-0.0877
coyote	2.66	1.39	0.4614	6.16	1.77	-0.2331
crabe	3.21	1.62	1.6936	6.67	0.67	0.1295
crainte	4.06	1.40	-0.3729	3.00	2.56	-0.5725
crampon	2.36	1.11	-0.9294	4.68	4.62	1.6354
crâne	3.97	1.49	0.3160	6.62	0.55	0.0124
crapaud	3.04	1.45	0.4485	6.58	0.76	-0.0103
craque	4.31	1.60	1.3141	3.78	4.54	1.4581
craquement	3.41	1.19	-1.6928	3.34	2.86	-0.5377
cratère	2.34	1.11	-0.8931	5.45	2.34	-0.6647
cravate	4.01	1.69	2.0271	6.79	0.22	0.2824
crayon	5.45	1.42	1.1135	6.67	0.53	0.0999
créature	4.02	1.44	-0.0733	4.29	2.59	-1.0378
crédit	5.14	1.24	-0.6632	3.29	2.99	-0.3654
crème	5.02	1.38	0.1616	5.84	1.61	-0.7531
créole	2.38	1.44	1.2946	3.20	3.72	0.5627
crêpe	4.43	1.52	0.7057	6.52	0.79	-0.1048
crépuscule	2.46	1.16	-0.7992	4.13	3.65	0.1199
crête	2.49	1.08	-1.3306	3.76	4.33	1.1349
crevaison	3.13	1.26	-1.0213	5.40	2.28	-0.7600
crevasse	2.47	1.08	-1.2973	4.77	3.24	-0.2455
crevé	3.70	1.47	0.1844	3.29	2.53	-0.8180
crevette	4.02	1.41	-0.3029	6.58	0.74	-0.0148
crinière	2.44	1.06	-1.3614	5.15	3.88	0.7782
critère	4.61	1.25	-1.1788	2.38	1.88	-0.4376
critique	4.77	1.33	-0.4828	2.63	1.64	-0.8891
croc	2.27	1.14	-0.5812	3.61	5.48	3.1749
croche-pied	1.55	0.83	-0.5488	2.59	3.72	1.1302
crocodile	3.16	1.49	0.6504	6.86	0.11	0.4114
crosse	2.43	1.51	1.7616	3.50	4.71	1.8470
croupe	1.97	1.22	0.5500	2.47	3.72	1.2738
croyance	4.56	1.43	0.0785	2.71	2.19	-0.6039
cruauté	3.55	1.35	-0.6729	2.86	1.88	-0.9804
cruche	3.00	1.56	1.3794	5.61	2.40	-0.4545
crudité	3.38	1.34	-0.6553	4.94	3.65	0.3352
crypte	1.80	1.03	-0.1983	3.13	4.49	1.7296
cube	4.20	1.51	0.5202	6.53	0.67	-0.1185
cueillette	3.23	1.31	-0.7619	4.54	2.82	-0.7733
cuillère	5.73	1.37	1.2776	6.82	0.25	0.3424
cuir	4.35	1.35	-0.6477	5.90	2.07	-0.3791
cuisine	6.20	0.90	-0.4799	6.42	0.49	-0.3408
cuisinière	4.14	1.42	-0.2051	5.68	1.80	-0.8287
cuisse	5.14	1.45	0.8538	6.42	0.74	-0.2866
cuisson	4.44	1.37	-0.4526	4.36	2.69	-0.9391
culot	2.83	1.44	0.6103	2.98	3.61	0.5875
culture	5.00	1.37	0.0626	3.38	3.17	-0.2295
cumul	1.93	1.06	-0.3386	1.75	1.61	0.3674
curseur	3.21	1.61	1.6069	5.06	3.72	0.5076
cuvée	2.22	1.25	0.2217	3.38	3.03	-0.3834
cycliste	3.81	1.37	-0.5996	6.23	0.86	-0.5497
cyclone	2.38	1.34	0.5481	5.27	2.96	-0.2437
cylindre	3.14	1.33	-0.5435	6.37	0.64	-0.3920
cymbale	2.29	1.22	-0.1120	5.69	3.84	1.2167
daltonisme	2.90	1.49	0.9183	3.43	3.92	0.6828
damier	1.90	1.07	-0.2119	3.87	5.95	4.0568
dance	5.05	1.26	-0.6507	5.15	3.28	0.0147
danseur	4.43	1.49	0.4632	5.63	1.99	-0.7543
dauphin	3.55	1.63	1.5680	6.80	0.21	0.3008
dé	3.58	1.65	1.7317	6.30	2.40	0.4434
débâcle	1.78	0.96	-0.5232	1.67	1.28	0.3397
débat	4.62	1.31	-0.7583	3.56	3.17	-0.3215
débile	3.21	1.46	0.3702	2.76	2.25	-0.6096
débit	4.43	1.63	1.6362	3.05	2.56	-0.6142
débouché	3.58	1.19	-1.7767	2.79	2.07	-0.7746
débris	3.38	1.30	-0.9389	4.40	2.96	-0.6652
début	5.36	1.28	-0.0556	3.01	2.46	-0.6652
décalage	3.40	1.16	-1.8761	2.90	2.96	-0.0957
décembre	5.63	1.31	0.6430	3.83	3.88	0.4708
déception	3.64	1.16	-1.9877	2.76	2.25	-0.6096
décès	4.26	1.29	-1.1128	4.22	3.61	0.0714
décharge	3.26	1.17	-1.7178	3.09	2.72	-0.4949
déchet	4.80	1.47	0.5998	5.50	2.62	-0.3689
décimètre	2.80	1.29	-0.4511	4.41	3.42	-0.1411
décision	5.28	1.16	-0.9709	2.50	1.93	-0.5519
déclaration	4.11	1.29	-1.1582	2.69	1.88	-0.8073
déclic	2.69	1.43	0.7211	2.63	2.62	-0.1478
déclin	3.41	1.50	0.5467	2.69	2.16	-0.6051
décollage	3.60	1.21	-1.6555	4.31	2.76	-0.8817
décoration	4.55	1.30	-0.8819	4.80	2.89	-0.6105
découverte	4.55	1.32	-0.7412	3.08	2.10	-1.0147
décrépitude	1.69	0.96	-0.2959	1.69	1.39	0.3577
décret	2.04	1.24	0.5272	1.93	1.99	0.2997
déesse	2.73	1.40	0.4371	4.41	3.96	0.5589
défi	4.76	1.29	-0.7740	3.04	2.56	-0.6060
défiance	3.01	1.33	-0.4163	2.39	2.43	-0.0273
déficit	3.77	1.29	-1.1650	2.45	1.80	-0.5799
défilé	3.83	1.35	-0.7481	4.08	2.43	-1.1805
définition	5.26	1.38	0.4987	2.78	2.76	-0.1836
dégaine	1.66	1.01	0.0464	2.09	2.16	0.1741
dégât	4.40	1.59	1.2733	4.34	2.43	-1.1730
dégel	3.54	1.50	0.4796	3.94	3.20	-0.3979
dégoût	3.80	1.34	-0.8166	3.27	2.72	-0.6250
déguisement	3.76	1.27	-1.3007	4.72	1.99	-1.4209
déité	1.47	0.95	0.2476	1.97	2.19	0.3840
déjeuner	5.91	1.38	1.7456	5.43	2.59	-0.4647
délai	3.80	1.38	-0.5244	2.52	2.25	-0.3417
délégation	3.26	1.32	-0.7147	2.97	2.28	-0.7855
délégué	3.18	1.31	-0.7205	2.88	2.40	-0.6026
délicatesse	2.91	1.13	-1.6265	2.87	1.80	-1.0426
délire	3.35	1.41	-0.1190	3.09	2.43	-0.7577
délit	3.49	1.50	0.5031	2.63	2.40	-0.3445
délivrance	3.16	1.22	-1.3146	2.59	2.46	-0.2454
déluge	2.88	1.10	-1.7706	4.25	3.76	0.2726
demande	5.90	1.05	-0.4309	2.70	2.13	-0.6380
démarche	4.16	1.26	-1.3514	3.13	2.62	-0.6184
démêlage	2.76	1.35	0.0271	2.88	2.13	-0.8193
demeure	3.97	1.56	0.8894	4.31	3.84	0.3820
déminage	1.70	0.86	-0.8104	2.56	2.59	-0.0971
démocratie	4.47	1.36	-0.5075	2.63	2.16	-0.5390
démolition	3.23	1.28	-0.9706	4.11	2.43	-1.1821
démon	3.48	1.51	0.5890	5.37	2.43	-0.6589
dent	5.53	1.26	0.1066	6.77	0.37	0.2601
dentelle	3.50	1.42	-0.1292	6.34	0.79	-0.4014
département	5.19	1.35	0.1736	3.29	2.16	-1.1217
dépense	5.12	1.35	0.0740	3.47	3.28	-0.1560
dépit	2.93	1.52	1.1259	2.04	1.19	-0.3238
dépliant	3.70	1.38	-0.5045	5.22	2.43	-0.7819
dépôt	4.47	1.53	0.8119	3.45	2.62	-0.8239
dépotoir	3.23	1.30	-0.8320	5.16	3.20	-0.0604
député	3.63	1.50	0.4445	3.70	2.69	-0.8714
dérision	2.21	1.17	-0.2785	1.70	0.66	0.0736
derme	2.23	1.45	1.6523	4.00	5.02	2.2232
dernier	5.38	1.20	-0.5550	3.50	3.35	-0.0859
derrière	5.48	1.37	0.7923	3.83	3.35	-0.2076
désarroi	2.44	1.18	-0.6395	2.34	2.28	-0.0891
désastre	4.20	1.42	-0.1880	3.58	2.56	-0.9449
description	5.05	1.22	-0.9171	2.69	2.16	-0.6051
déséquilibre	3.80	1.31	-1.0301	3.25	2.53	-0.7917
désillusion	2.75	1.55	1.5982	1.95	1.54	-0.0130
désir	4.95	1.38	0.0758	2.94	2.40	-0.6578
dessein	2.52	1.49	1.4501	2.81	4.00	1.2691
destin	4.36	1.09	-2.3465	2.34	1.74	-0.4706
destination	4.36	1.16	-1.9235	3.13	2.99	-0.2533
destinée	3.77	1.39	-0.4453	2.16	2.19	0.0923
destruction	4.23	1.33	-0.8425	3.68	2.40	-1.1222
détection	3.90	1.33	-0.8967	2.54	1.93	-0.6001
détente	4.13	1.38	-0.5083	3.29	2.62	-0.7305
détermination	4.29	1.32	-0.8904	2.56	1.69	-0.7784
détonateur	2.25	1.25	0.1632	2.98	3.72	0.7361
détonation	2.48	1.27	-0.1149	2.68	2.69	-0.1419
détour	4.26	1.27	-1.2503	3.71	2.04	-1.4132
détresse	3.33	1.25	-1.2486	3.04	2.56	-0.6060
deuil	3.73	1.51	0.4973	3.50	2.76	-0.7248
devant	5.23	1.47	1.1418	3.65	3.42	-0.0632
développement	5.11	1.16	-1.2205	2.86	2.43	-0.5571
déviation	3.08	1.38	-0.1233	2.96	1.88	-1.0723
devin	2.22	1.17	-0.2982	2.57	3.39	0.7279
devinette	3.23	1.26	-1.1070	2.79	2.46	-0.4614
devis	1.97	1.02	-0.6531	2.11	2.43	0.3649
devise	3.19	1.31	-0.7290	2.50	2.37	-0.2183
dévoilement	3.16	1.30	-0.7732	3.14	2.69	-0.5648
devoir	6.01	1.20	0.7335	3.81	3.39	-0.1589
dévotion	2.90	1.40	0.2198	2.08	1.99	0.0628
dextérité	2.51	1.49	1.4664	2.68	2.22	-0.5485
diagnostic	3.94	1.37	-0.6068	2.79	2.50	-0.4338
diagonale	3.62	1.49	0.3676	5.09	3.50	0.2370
diapason	1.81	0.96	-0.5968	4.51	5.29	2.7498
diapositive	3.72	1.52	0.5809	5.13	2.43	-0.8479
dictaphone	1.50	0.65	-1.1259	3.04	3.92	0.9490
dictature	3.36	1.55	0.9873	3.11	3.17	-0.0472
dictée	3.94	1.60	1.2277	4.38	2.96	-0.6684
diction	2.61	1.27	-0.3216	2.51	2.25	-0.3296
dicton	2.45	1.04	-1.4912	2.65	2.04	-0.6474
dièdre	1.19	0.52	-0.6122	1.36	0.77	0.7582
diesel	3.66	1.47	0.1956	4.63	3.13	-0.4199
difficulté	5.29	1.10	-1.3193	2.63	2.62	-0.1478
diffusion	3.98	1.57	0.9740	3.00	2.69	-0.4525
digestion	4.38	1.45	0.1195	3.70	2.86	-0.7085
dignité	3.59	1.30	-1.0450	2.51	1.39	-0.8806
dilemme	3.90	1.37	-0.6067	2.58	2.22	-0.4361
diligence	2.21	1.26	0.3088	2.73	4.33	1.8302
dilution	2.79	1.53	1.3795	3.15	3.13	-0.1170
dimanche	6.14	1.07	0.2639	3.47	3.57	0.2015
diminutif	2.41	1.39	0.8617	2.44	2.02	-0.4188
dinde	3.97	1.52	0.5585	6.64	0.48	0.0354
dindon	3.20	1.60	1.5290	6.68	0.41	0.0976
dîner	5.81	1.23	0.4706	5.07	2.82	-0.5281
dînette	2.12	1.15	-0.2206	3.70	3.28	-0.2542
dinosaure	2.93	1.27	-0.7473	6.66	0.50	0.0764
diplôme	5.05	1.22	-0.9171	6.18	1.61	-0.2970
direction	5.05	1.44	0.6545	3.69	2.50	-1.0446
directive	4.47	1.39	-0.2859	2.98	2.37	-0.7191
disciple	3.02	1.42	0.2379	3.71	2.76	-0.8114
discipline	4.33	1.43	-0.0601	2.98	2.53	-0.5839
discorde	2.55	1.34	0.2621	2.47	2.28	-0.2565
discrétion	3.56	1.29	-1.1025	2.36	1.80	-0.4640
discussion	4.94	1.29	-0.5814	3.34	2.19	-1.1303
disparition	4.30	1.33	-0.8149	3.08	2.13	-0.9929
disparu	4.72	1.31	-0.6721	2.61	2.04	-0.6024
dispensaire	2.07	1.06	-0.6493	2.45	2.76	0.1908
disponibilité	4.80	1.42	0.2117	2.50	2.28	-0.2934
dispositif	3.04	1.21	-1.2659	2.80	2.43	-0.4985
disposition	3.73	1.15	-2.0744	2.54	2.25	-0.3656
dispute	4.18	1.53	0.6773	3.52	2.56	-0.9178
disque	5.05	1.33	-0.1638	6.37	1.28	-0.1766
disquette	5.02	1.29	-0.4838	6.67	0.50	0.0946
dissertation	4.58	1.37	-0.3577	3.76	3.39	-0.1449
distance	5.01	1.35	-0.0710	3.47	2.76	-0.7098
distinction	3.78	1.31	-1.0271	2.38	1.66	-0.5705
distorsion	3.13	1.35	-0.3904	2.76	2.28	-0.5855
distraction	4.06	1.29	-1.1676	2.63	1.85	-0.7592
distribution	3.98	1.18	-1.9062	2.83	2.53	-0.4454
diva	2.81	1.31	-0.3243	4.13	4.24	0.9488
diversité	4.32	1.38	-0.4421	2.83	2.34	-0.6062
divinité	2.77	1.25	-0.6845	2.87	3.20	0.1995
division	4.40	1.31	-0.9074	3.87	2.86	-0.7563
divorce	4.72	1.41	0.0584	3.83	2.99	-0.6058
dix	5.54	1.33	0.6121	5.15	4.24	1.2980
docteur	5.51	1.24	-0.0645	5.70	1.77	-0.8233
doctrine	3.06	1.51	0.9054	2.52	2.28	-0.3176
document	5.22	1.14	-1.1863	4.40	2.92	-0.7008
documentaire	4.34	1.27	-1.2155	3.88	2.79	-0.8254
documentation	4.36	1.47	0.2660	3.44	2.25	-1.1405
doigt	5.51	1.38	0.9206	6.92	0.07	0.5291
doigté	3.16	1.28	-0.9118	3.72	3.39	-0.1323
dol	1.55	1.01	0.3406	1.30	0.49	0.8191
dollar	5.84	1.21	0.4054	6.36	0.98	-0.3108
dom	1.49	1.02	0.5615	1.54	1.46	0.6734
domicile	3.90	1.48	0.2353	4.72	2.37	-1.1260
domination	3.64	1.54	0.7677	3.13	2.56	-0.6773
domino	2.91	1.47	0.7476	6.15	1.23	-0.5317
dompteur	2.20	1.09	-0.7443	4.37	3.88	0.4430
doré	3.69	1.51	0.5071	5.01	3.20	-0.1604
dortoir	2.70	1.23	-0.7218	5.30	3.13	-0.0318
dosage	3.09	1.30	-0.7088	3.15	2.72	-0.5409
double	4.95	1.41	0.3005	3.76	3.06	-0.5123
douceur	4.30	1.39	-0.3766	3.09	2.40	-0.7842
douche	5.80	1.31	0.9946	6.66	0.36	0.0544
douille	2.38	1.69	3.3961	3.69	5.62	3.4209
douillette	3.05	1.60	1.6671	5.41	3.31	0.2673
douve	1.67	0.98	-0.1400	1.74	1.80	0.4949
doux	4.86	1.42	0.2745	3.84	2.62	-0.9734
douze	5.36	1.31	0.1531	4.97	4.08	0.9416
dragée	1.81	1.01	-0.3323	2.16	2.19	0.0923
drapeau	4.47	1.24	-1.3454	6.71	0.34	0.1432
droit	5.66	1.08	-0.7736	3.48	4.16	1.0006
dromadaire	2.10	0.99	-1.0983	5.90	3.69	1.2594
dualisme	2.58	1.30	-0.0685	2.26	1.39	-0.5550
dualité	3.11	1.45	0.3801	2.66	2.28	-0.4790
duchesse	2.09	1.05	-0.7485	4.51	3.80	0.3642
dune	2.31	1.23	-0.0837	3.98	5.48	3.0735
durée	5.00	1.28	-0.5779	2.54	2.50	-0.1593
dureté	3.54	1.28	-1.1629	2.94	2.25	-0.7829
dynamique	3.76	1.35	-0.7378	3.06	2.13	-0.9769
ébullition	3.18	1.49	0.6331	4.76	3.17	-0.3308
écaille	2.81	1.43	0.5587	5.44	2.56	-0.4846
écart	3.90	1.30	-1.1086	3.48	2.10	-1.2745
échalote	2.90	1.50	0.9986	6.09	2.22	-0.0154
échange	4.56	1.37	-0.3727	3.41	2.56	-0.8612
écharpe	3.29	1.31	-0.8078	6.10	1.06	-0.6722
échauffement	3.30	1.34	-0.6015	3.11	3.03	-0.2011
échec	4.62	1.34	-0.5448	3.40	4.20	1.1036
échelle	4.38	1.45	0.1195	6.44	0.71	-0.2624
échine	1.68	0.97	-0.2183	2.16	3.17	1.0167
échiquier	2.22	1.16	-0.3608	4.25	5.02	2.2149
éclair	4.23	1.43	-0.1013	6.05	2.69	0.3358
éclairage	4.01	1.42	-0.2279	4.68	2.22	-1.2641
éclaircie	3.44	1.45	0.1334	3.81	2.79	-0.8088
éclat	3.57	1.31	-0.9670	3.70	2.86	-0.7085
éclatement	3.11	1.42	0.1488	3.70	2.82	-0.7423
éclosion	2.53	1.37	0.5123	3.65	2.86	-0.6904
école	6.02	1.15	0.4421	6.32	0.81	-0.4278
écolier	3.23	1.57	1.2491	5.26	2.28	-0.8784
économie	5.02	1.24	-0.8235	2.77	2.07	-0.7543
économique	4.69	1.43	0.1839	2.38	1.56	-0.6283
écorce	3.35	1.44	0.1106	6.21	1.56	-0.2809
écoute	5.86	1.16	0.1317	2.88	2.96	-0.0770
écouteur	4.48	1.31	-0.8596	5.63	2.43	-0.4069
écrevisse	2.22	1.07	-0.8998	5.08	4.67	1.9129
écritoire	1.73	0.92	-0.6000	3.16	3.76	0.6427
écrivain	3.68	1.21	-1.6816	4.75	2.53	-0.9784
écrou	2.00	0.97	-0.9874	3.23	5.11	2.6959
écu	1.47	0.76	-0.6250	2.48	3.96	1.5802
écueil	2.37	1.61	2.7050	2.48	3.46	0.9252
écume	2.16	1.16	-0.2408	4.14	3.53	-0.0244
écureuil	3.77	1.40	-0.3703	6.72	0.55	0.1947
écurie	2.83	1.32	-0.2792	5.86	2.04	-0.4498
écusson	2.40	1.44	1.2593	4.65	4.71	1.7668
édifice	4.74	1.26	-0.9985	6.15	1.19	-0.5505
édition	4.37	1.24	-1.4028	2.51	2.28	-0.3055
édredon	1.61	1.01	0.1784	2.94	6.00	4.6792
efficacité	4.47	1.34	-0.6525	2.44	1.66	-0.6475
effleurement	2.09	1.03	-0.8602	2.97	2.72	-0.3951
effroi	2.45	1.11	-1.0871	2.41	2.10	-0.3181
égalité	4.36	1.53	0.7494	3.13	3.35	0.1449
églantine	1.32	0.64	-0.6386	1.73	1.17	0.1839
église	4.55	1.32	-0.7412	6.55	0.61	-0.0984
égoïsme	3.58	1.43	-0.0880	2.60	1.85	-0.7252
élaboration	3.58	1.37	-0.5392	2.40	1.96	-0.4073
élan	3.09	1.24	-1.1180	3.87	2.89	-0.7220
élastique	4.87	1.46	0.5948	6.16	1.46	-0.4069
électrode	2.64	1.45	0.9484	4.62	3.10	-0.4620
électron	3.30	1.67	2.0661	3.77	4.04	0.7094
élégance	3.63	1.46	0.1265	3.35	2.34	-1.0160
élément	4.78	1.44	0.3453	3.19	2.76	-0.5381
éléphant	3.59	1.49	0.3786	6.81	0.35	0.3335
élève	5.83	1.16	0.0651	5.19	2.50	-0.7500
élite	3.08	1.50	0.8048	2.91	2.76	-0.3093
éloge	2.57	1.27	-0.2600	2.77	1.90	-0.8731
éloquence	2.36	1.29	0.2307	2.32	2.28	-0.0623
émail	2.76	1.72	3.0776	4.29	4.41	1.2074
embarras	3.27	1.36	-0.4344	2.91	1.85	-1.0452
embouteillage	3.61	1.42	-0.1759	5.12	2.99	-0.3195
embrochement	1.71	0.80	-1.1035	2.27	1.99	-0.2137
émeraude	2.46	0.99	-1.7808	5.40	3.46	0.4341
émission	5.47	1.40	0.9975	4.05	3.17	-0.4521
emmenthal	1.45	0.69	-0.8407	2.26	3.96	1.8691
émoi	2.24	0.99	-1.3815	2.12	1.59	-0.2502
émotion	5.36	1.07	-1.3809	2.94	2.25	-0.7829
empereur	2.69	1.35	0.1238	4.77	3.06	-0.4428
empire	3.27	1.32	-0.7223	4.00	3.20	-0.4067
emplacement	3.65	1.42	-0.1894	3.09	2.28	-0.8853
emploi	5.75	1.15	-0.1693	3.55	3.10	-0.3952
employé	5.09	1.45	0.7850	4.26	3.24	-0.3736
employée	5.27	1.31	0.0085	3.98	3.17	-0.4442
employeur	4.74	1.33	-0.5116	4.16	3.06	-0.5738
empreinte	3.88	1.33	-0.8960	5.23	2.56	-0.6629
emprunt	4.13	1.22	-1.6255	3.19	2.66	-0.6323
enclos	2.73	1.26	-0.5630	4.55	3.61	0.1230
enclume	2.01	1.13	-0.1072	3.61	5.38	2.9964
encre	3.86	1.38	-0.5308	5.59	2.43	-0.4489
encrier	1.95	0.89	-1.2747	4.93	4.28	1.2206
endive	1.77	0.91	-0.7495	3.15	4.97	2.5136
enduit	2.40	1.16	-0.6958	2.53	2.50	-0.1474
énergie	5.44	1.17	-0.6429	3.30	2.69	-0.6758
enfant	5.90	1.12	-0.0229	6.02	1.88	-0.3596
enfer	4.34	1.47	0.2562	5.16	2.76	-0.5318
enflure	3.48	1.42	-0.1192	4.87	2.99	-0.4698
engagement	4.30	1.18	-1.8260	2.60	2.13	-0.5271
engin	3.09	1.23	-1.1844	4.11	3.92	0.4842
engorgement	2.52	1.06	-1.4946	3.38	2.89	-0.5270
énigme	3.27	1.32	-0.7223	2.81	2.37	-0.5610
enjeu	3.52	1.33	-0.8034	2.23	1.44	-0.4891
ennemi	4.38	1.37	-0.4863	3.61	3.53	0.0899
ennui	4.66	1.46	0.3907	2.87	2.37	-0.6192
enrouement	2.00	1.15	0.0374	2.11	2.02	0.0374
enseignant	4.93	1.46	0.6624	5.05	2.25	-1.0532
enseigne	4.52	1.45	0.2047	4.61	2.66	-0.9126
ensemble	5.22	1.31	-0.0678	3.04	2.53	-0.6346
entaille	2.40	1.31	0.2992	3.45	4.28	1.1997
entente	4.56	1.38	-0.2988	2.86	2.07	-0.8433
enthousiasme	3.99	0.97	-3.1181	2.95	2.34	-0.7183
entonnoir	3.43	1.52	0.6973	6.25	1.17	-0.4115
entrain	3.76	1.66	1.7681	2.28	1.88	-0.3033
entreprise	4.65	1.41	-0.0032	3.94	3.06	-0.5544
entretien	4.42	1.10	-2.2553	2.95	2.19	-0.8385
entrevue	4.95	1.36	-0.0714	3.91	2.72	-0.8960
enveloppe	4.75	1.43	0.2391	6.73	0.42	0.1919
envers	4.21	1.38	-0.4855	2.52	2.56	-0.0787
envoi	3.83	1.61	1.3187	2.88	2.04	-0.8831
envol	3.27	1.56	1.1340	4.52	2.28	-1.2666
envoûtement	2.18	1.19	-0.0920	2.38	1.90	-0.4192
enzyme	3.15	1.64	1.9202	3.44	3.88	0.6231
épaisseur	4.60	1.41	-0.0437	4.29	3.03	-0.6061
épargne	4.23	1.59	1.1963	2.90	2.10	-0.8597
épaule	5.10	1.45	0.7986	6.37	1.23	-0.1965
épave	2.36	1.38	0.8761	3.73	5.48	3.1310
épée	2.97	1.41	0.2155	6.69	0.38	0.1124
éperon	1.67	0.89	-0.5920	2.04	2.96	0.9710
épi	2.88	1.56	1.5155	5.22	3.69	0.5704
épicerie	5.59	1.37	0.9969	5.54	2.13	-0.7429
épidémie	3.62	1.48	0.2878	3.63	3.10	-0.4291
épinards	3.84	1.47	0.1597	6.56	0.66	-0.0704
épine	3.24	1.41	-0.0394	5.41	2.43	-0.6234
épinette	3.29	1.48	0.4660	5.81	2.82	0.1570
épingle	4.05	1.57	0.9815	6.30	0.94	-0.4186
épisode	4.58	1.47	0.4050	2.98	2.92	-0.2030
éponge	4.13	1.36	-0.6555	6.44	1.23	-0.0824
épopée	2.40	1.27	0.0220	2.38	2.59	0.1262
époque	4.29	1.23	-1.5067	2.73	2.37	-0.4792
épouse	4.66	1.49	0.6283	5.00	2.53	-0.8500
épouvantail	2.97	1.20	-1.2565	6.32	1.56	-0.1129
époux	4.72	1.42	0.1344	5.11	2.99	-0.3264
épreuve	4.56	1.15	-1.8615	3.18	2.76	-0.5309
éprouvette	3.26	1.51	0.7293	6.16	1.64	-0.3115
équerre	2.18	1.24	0.2343	4.33	5.90	3.9313
équilibre	4.95	1.11	-1.7298	3.79	3.06	-0.5210
équipage	3.51	1.33	-0.7987	4.50	2.43	-1.1439
équipement	4.75	1.28	-0.8526	4.28	3.39	-0.2020
équitation	3.33	1.52	0.7600	5.08	3.13	-0.1953
équité	3.34	1.50	0.5910	2.27	2.28	0.0061
équivalent	4.11	1.23	-1.5643	2.66	2.34	-0.4294
érable	4.09	1.42	-0.2162	6.52	0.85	-0.0891
erreur	5.28	0.91	-2.3607	3.08	3.06	-0.1401
éruption	3.35	1.36	-0.4910	5.13	2.28	-0.9755
escadrille	1.92	1.22	0.6641	2.33	3.31	0.9426
escale	2.61	1.32	0.0262	2.66	3.20	0.4148
escalier	5.50	1.31	0.3966	6.69	0.38	0.1124
escargot	3.20	1.40	-0.0824	6.80	0.27	0.3058
esclave	3.79	1.32	-0.9580	4.93	2.02	-1.3007
escompte	2.63	1.37	0.3574	2.31	1.82	-0.3799
espadon	1.61	0.81	-0.7991	3.44	6.05	4.4260
espérance	4.18	1.44	-0.0405	2.48	1.82	-0.6000
espion	3.29	1.32	-0.7372	4.62	3.39	-0.1327
esplanade	1.81	1.01	-0.3323	1.97	2.10	0.3175
espoir	4.70	1.11	-1.9901	2.48	2.28	-0.2689
esquimau	2.86	1.39	0.1930	6.26	0.98	-0.4668
essai	4.77	1.32	-0.5540	2.83	2.43	-0.5281
essence	4.85	1.22	-1.1542	4.97	2.62	-0.7803
essieu	1.92	1.12	0.0357	3.41	5.57	3.4543
essor	2.43	1.34	0.4605	2.18	2.22	0.0862
essoufflement	3.25	1.47	0.4169	4.09	2.76	-0.8864
estime	4.76	1.19	-1.4400	2.05	1.56	-0.1576
étable	3.20	1.56	1.1895	6.14	1.42	-0.4601
établi	3.66	1.44	-0.0389	3.59	4.58	1.5941
établissement	4.01	1.40	-0.3794	4.00	3.42	-0.1514
étagère	4.61	1.41	-0.0358	5.98	1.39	-0.6924
étalon	2.71	1.42	0.6163	5.11	4.54	1.7242
étamine	1.69	0.92	-0.4979	2.30	3.24	0.8995
étang	3.11	1.37	-0.2258	6.15	1.42	-0.4458
étape	5.38	1.12	-1.0534	3.04	2.53	-0.6346
été	6.02	0.94	-0.7366	4.98	3.28	-0.0961
étendue	3.88	1.32	-0.9671	3.50	2.82	-0.6590
étincelle	3.47	1.35	-0.6348	6.08	1.17	-0.6588
étoffe	2.08	1.19	0.1149	3.70	3.96	0.6188
étoile	4.98	1.11	-1.6937	6.77	0.19	0.2423
étonnement	3.54	1.49	0.3993	2.98	1.80	-1.1425
étourderie	1.64	0.95	-0.2170	1.98	1.37	-0.1477
étourdissement	3.53	1.30	-1.0199	3.59	2.62	-0.8903
étranger	4.77	1.30	-0.6947	3.98	2.76	-0.8755
étreinte	2.68	1.25	-0.5601	3.43	4.16	1.0267
étrier	2.22	1.18	-0.2351	3.88	5.86	3.8522
étui	3.47	1.59	1.2602	5.32	3.10	-0.0540
euphorie	2.90	1.40	0.2198	3.01	3.28	0.1562
évacuation	3.63	1.37	-0.5575	3.62	2.86	-0.6787
évaluation	4.67	1.39	-0.1365	2.95	2.62	-0.4700
évasion	3.21	1.30	-0.8158	3.02	2.59	-0.5602
éveil	3.84	1.61	1.3177	3.71	2.92	-0.6426
événement	4.98	1.29	-0.5335	2.91	1.99	-0.9514
éventail	2.95	1.37	-0.0610	6.20	1.23	-0.4586
évêque	2.72	1.29	-0.3437	5.47	2.22	-0.7431
éviction	2.30	1.32	0.5513	2.23	2.43	0.1898
évidence	4.15	1.24	-1.4884	2.62	1.80	-0.7826
évier	4.00	1.46	0.0805	5.87	2.82	0.2300
exaltation	2.05	1.01	-0.8842	2.36	1.72	-0.5132
excellence	4.77	1.44	0.3355	2.55	2.40	-0.2523
exception	4.65	1.22	-1.3451	2.47	2.07	-0.4151
excès	4.13	1.16	-2.0090	3.01	2.37	-0.7448
excitabilité	2.60	1.08	-1.5055	2.58	1.90	-0.6658
excitation	4.48	1.32	-0.7890	3.20	2.34	-0.9180
exclamation	3.87	1.43	-0.1542	3.77	3.42	-0.1035
exclusion	3.36	1.36	-0.4975	2.47	1.80	-0.6048
exclusivité	3.60	1.28	-1.1874	2.19	1.72	-0.2782
exécution	3.69	1.29	-1.1472	2.98	2.04	-0.9736
exigence	4.56	1.30	-0.8746	2.36	1.32	-0.7242
exil	2.64	1.08	-1.5656	2.73	2.76	-0.1320
existence	3.80	1.01	-2.8993	2.32	2.02	-0.2621
exotisme	2.77	1.47	0.9225	3.47	2.50	-0.9499
expansion	3.48	1.39	-0.3456	2.94	2.28	-0.7589
expédition	3.73	1.50	0.4165	3.41	2.76	-0.6778
expert	4.47	1.32	-0.7954	3.66	3.24	-0.2814
expertise	3.63	0.96	-3.1230	2.51	1.77	-0.6706
exploit	3.94	1.19	-1.8443	2.87	2.37	-0.6192
exploitation	3.88	1.33	-0.8960	2.59	1.77	-0.7652
explosion	4.30	1.23	-1.5024	5.25	2.37	-0.8112
exportation	3.94	1.38	-0.5329	2.88	2.31	-0.6792
exposé	4.07	1.27	-1.3035	3.18	2.79	-0.4984
exposition	4.29	1.28	-1.1697	3.63	2.96	-0.5778
expression	5.18	1.19	-0.9324	3.00	2.10	-0.9487
expulsion	3.66	1.31	-0.9990	3.08	2.53	-0.6670
extase	2.77	1.17	-1.2045	2.94	3.17	0.0948
extension	3.97	1.42	-0.2310	3.47	3.57	0.2015
extraction	3.23	1.31	-0.7619	3.20	2.62	-0.6697
extrait	4.13	1.32	-0.9434	2.91	2.16	-0.8250
exubérance	1.91	0.95	-0.8862	1.98	1.72	0.0412
fable	2.66	1.33	0.0231	3.27	2.56	-0.7764
fabrication	4.06	1.12	-2.2679	3.25	2.62	-0.7042
facette	3.02	1.46	0.5473	3.04	2.96	-0.2182
fâcheux	3.32	1.36	-0.4706	2.77	2.07	-0.7543
façon	5.77	1.25	0.5176	2.18	1.74	-0.2477
facture	5.25	1.34	0.1911	5.48	1.66	-1.1145
faculté	5.19	1.30	-0.1823	2.73	1.90	-0.8316
faille	2.73	1.33	-0.0761	3.76	4.20	0.9485
faillite	3.94	1.41	-0.3082	3.02	2.92	-0.2372
faim	5.94	1.41	2.0397	3.62	3.50	0.0393
fainéant	1.98	0.96	-0.9947	2.37	2.34	-0.0793
faire-part	2.18	1.42	1.5202	2.68	3.57	0.8328
faisan	1.86	1.06	-0.1748	3.52	6.10	4.4914
faisceau	2.66	1.33	0.0231	3.94	3.61	0.0899
faîte	2.73	1.88	4.6653	1.41	0.85	0.6772
fakir	1.24	0.49	-0.8498	2.61	4.62	2.4289
famille	5.94	1.20	0.5677	5.30	2.22	-0.8936
famine	3.59	1.51	0.5397	3.65	3.50	0.0276
fan	3.51	1.74	2.5816	3.70	5.48	3.1410
fanfare	2.38	1.45	1.3723	4.45	4.20	0.9155
fanion	1.52	0.96	0.1588	2.15	3.06	0.9150
fantaisie	3.62	1.37	-0.5541	3.11	3.17	-0.0472
fantôme	3.87	1.37	-0.6054	5.98	2.02	-0.3172
faon	1.83	0.95	-0.6967	5.00	5.06	2.5432
fard	2.48	1.33	0.3041	3.69	5.20	2.6226
fascicule	1.98	1.29	0.9994	2.65	2.82	0.0201
faste	1.65	1.00	0.0186	1.67	1.39	0.3940
fatalité	3.21	1.47	0.4489	2.88	3.03	-0.0039
faubourg	1.90	1.19	0.5164	2.47	2.53	-0.0462
faucon	2.57	0.99	-1.9595	6.30	1.42	-0.2210
faussaire	1.66	0.84	-0.7982	1.92	1.39	-0.0391
faute	5.38	1.11	-1.1133	3.27	3.80	0.6180
fauve	2.20	1.27	0.3966	3.62	5.38	2.9923
faveur	4.37	1.63	1.6032	2.83	2.56	-0.4168
fécondité	2.68	1.18	-1.0170	3.23	3.28	-0.0124
fédération	3.91	1.37	-0.6069	2.61	2.22	-0.4706
feinte	2.38	1.33	0.4763	2.70	2.66	-0.1944
femme	6.31	0.92	-0.0861	6.20	1.51	-0.3227
fémur	2.62	1.60	2.2068	5.09	4.54	1.7107
fenêtre	5.69	1.16	-0.2317	6.90	0.09	0.4897
fente	3.26	1.27	-1.0625	4.44	3.06	-0.5474
fer-à-cheval	2.59	1.45	1.0238	6.38	1.25	-0.1706
fermeté	3.13	1.38	-0.1705	2.97	2.25	-0.8095
fermeture	4.61	1.37	-0.3345	4.11	2.86	-0.7879
ferrailleur	1.74	1.04	0.0064	2.52	3.06	0.4197
fertilité	3.45	1.44	0.0502	2.93	2.86	-0.2280
ferveur	2.36	1.26	0.0253	2.23	2.04	-0.1173
fesse	5.19	1.34	0.1013	6.52	0.92	-0.0656
festin	3.01	1.35	-0.2723	4.87	3.03	-0.4330
festival	4.45	1.19	-1.6841	4.90	2.79	-0.6622
fête	5.54	1.21	-0.2064	5.00	2.53	-0.8500
fétiche	2.23	1.15	-0.4424	2.80	2.50	-0.4438
feu	5.09	1.46	0.8632	6.54	0.74	-0.0845
feuillage	3.25	1.38	-0.2720	5.47	1.66	-1.1240
feuillet	3.27	1.49	0.5606	5.02	2.50	-0.8658
feuilleton	2.50	1.26	-0.2159	3.83	2.34	-1.2192
février	5.61	1.42	1.4103	3.67	3.61	0.1619
fez	1.26	0.58	-0.6529	1.45	1.54	0.8879
fiabilité	3.75	1.26	-1.3667	2.27	1.80	-0.3422
fiacre	1.17	0.50	-0.6037	1.69	1.69	0.5195
fiancé	4.33	1.60	1.3232	4.42	3.31	-0.2701
fiancée	4.54	1.50	0.6148	5.00	2.53	-0.8500
fiasque	1.70	1.08	0.3358	1.70	1.21	0.2559
fibre	4.02	1.62	1.4059	4.43	3.46	-0.0925
ficelle	3.05	1.55	1.2441	6.06	1.54	-0.5094
fichier	4.62	1.57	1.2527	4.79	2.62	-0.8734
fiction	4.08	1.39	-0.4445	2.91	2.72	-0.3413
fidélité	4.23	1.34	-0.7708	2.43	1.82	-0.5374
fief	1.41	0.89	0.1230	1.45	0.85	0.5973
fiel	1.43	0.85	-0.1217	1.76	2.31	0.8324
fiente	1.61	0.99	0.0710	2.31	3.57	1.2849
fierté	4.56	1.35	-0.5188	2.75	2.16	-0.6686
figue	2.31	1.40	1.1170	4.22	5.11	2.3742
figure	4.88	1.25	-0.9226	4.98	3.24	-0.1376
fil	4.34	1.64	1.6760	5.66	2.69	-0.1433
fille	6.15	0.89	-0.6579	6.54	0.56	-0.1252
filleul	2.84	1.54	1.3981	3.50	4.16	0.9907
film	6.01	0.97	-0.6069	6.11	1.44	-0.4909
filon	1.65	1.02	0.1271	2.38	3.24	0.7927
filou	1.62	0.88	-0.5081	2.52	3.46	0.8765
fils	5.33	1.38	0.6096	5.20	3.57	0.4089
fin	5.68	1.26	0.3979	3.00	3.65	0.6190
finale	5.01	1.49	0.9968	2.87	2.66	-0.3661
finance	4.63	1.30	-0.8203	2.94	2.25	-0.7829
financement	4.23	1.45	0.0534	2.50	1.80	-0.6417
financier	4.08	1.37	-0.5927	3.22	2.89	-0.4254
finesse	2.79	1.19	-1.1041	2.66	2.22	-0.5266
fiole	2.13	1.23	0.2700	3.43	4.88	2.1794
fiord	1.54	0.96	0.1035	2.38	3.92	1.6520
firmament	2.37	1.36	0.7109	3.65	4.54	1.5013
fisc	1.51	0.73	-0.8573	1.54	0.94	0.4515
fissure	3.07	1.34	-0.4057	4.72	3.35	-0.1399
fiston	2.52	1.51	1.6113	3.76	3.76	0.3318
flacon	3.22	1.46	0.3620	5.29	2.46	-0.6995
flamand	2.14	1.05	-0.8528	4.13	5.29	2.7084
flambeau	2.80	1.21	-0.9882	5.65	2.96	0.1137
flambée	2.70	1.30	-0.2462	4.25	3.65	0.1216
flammèche	2.48	1.38	0.6680	4.62	4.24	1.0219
flanc	2.11	1.12	-0.3826	3.14	3.53	0.3626
flaque	3.27	1.32	-0.7223	5.39	2.89	-0.2128
flasque	2.38	1.17	-0.5979	3.72	4.71	1.7570
fléau	2.40	1.37	0.7310	2.26	2.37	0.0951
flèche	3.91	1.42	-0.2322	6.64	0.50	0.0402
fléchette	2.25	1.16	-0.4193	4.95	4.58	1.6926
fleur	5.04	1.21	-0.9953	6.84	0.18	0.3762
fleuriste	3.77	1.41	-0.2949	5.63	1.64	-0.9780
fleuve	4.15	1.38	-0.5033	6.22	0.94	-0.5405
flic	2.63	1.58	2.0211	4.79	4.16	0.9665
flirt	4.25	1.70	2.1756	3.80	2.79	-0.8061
floraison	2.49	1.15	-0.9114	4.06	2.82	-0.8186
flore	2.61	1.19	-0.8501	4.26	3.69	0.1718
flottage	2.59	1.37	0.4180	3.93	3.28	-0.3139
fluidité	3.11	1.50	0.7762	3.22	2.40	-0.8805
flux	2.87	1.44	0.5608	2.65	2.34	-0.4184
foi	3.97	1.77	2.7674	3.04	3.72	0.6853
foire	3.81	1.41	-0.3010	4.69	3.31	-0.1945
folie	4.50	1.26	-1.1916	3.26	2.59	-0.7406
fonctionnaire	4.08	1.53	0.6534	3.30	2.96	-0.4080
fondation	3.90	1.37	-0.6067	3.74	2.59	-0.9754
fonte	2.80	1.57	1.6995	3.15	3.31	0.0870
force	5.19	1.25	-0.5247	3.14	2.22	-0.9714
forêt	4.78	1.33	-0.4730	6.66	0.42	0.0631
foreuse	2.02	1.18	0.1810	3.01	5.11	2.8645
format	4.51	1.27	-1.1170	2.92	1.99	-0.9606
formule	4.69	1.29	-0.8388	3.65	3.46	-0.0182
forteresse	2.97	1.50	0.9188	5.09	3.61	0.3788
forum	3.43	1.70	2.2539	3.88	3.53	0.0061
fosse	2.56	1.33	0.1746	4.29	3.84	0.3801
fossé	3.08	1.21	-1.3058	5.05	3.28	-0.0530
fossile	2.97	1.27	-0.7922	5.87	2.13	-0.3736
foudre	3.18	1.25	-1.1330	5.04	3.53	0.2509
fouet	3.30	1.37	-0.3832	6.26	1.30	-0.3384
fougère	2.84	1.32	-0.2917	5.77	2.69	-0.0194
fougue	1.91	1.07	-0.2352	2.38	2.37	-0.0669
fouille	3.60	1.35	-0.6930	3.72	2.96	-0.6103
fouine	2.29	1.42	1.3059	3.08	4.12	1.2009
foulard	4.80	1.49	0.7588	6.60	0.56	-0.0202
foulure	2.42	1.27	-0.0129	3.43	3.06	-0.3738
four	4.80	1.52	1.0013	6.61	0.49	-0.0159
fourberie	1.59	0.82	-0.7018	2.00	1.88	0.1113
fourche	2.76	1.27	-0.5358	5.50	2.76	-0.2444
fourchette	5.26	1.57	2.0040	6.87	0.20	0.4361
fourmi	3.72	1.64	1.5993	6.68	0.38	0.0941
fourneau	4.48	1.54	0.9008	6.17	1.25	-0.4929
fournisseur	3.63	1.49	0.3642	3.16	3.17	-0.0850
fourre-tout	1.90	1.07	-0.2119	3.18	4.20	1.2448
fourrure	4.04	1.29	-1.1705	6.22	0.98	-0.5272
fracas	2.28	0.85	-2.1500	3.22	2.99	-0.3186
fraction	4.02	1.34	-0.8199	4.12	3.65	0.1203
fracture	4.07	1.27	-1.3035	5.02	2.89	-0.4919
fraîcheur	4.02	1.23	-1.5791	3.25	2.37	-0.9270
framboise	4.08	1.48	0.2492	6.95	0.04	0.5890
framboisier	2.51	1.23	-0.4329	6.25	0.98	-0.4820
franchise	3.45	1.27	-1.1870	2.69	2.46	-0.3570
frange	2.05	1.13	-0.1946	3.80	4.58	1.5212
fraternisation	2.02	0.97	-1.0316	2.66	2.02	-0.6788
frayeur	2.45	1.46	1.3286	2.95	2.13	-0.8834
frégate	1.48	0.81	-0.4424	2.12	3.76	1.8037
frêne	2.02	1.03	-0.7093	3.16	4.54	1.7749
fréquence	4.47	1.46	0.2498	2.94	2.76	-0.3365
friabilité	1.58	0.88	-0.4008	1.81	1.02	-0.0126
friandise	3.36	1.42	-0.0496	5.84	1.88	-0.5906
fric	2.38	1.54	2.0949	4.22	4.93	2.0570
friche	1.84	1.19	0.6586	1.75	1.69	0.4123
friction	3.48	1.31	-0.9257	3.70	2.07	-1.3889
frigidaire	5.32	1.50	1.5215	6.86	0.12	0.4116
frigidité	2.69	1.36	0.1966	2.56	2.50	-0.1829
frigo	4.33	1.76	2.7670	6.74	0.27	0.1921
frileux	3.86	1.58	1.0590	3.66	2.76	-0.7937
fringues	2.08	1.17	-0.0118	3.22	4.62	1.8703
fripe	2.22	1.29	0.4945	2.47	3.53	1.0299
frisson	4.46	1.56	1.0546	4.59	3.88	0.4926
frissonnement	2.93	1.37	-0.0383	4.04	2.99	-0.6419
froideur	3.27	1.35	-0.5072	3.40	2.62	-0.7967
froissure	2.13	1.27	0.5386	3.15	3.20	-0.0375
fromage	5.47	1.26	-0.0026	6.72	0.31	0.1592
fronde	1.97	1.09	-0.2565	2.47	3.80	1.3768
frottement	3.77	1.30	-1.0954	4.13	2.89	-0.7543
fuel	2.45	1.80	4.3053	3.30	4.71	1.9594
fuite	3.50	1.16	-1.9307	3.77	2.37	-1.1775
fumier	3.25	1.54	0.9827	4.98	3.28	-0.0961
fumiste	1.54	1.00	0.3141	2.55	3.88	1.3862
fureur	3.40	1.43	0.0019	2.85	2.79	-0.2202
furie	2.68	1.25	-0.5601	2.90	3.10	0.0530
fusée	3.34	1.37	-0.4110	6.51	0.62	-0.1638
fusil	4.09	1.52	0.5734	6.70	0.35	0.1262
fusion	3.64	1.40	-0.3377	3.45	3.03	-0.4219
futur	5.38	1.29	0.0469	2.98	3.31	0.2241
futuriste	2.55	1.07	-1.4854	3.08	3.06	-0.1401
gâchis	2.50	1.21	-0.5476	3.28	2.69	-0.6629
gaffe	3.62	1.73	2.4430	3.09	2.19	-0.9560
gaieté	2.91	1.32	-0.3763	3.15	2.72	-0.5409
gain	3.71	1.42	-0.2062	3.12	2.62	-0.6108
gaine	2.54	1.56	1.9914	3.45	4.24	1.1376
gala	3.36	1.47	0.3385	4.49	2.72	-0.8836
galaxie	3.35	1.48	0.4242	5.23	2.86	-0.3801
galère	2.00	0.96	-1.0393	3.14	4.45	1.6553
galerie	4.12	1.40	-0.3614	5.26	2.76	-0.4560
galette	3.37	1.66	1.9291	5.80	2.43	-0.2154
galop	2.41	1.32	0.3523	4.79	2.56	-0.9323
galopin	1.62	1.06	0.4297	2.45	3.39	0.8732
gamelle	2.18	1.38	1.2194	3.58	6.15	4.5712
gamin	2.76	1.42	0.5478	4.81	2.79	-0.7071
gangue	1.50	0.87	-0.2279	1.53	1.04	0.5055
garage	5.22	1.33	0.0740	6.30	1.00	-0.3983
garantie	4.67	1.30	-0.7867	2.79	2.28	-0.6160
garce	2.29	1.55	2.3428	2.43	3.46	0.9878
garçon	5.87	0.96	-0.9846	6.32	1.02	-0.3600
garde	3.73	1.64	1.5970	3.54	3.13	-0.3519
garderie	4.45	1.62	1.5609	5.70	1.82	-0.7893
gardien	4.38	1.38	-0.4125	4.88	2.56	-0.8887
gare	2.97	1.24	-0.9944	5.60	2.16	-0.6595
garniture	3.52	1.44	0.0149	4.94	2.28	-1.0953
gars	5.97	1.14	0.2610	6.50	0.64	-0.1773
gâteau	5.09	1.35	0.0331	6.73	0.34	0.1804
gâterie	3.77	1.50	0.4085	4.33	3.53	-0.0155
gaze	2.44	1.65	2.9326	2.97	4.84	2.4294
gazelle	2.28	1.11	-0.7815	6.21	1.35	-0.3922
geai	1.92	1.18	0.4063	4.12	6.00	4.1279
geisha	1.58	0.91	-0.2566	3.26	6.10	4.6394
gélatine	2.78	1.15	-1.3423	5.41	2.72	-0.3606
gelée	4.30	1.61	1.3959	4.87	3.13	-0.3185
gencive	3.62	1.56	0.9410	5.94	2.50	0.0127
gendarme	2.72	1.32	-0.1335	5.05	2.66	-0.7010
générateur	3.22	1.50	0.6800	3.62	3.39	-0.0958
génération	4.58	1.37	-0.3577	3.06	2.31	-0.8368
genèse	2.40	1.52	1.8952	2.44	2.37	-0.1439
génie	4.43	1.26	-1.2354	3.92	2.25	-1.3123
genou	4.75	1.49	0.7096	6.75	0.30	0.2141
genouillère	2.00	1.02	-0.7202	4.77	4.54	1.5335
gentillesse	4.18	1.31	-1.0006	2.97	2.56	-0.5465
gerbe	1.82	0.88	-1.0165	3.09	4.08	1.1344
germanisation	1.58	0.85	-0.5402	2.29	2.37	0.0536
gestation	2.79	1.53	1.3795	2.66	2.79	-0.0241
gestionnaire	3.72	1.51	0.4996	3.41	3.76	0.4813
gibier	2.37	1.00	-1.5707	4.94	4.49	1.5506
gigot	1.66	0.90	-0.5178	3.23	4.71	2.0056
gilet	4.59	1.65	1.9208	6.35	1.00	-0.3198
girafe	3.26	1.59	1.3953	6.98	0.01	0.6499
girouette	2.43	1.13	-0.9325	5.16	3.69	0.5258
gîte	2.23	1.13	-0.5649	3.94	4.75	1.7750
glacier	3.56	1.34	-0.7494	6.19	1.17	-0.5012
glacière	3.31	1.43	0.0609	6.09	1.49	-0.4940
glaçon	4.11	1.52	0.5775	6.39	1.00	-0.2556
glaise	2.55	1.32	0.1192	4.72	4.28	1.1204
glaive	1.47	0.81	-0.4142	2.31	4.16	2.0890
gland	2.68	1.42	0.6588	4.87	3.92	0.6612
glande	3.63	1.37	-0.5575	4.23	3.72	0.2205
glas	1.61	0.93	-0.2384	2.00	2.79	0.8619
glissade	3.69	1.42	-0.2011	6.35	0.85	-0.3698
glissière	2.14	1.21	0.1183	4.15	4.00	0.5942
globe	3.77	1.54	0.7350	5.94	1.61	-0.6277
globule	3.13	1.50	0.7577	4.43	2.79	-0.8317
glotte	1.91	1.31	1.2988	3.09	4.97	2.5596
goéland	2.74	1.70	2.9210	5.90	3.88	1.5190
gonflement	3.13	1.31	-0.6762	4.61	2.02	-1.4406
gorgée	4.61	1.43	0.1167	4.51	3.13	-0.4549
gorille	3.19	1.52	0.8670	6.67	0.74	0.1463
goudron	2.83	1.31	-0.3498	5.13	3.65	0.4549
gouffre	2.31	1.47	1.6565	3.84	4.37	1.1772
gourmet	3.09	1.38	-0.1330	3.33	2.53	-0.8431
goût	5.36	1.17	-0.7793	3.15	3.39	0.1735
goûter	4.73	1.53	1.0151	3.83	3.10	-0.4934
gouttelette	2.87	1.30	-0.4694	6.05	2.34	0.0264
gouvernail	2.13	1.08	-0.6605	4.69	3.84	0.4733
gouvernante	2.77	1.41	0.4584	4.08	3.28	-0.3320
gradient	2.74	1.55	1.6118	2.61	2.92	0.1682
gradin	2.30	1.25	0.0682	4.63	4.24	1.0252
graffiti	3.56	1.34	-0.7494	6.20	1.14	-0.4952
graissage	2.47	1.34	0.3925	3.84	2.92	-0.6801
grammaire	4.55	1.52	0.7842	3.47	3.10	-0.3567
grandeur	5.14	1.13	-1.3634	3.65	2.79	-0.7574
grange	3.44	1.52	0.6917	6.18	1.56	-0.3252
granit	2.45	1.56	2.1396	3.88	3.65	0.1501
granule	2.59	1.34	0.1996	4.26	3.69	0.1718
graphique	4.65	1.48	0.5401	5.41	2.16	-0.8444
graphisme	2.84	1.20	-1.1038	3.36	3.03	-0.3717
gratitude	3.53	1.39	-0.3697	2.41	2.02	-0.3806
gravier	2.83	1.22	-0.9613	4.88	4.12	0.9507
gravité	3.95	1.46	0.0775	3.06	2.02	-1.0612
gravure	2.87	1.19	-1.2050	4.58	2.89	-0.6938
grec	3.68	1.51	0.5099	3.78	3.53	0.0309
grenade	3.06	1.30	-0.6794	6.32	1.00	-0.3671
grenat	1.69	1.05	0.1899	2.34	3.39	1.0156
grenouille	3.47	1.65	1.7822	6.92	0.06	0.5289
grief	2.60	1.38	0.4765	2.20	2.02	-0.0949
griffe	3.37	1.51	0.6522	5.84	2.50	-0.1127
gril	2.84	1.60	1.9040	4.43	3.96	0.5625
grill	3.41	1.63	1.6395	5.02	3.76	0.5334
grillage	3.32	1.29	-0.9688	5.40	2.43	-0.6324
grille	4.16	1.46	0.1095	5.54	2.25	-0.6514
grille-pain	4.27	1.64	1.6452	6.78	0.25	0.2657
grillon	2.27	1.60	2.8037	3.54	5.15	2.6003
grimace	4.00	1.45	0.0023	5.84	1.66	-0.7235
grog	1.10	0.34	-0.7394	1.34	0.58	0.7524
grognement	2.97	1.34	-0.3015	4.04	2.96	-0.6781
grondement	3.12	1.34	-0.4535	3.76	3.53	0.0368
grossesse	4.38	1.46	0.1977	5.65	2.34	-0.4635
grosseur	4.80	1.27	-0.8719	4.04	2.86	-0.7831
grotte	3.14	1.51	0.8294	6.02	2.37	0.0111
groupe	5.50	1.30	0.3265	4.62	2.50	-1.0552
groupement	3.76	1.46	0.0923	3.70	2.69	-0.8714
grue	2.16	0.94	-1.4816	5.11	4.45	1.5898
gruyère	1.94	1.19	0.4240	3.54	6.20	4.6973
guerre	5.08	1.23	-0.8118	5.70	1.99	-0.6780
gueule	4.20	1.40	-0.3395	5.48	2.86	-0.1641
guichet	4.65	1.58	1.3619	5.29	2.99	-0.1913
guidon	2.79	1.56	1.6285	5.20	4.71	2.0693
guillemet	3.77	1.58	1.0702	5.73	2.86	0.0974
guillotine	2.11	1.02	-0.9573	4.90	5.81	3.9160
guimauve	3.33	1.26	-1.1812	6.72	0.34	0.1618
guise	2.35	1.09	-1.0295	1.88	1.54	0.1022
guitare	5.02	1.34	-0.1306	6.91	0.10	0.5101
gymnaste	3.07	1.41	0.1113	5.55	2.50	-0.4351
gynécologie	2.54	1.32	0.1351	3.16	3.39	0.1661
habit	4.34	1.52	0.6577	5.63	2.25	-0.5586
habitacle	1.88	1.12	0.1291	2.94	3.69	0.7211
habitation	4.15	1.40	-0.3540	5.18	2.56	-0.7006
habitude	5.09	1.04	-1.9567	2.24	1.32	-0.5605
hache	3.34	1.59	1.3378	6.58	0.96	0.0514
hachoir	2.13	0.95	-1.3693	3.77	4.49	1.3933
haie	3.00	1.25	-0.9600	4.95	3.92	0.7043
haine	3.93	1.42	-0.2323	3.04	2.62	-0.5471
haleine	4.70	1.51	0.8244	4.00	3.88	0.4391
haltère	2.75	1.42	0.5613	5.19	4.37	1.5162
hamac	3.12	1.52	0.9291	6.57	0.69	-0.0451
hamburger	5.12	1.55	1.6316	6.81	0.20	0.3193
hameçon	2.87	1.37	0.0325	6.33	1.08	-0.3215
hanche	3.98	1.58	1.0586	6.22	1.21	-0.4384
hangar	2.56	1.17	-0.8997	4.87	4.12	0.9456
harcèlement	4.08	1.30	-1.0946	3.15	2.31	-0.9067
hardes	1.39	0.66	-0.7762	1.83	2.76	1.1090
harem	1.94	1.09	-0.1883	3.16	4.93	2.4285
harmonica	2.68	1.35	0.1381	6.40	1.06	-0.2173
harmonie	3.91	1.34	-0.8252	3.09	3.13	-0.0711
harnais	2.34	1.24	-0.0727	4.76	3.96	0.6647
harpe	2.24	1.21	-0.0816	6.18	2.34	0.2107
hasard	4.65	1.17	-1.6661	2.38	1.49	-0.6682
hâte	5.11	1.66	2.5662	2.88	2.53	-0.4934
haussement	3.01	1.41	0.1724	2.94	2.25	-0.7829
hautbois	1.81	1.03	-0.2227	3.70	5.34	2.8750
hébergement	3.37	1.48	0.4113	4.23	3.03	-0.6100
hélice	3.01	1.52	1.0380	5.77	2.99	0.2846
hémisphère	3.70	1.51	0.5045	4.84	3.31	-0.1294
herbe	4.45	1.54	0.8820	6.77	0.26	0.2476
hérisson	2.36	1.18	-0.4989	5.54	4.41	1.8860
héritage	3.81	1.28	-1.2401	3.05	2.82	-0.3651
héritier	3.26	1.34	-0.5719	3.48	2.59	-0.8691
hermine	1.68	0.82	-0.9394	2.79	4.58	2.1662
hernie	2.50	1.47	1.3238	4.18	4.12	0.7672
héros	4.22	1.43	-0.1048	4.70	2.99	-0.5460
herse	1.41	0.73	-0.5731	1.56	1.46	0.6352
hésitation	4.18	1.27	-1.2778	2.83	1.96	-0.8951
hêtre	1.38	0.79	-0.2407	2.91	5.90	4.5015
heurt	1.90	1.04	-0.3819	1.70	1.14	0.2289
hibou	3.55	1.68	2.0124	6.87	0.14	0.4322
hic	2.22	1.35	0.9199	1.75	1.21	0.1668
hiérarchie	3.63	1.36	-0.6308	3.56	2.82	-0.6871
hiéroglyphe	1.61	0.80	-0.8424	4.04	5.62	3.3429
hindouisme	2.11	1.07	-0.6767	3.33	3.35	0.0077
hippocampe	2.47	1.03	-1.5806	5.98	2.56	0.1216
hippopotame	2.66	1.44	0.8414	6.85	0.14	0.3934
hirondelle	2.97	1.43	0.3680	6.63	0.49	0.0198
histoire	5.22	1.22	-0.6793	3.37	2.72	-0.6870
historienne	2.51	1.11	-1.1870	3.99	1.80	-1.6475
historique	4.00	1.39	-0.4553	2.83	2.62	-0.3579
hochet	2.38	1.20	-0.4069	4.87	4.88	2.1578
hockey	5.38	1.35	0.4723	6.12	1.82	-0.2566
homard	3.57	1.50	0.4668	6.70	0.76	0.2058
hommage	3.50	1.38	-0.4300	2.78	2.31	-0.5814
honneur	4.38	1.18	-1.7875	2.62	1.88	-0.7300
honte	4.62	1.43	0.1247	2.98	2.28	-0.7942
hôpital	5.29	1.35	0.3256	6.62	0.49	0.0019
hoquet	3.59	1.54	0.7855	4.44	3.46	-0.0905
horizon	4.15	1.39	-0.4289	5.05	3.42	0.1199
horloge	5.01	1.49	0.9968	6.84	0.16	0.3747
hormone	4.27	1.41	-0.2388	3.58	2.99	-0.5210
horoscope	4.43	1.46	0.2255	4.62	3.84	0.4486
horreur	4.31	1.29	-1.0919	3.51	2.92	-0.5608
hostilité	2.95	1.21	-1.1696	2.52	1.90	-0.5949
hotdog	4.64	1.48	0.5318	6.78	0.34	0.2746
hotte	1.91	1.07	-0.2352	3.71	4.75	1.8329
houille	1.36	0.68	-0.6160	1.84	2.79	1.1245
huard	2.40	1.08	-1.1771	5.44	5.20	3.1259
hublot	1.95	1.07	-0.3272	4.36	6.05	4.2444
huée	1.91	1.08	-0.1775	2.46	2.59	0.0241
huître	2.65	1.21	-0.7809	6.16	1.12	-0.5623
humanité	4.30	1.17	-1.8891	2.87	2.10	-0.8315
humeur	5.39	1.10	-1.1558	3.00	2.40	-0.7103
humiliation	3.76	1.28	-1.2322	3.02	2.16	-0.9217
humilité	3.28	1.40	-0.1454	2.63	1.96	-0.6850
humour	4.90	1.22	-1.0993	3.15	2.53	-0.7209
hune	1.37	0.60	-0.9205	1.18	0.20	1.0405
hurlement	3.37	1.22	-1.4740	3.75	2.72	-0.8562
hyène	1.70	0.97	-0.2698	4.98	5.86	4.0602
hypothèse	4.52	1.40	-0.1780	2.52	2.31	-0.2931
iceberg	2.90	1.41	0.2952	6.64	0.44	0.0289
identification	4.44	1.30	-0.9545	2.88	2.72	-0.3133
identité	4.88	1.33	-0.3683	2.80	2.40	-0.5250
if	2.15	1.91	5.9631	1.64	2.86	1.5459
igloo	2.90	1.29	-0.5749	6.78	0.40	0.2825
ignominie	1.17	0.45	-0.7312	1.31	0.36	0.7787
ignorance	4.04	1.22	-1.6424	2.41	1.64	-0.6243
iguane	2.13	0.93	-1.4702	5.55	4.71	2.3768
illustration	4.18	1.38	-0.4949	4.59	3.35	-0.1858
îlot	2.05	1.04	-0.7191	5.00	3.57	0.2734
image	5.25	1.30	-0.0925	4.90	3.69	0.3629
imagerie	3.41	1.47	0.3074	3.45	3.69	0.3582
imitation	3.91	1.26	-1.3838	3.05	2.72	-0.4628
immensité	3.15	1.32	-0.6236	3.36	2.62	-0.7736
immeuble	4.29	1.21	-1.6378	5.38	2.31	-0.7533
immobilité	3.21	1.50	0.6882	3.16	2.96	-0.3119
immuabilité	2.01	1.16	0.0773	1.94	1.82	0.1721
impact	4.52	1.07	-2.3670	3.25	3.03	-0.3022
impatience	4.83	1.26	-0.9090	2.77	1.61	-1.0539
implantation	3.25	1.18	-1.6470	2.80	2.13	-0.7416
impossibilité	3.97	1.49	0.3160	2.22	2.16	-0.0170
impossible	5.31	1.31	0.0716	2.00	1.61	-0.0512
imposteur	2.90	1.20	-1.1767	3.22	2.76	-0.5592
imposture	2.41	1.21	-0.3951	2.51	2.13	-0.4211
impôt	4.70	1.36	-0.3317	3.30	2.86	-0.5129
impression	4.90	1.36	-0.1292	2.37	1.32	-0.7373
imprimante	5.30	1.17	-0.8768	6.38	1.37	-0.1176
imprimerie	3.69	1.45	0.0302	5.09	2.76	-0.5805
impuissance	3.55	1.50	0.4752	2.74	2.04	-0.7442
impulsion	3.59	1.29	-1.1146	2.73	2.25	-0.5784
incendie	3.91	1.42	-0.2322	5.68	2.16	-0.5737
incertitude	3.64	1.17	-1.9251	2.41	1.93	-0.4393
inceste	3.34	1.32	-0.7722	3.54	3.69	0.3139
incident	3.95	1.28	-1.2471	2.95	1.90	-1.0451
incision	2.77	0.98	-2.3015	4.23	3.46	-0.1157
inclination	3.09	1.34	-0.4252	3.48	2.92	-0.5460
inconnu	4.54	1.39	-0.2389	2.86	2.82	-0.1967
inconvénient	4.19	1.26	-1.3427	2.16	0.90	-0.6103
incorporation	2.95	1.48	0.7810	2.36	1.85	-0.4292
incrustation	1.92	1.09	-0.1424	2.50	2.37	-0.2183
inculpé	2.63	1.52	1.5216	2.22	1.74	-0.3052
incursion	2.36	1.14	-0.7482	2.11	1.82	-0.0939
index	4.50	1.46	0.2693	4.58	3.80	0.3833
indication	4.11	1.25	-1.4311	2.86	2.40	-0.5836
indice	4.54	1.36	-0.4605	2.80	2.22	-0.6737
indien	3.66	1.59	1.1817	5.97	1.59	-0.6029
indifférence	3.70	1.22	-1.6217	2.44	1.51	-0.7322
indignation	2.23	1.02	-1.2000	2.09	1.61	-0.1907
individu	5.16	1.34	0.0580	4.51	3.20	-0.3753
indulgence	2.50	1.11	-1.1706	2.19	1.59	-0.3531
industrie	4.32	1.46	0.1681	4.16	2.82	-0.8230
inertie	2.61	1.28	-0.2531	2.33	1.99	-0.2956
infarctus	2.44	1.53	1.9078	3.33	3.92	0.7405
infection	4.64	1.45	0.2957	4.01	2.72	-0.9113
infertilité	3.34	1.43	0.0402	2.75	2.62	-0.2773
infidélité	3.81	1.43	-0.1485	2.76	2.37	-0.5104
infinité	3.60	1.37	-0.5469	2.81	2.99	0.0269
infirmier	3.79	1.66	1.7630	5.77	1.23	-1.0276
infirmité	2.67	1.10	-1.4924	3.79	2.53	-1.0480
influence	4.88	1.22	-1.1216	2.34	1.51	-0.6024
influx	3.04	1.52	1.0069	2.94	1.90	-1.0362
ingénieur	4.11	1.39	-0.4385	4.22	2.76	-0.8879
ingrédient	4.86	1.42	0.2745	4.27	3.17	-0.4538
initiation	4.14	1.30	-1.0817	2.73	1.85	-0.8679
initiative	4.26	1.46	0.1427	2.29	1.61	-0.4796
injection	3.73	1.25	-1.4299	4.88	2.53	-0.9173
injure	2.77	1.15	-1.3291	2.54	2.16	-0.4349
innocence	4.15	1.33	-0.8672	2.56	2.04	-0.5446
innovation	3.40	1.35	-0.5954	2.56	2.16	-0.4585
inoccupé	2.90	1.41	0.2952	2.79	2.40	-0.5150
inquiétude	4.20	1.31	-0.9945	2.70	2.19	-0.5932
inscription	4.84	1.31	-0.5534	3.20	2.62	-0.6697
insecte	4.40	1.52	0.6886	6.39	0.83	-0.3111
insecticide	2.87	1.39	0.1808	4.44	3.57	0.0490
insémination	2.34	1.37	0.8385	3.00	3.10	-0.0360
insertion	3.58	1.43	-0.0880	3.16	2.25	-0.9627
insistance	3.36	1.33	-0.7143	2.45	1.85	-0.5451
inspecteur	3.62	1.26	-1.3310	5.04	2.50	-0.8533
inspection	3.91	1.30	-1.1088	3.18	2.31	-0.9287
inspiration	4.22	1.41	-0.2574	2.88	2.43	-0.5761
installation	4.11	1.36	-0.6601	3.06	2.04	-1.0407
instant	4.97	1.37	0.0258	2.41	2.28	-0.1808
instinct	4.30	1.24	-1.4361	2.61	1.96	-0.6624
institut	3.73	1.27	-1.2945	3.61	3.69	0.2835
instituteur	3.11	1.53	1.0203	4.51	2.99	-0.6062
instruction	4.50	1.49	0.5070	3.16	2.19	-1.0094
instrument	4.97	1.37	0.0258	5.42	2.76	-0.3196
insuline	3.33	1.57	1.1749	4.20	3.76	0.2706
insulte	4.71	1.05	-2.3291	2.98	2.62	-0.4963
intégration	3.72	1.12	-2.2550	2.63	2.37	-0.3705
intelligence	5.47	1.28	0.1339	2.63	1.85	-0.7592
intensité	4.12	1.35	-0.7306	2.58	1.96	-0.6279
interaction	4.19	1.42	-0.1911	2.74	2.04	-0.7442
intérêt	5.18	1.31	-0.1268	2.70	2.02	-0.7223
interlocuteur	2.90	1.31	-0.4352	3.26	2.50	-0.8265
interprétation	4.30	1.34	-0.7432	2.27	1.49	-0.5201
interrogation	4.04	1.29	-1.1705	3.35	2.86	-0.5437
intervalle	4.29	1.36	-0.6025	3.20	2.37	-0.8925
intervenant	3.61	1.27	-1.2595	3.12	2.56	-0.6697
intervention	4.11	1.40	-0.3636	2.66	2.28	-0.4790
intimidation	3.93	1.38	-0.5331	2.80	2.28	-0.6261
intimité	4.59	1.40	-0.1269	2.94	2.07	-0.9174
intrigue	3.54	1.44	0.0058	2.56	1.59	-0.8376
introduction	4.94	1.48	0.8320	2.90	2.66	-0.3943
intuition	4.66	1.36	-0.3667	2.62	1.93	-0.6929
invasion	3.30	1.22	-1.4265	3.30	2.25	-1.0588
invention	4.38	1.36	-0.5597	3.22	1.90	-1.2589
inverse	4.19	1.20	-1.7391	2.83	2.22	-0.7034
investissement	4.02	1.19	-1.8390	2.78	1.96	-0.8453
invitation	4.84	1.19	-1.3590	3.44	2.53	-0.9061
invité	5.12	1.26	-0.5568	3.70	3.13	-0.4161
invitée	4.86	1.37	-0.1001	3.87	3.06	-0.5409
ironie	3.79	1.41	-0.2982	2.09	1.06	-0.4510
irruption	3.29	1.56	1.1191	4.06	3.31	-0.2884
isolement	3.60	1.17	-1.9111	3.10	1.74	-1.2746
issue	3.59	1.38	-0.4692	2.50	1.96	-0.5328
ivoire	2.44	1.13	-0.9497	5.36	2.37	-0.7202
ivresse	2.97	1.41	0.2155	3.93	3.06	-0.5527
jacquard	1.38	0.74	-0.4461	1.98	3.31	1.4570
jaguar	3.00	1.60	1.7189	6.62	0.59	0.0216
jalon	1.62	1.05	0.3731	1.80	2.07	0.5796
jambe	5.40	1.46	1.3362	6.72	0.56	0.1976
jambon	4.86	1.54	1.2284	6.70	0.35	0.1262
janvier	5.60	1.31	0.5844	4.05	3.46	-0.1117
jardin	4.45	1.39	-0.2983	6.45	0.71	-0.2458
jardinier	3.29	1.41	-0.0773	5.38	2.22	-0.8254
jargon	2.66	1.38	0.3870	2.83	3.84	1.0303
jarre	1.88	1.22	0.7575	3.00	4.45	1.7677
javelot	2.04	1.15	-0.0505	5.33	3.92	0.9730
jazz	3.50	1.52	0.6604	4.52	3.03	-0.5668
jet	3.37	1.33	-0.7207	5.41	2.31	-0.7265
jetée	3.95	1.67	1.8427	3.77	4.12	0.8257
jeton	3.41	1.56	1.0398	5.74	1.93	-0.6716
jeudi	6.04	1.20	0.8063	3.68	4.04	0.7387
jeunesse	4.91	1.30	-0.5465	3.87	2.79	-0.8232
jonction	3.22	1.36	-0.3953	3.26	2.82	-0.5207
joueur	5.18	1.24	-0.6061	5.16	2.99	-0.2912
joueuse	4.23	1.61	1.3682	4.26	2.89	-0.7520
jouissance	3.41	1.37	-0.4553	3.20	2.92	-0.3764
journal	5.59	1.35	0.8509	6.46	0.90	-0.1733
journaliste	4.56	1.35	-0.5188	4.90	2.69	-0.7582
joyau	2.26	1.32	0.6271	3.62	4.20	0.9976
juillet	5.27	1.51	1.5232	3.59	4.12	0.8901
juke-box	2.93	1.64	2.1443	6.15	2.62	0.4154
jumelles	3.87	1.50	0.3966	6.45	0.67	-0.2538
jument	2.71	1.40	0.4649	5.73	3.31	0.5939
juré	3.54	1.50	0.4796	3.61	3.46	-0.0024
juron	2.52	1.32	0.1672	2.79	2.96	0.0107
jury	3.60	1.56	0.9482	5.05	2.50	-0.8469
jus	5.67	1.46	1.8386	6.39	0.81	-0.3163
justesse	3.66	1.36	-0.6405	2.19	1.54	-0.3806
justice	4.81	1.08	-2.0609	2.97	2.56	-0.5465
justification	4.20	1.43	-0.1114	2.26	1.88	-0.2756
kangourou	2.76	1.54	1.5017	6.81	0.26	0.3240
kayak	3.32	1.64	1.7852	6.58	0.81	0.0044
képi	1.28	0.59	-0.6827	2.66	4.84	2.7359
kermesse	1.28	0.74	-0.1469	1.86	2.62	0.9336
kérosène	2.01	1.06	-0.5189	3.18	4.04	1.0087
kiosque	3.61	1.40	-0.3274	5.62	1.59	-1.0175
kir	1.17	0.44	-0.7551	1.71	2.92	1.4878
kiwi	3.95	1.52	0.5577	6.80	0.30	0.3090
klaxon	3.50	1.51	0.5790	5.40	3.28	0.2161
koala	2.66	1.47	1.0758	6.79	0.34	0.2937
krill	1.26	0.64	-0.4563	1.90	2.69	0.9279
laboratoire	4.68	1.34	-0.4944	5.48	1.85	-0.9995
labyrinthe	3.00	1.43	0.3355	6.22	1.14	-0.4654
lâcheté	2.79	1.40	0.3566	2.55	1.77	-0.7185
lacune	2.83	1.36	0.0087	2.73	3.13	0.2599
laideur	3.29	1.37	-0.3759	3.61	2.16	-1.2899
laie	1.91	1.13	0.1193	1.94	2.72	0.8936
laine	3.92	1.46	0.0770	6.30	0.96	-0.4120
laitier	3.29	1.53	0.8702	4.91	2.69	-0.7528
lama	2.26	1.15	-0.5005	6.04	2.66	0.2913
lambeau	2.34	1.34	0.6202	4.00	4.54	1.4131
lame	3.79	1.32	-0.9580	6.14	1.54	-0.3969
lamelle	2.37	1.38	0.8581	4.48	3.57	0.0574
lampadaire	3.01	1.45	0.4796	6.24	1.12	-0.4439
lampe	5.45	1.22	-0.3045	6.77	0.29	0.2507
lancement	3.90	1.48	0.2353	3.25	2.66	-0.6739
lance-pierres	1.70	1.06	0.2208	5.61	2.69	-0.1967
lancer	4.59	1.55	1.0615	4.37	2.89	-0.7404
landau	1.61	0.94	-0.1882	3.11	5.38	3.2920
languette	2.25	1.06	-1.0154	4.09	3.88	0.4308
lanterne	3.09	1.16	-1.6337	5.86	2.53	-0.0601
lapin	3.91	1.60	1.2276	6.94	0.04	0.5687
lapsus	2.15	1.13	-0.4049	2.30	2.72	0.3552
laque	1.54	0.92	-0.0984	1.95	2.66	0.8151
largeur	4.45	1.39	-0.2983	3.86	3.53	0.0105
larme	4.84	1.28	-0.7620	6.35	1.04	-0.3052
lassitude	2.30	1.27	0.2035	2.13	1.85	-0.1063
lasso	2.04	0.97	-1.0753	5.08	4.75	2.0571
latte	1.87	0.99	-0.5839	2.80	4.54	2.0875
lauréat	2.49	1.11	-1.1541	2.75	2.79	-0.1203
laurier	3.40	1.68	2.0899	4.02	4.62	1.5490
lavabo	5.18	1.54	1.6336	6.67	0.45	0.0853
lavage	5.45	1.37	0.7389	4.84	3.10	-0.3723
leçon	4.95	1.40	0.2251	3.29	2.79	-0.5734
lecteur	4.54	1.32	-0.7484	4.47	2.69	-0.9195
lecture	5.70	1.13	-0.3958	4.20	3.42	-0.1617
légalité	3.59	1.37	-0.5431	2.45	1.64	-0.6751
légende	4.37	1.32	-0.8528	3.51	2.89	-0.5958
législation	3.29	1.57	1.2032	2.36	2.16	-0.2090
légume	5.88	1.20	0.4301	6.54	0.59	-0.1190
lemme	1.28	0.65	-0.4829	1.31	0.71	0.8437
lenteur	3.22	1.44	0.2063	2.94	2.22	-0.8065
lentille	3.76	1.54	0.7369	6.06	1.10	-0.7120
léopard	2.71	1.32	-0.1195	6.72	0.25	0.1528
lèpre	2.16	1.15	-0.3029	4.23	3.53	-0.0234
lésion	3.37	1.49	0.4910	4.48	2.82	-0.7881
lettre	5.45	1.40	0.9621	5.93	1.54	-0.6824
leurre	1.80	1.05	-0.0866	2.25	3.20	0.9278
levée	4.20	1.74	2.5277	2.95	2.28	-0.7678
lever	5.08	1.49	1.0875	4.01	2.86	-0.7799
levier	3.15	1.41	0.0362	5.31	2.43	-0.7101
lèvre	5.15	1.66	2.6219	6.76	0.29	0.2318
lèvres	5.34	1.45	1.1579	6.75	0.36	0.2208
levure	3.22	1.29	-0.8935	4.81	2.50	-0.9798
lexique	3.18	1.46	0.3954	3.38	3.31	-0.0649
lézard	2.90	1.51	1.0794	6.74	0.35	0.2005
liage	1.91	1.03	-0.4608	2.36	2.59	0.1525
liaison	3.88	1.50	0.3961	3.29	2.92	-0.4372
libellule	3.08	1.49	0.7245	6.56	0.88	-0.0086
libération	3.54	1.31	-0.9543	2.73	1.96	-0.7937
liberté	4.92	1.22	-1.0765	2.75	1.74	-0.9567
libraire	3.21	1.49	0.6079	4.95	2.82	-0.6015
licorne	2.57	1.40	0.6721	6.06	2.86	0.5124
liège	2.86	1.39	0.1930	5.22	3.42	0.2395
lien	5.05	1.32	-0.2350	3.18	2.40	-0.8522
lierre	1.50	0.77	-0.6683	2.40	3.53	1.1185
lièvre	3.02	1.44	0.3915	6.76	0.23	0.2261
ligament	3.26	1.51	0.7293	4.74	3.61	0.1888
ligne	5.30	1.23	-0.4900	5.73	2.89	0.1318
lilas	3.11	1.50	0.7762	6.68	0.64	0.1403
limace	2.21	1.04	-1.0501	5.23	4.04	1.0601
limande	1.38	0.68	-0.6749	1.91	3.03	1.2522
limite	5.14	1.20	-0.9254	3.06	2.28	-0.8613
limonade	4.11	1.47	0.1760	6.23	1.28	-0.3941
limousine	3.47	1.33	-0.7787	6.62	0.58	0.0184
lingerie	4.13	1.38	-0.5083	5.83	1.64	-0.7506
linguistique	3.63	1.46	0.1265	2.33	2.53	0.1346
lion	3.57	1.36	-0.6085	6.87	0.17	0.4339
lionceau	1.91	1.07	-0.2352	5.55	4.16	1.5205
lionne	2.83	1.50	1.0840	6.63	0.59	0.0395
liqueur	4.90	1.45	0.5499	5.63	2.25	-0.5586
liquide	5.02	1.40	0.3109	5.72	2.04	-0.6152
lisière	2.09	1.26	0.5543	3.40	3.53	0.1918
lit	6.08	1.22	1.0349	6.78	0.28	0.2686
litière	3.25	1.59	1.4030	5.95	2.62	0.1413
livre	6.28	0.97	0.0856	6.91	0.11	0.5103
livret	3.27	1.45	0.2448	6.07	1.08	-0.7063
local	5.11	1.19	-1.0312	4.66	3.13	-0.4096
location	4.31	1.61	1.4003	3.01	2.62	-0.5221
locomotive	2.76	1.40	0.3963	6.69	0.49	0.1287
locution	2.34	1.33	0.5485	2.02	1.42	-0.1878
logement	4.70	1.47	0.5043	5.45	1.90	-0.9916
logiciel	4.36	1.31	-0.9285	4.12	3.06	-0.5729
logis	3.15	1.55	1.1491	4.11	4.00	0.5954
loin	5.95	1.16	0.3375	3.76	3.92	0.5443
loisir	4.69	1.49	0.6544	3.43	2.66	-0.7830
longueur	4.81	1.48	0.6892	4.07	3.03	-0.6076
losange	2.93	1.40	0.1849	6.02	2.13	-0.1795
lotion	4.10	1.39	-0.4406	5.43	1.93	-0.9913
louange	2.43	1.30	0.1769	2.77	2.28	-0.5958
loup	3.67	1.52	0.5941	6.88	0.18	0.4547
loutre	1.92	1.04	-0.4284	5.22	4.88	2.3810
louveteau	2.01	1.01	-0.7969	5.50	4.04	1.2953
loyauté	3.55	1.22	-1.5701	2.52	2.13	-0.4332
loyer	4.70	1.45	0.3475	4.04	3.50	-0.0650
lubie	1.25	0.46	-0.9573	1.51	1.00	0.5296
lubrifiant	3.54	1.38	-0.4486	4.87	2.56	-0.8938
lubrification	3.70	1.49	0.3433	4.30	2.99	-0.6421
lucarne	1.82	1.12	0.2726	3.12	4.67	2.0139
lucidité	2.84	1.15	-1.4194	2.14	1.42	-0.3708
luge	2.83	1.46	0.7661	5.66	3.50	0.7376
lumière	6.38	1.12	1.2053	5.35	3.24	0.1307
lunch	5.19	1.62	2.3271	5.29	2.34	-0.8047
lundi	6.16	1.19	1.0436	3.50	3.53	0.1393
lune	5.36	1.43	1.0361	6.87	0.19	0.4355
lunette	5.33	1.37	0.5357	6.76	0.32	0.2354
lunettes	5.84	1.20	0.3407	6.84	0.21	0.3781
luth	1.44	0.73	-0.6596	1.98	2.86	0.9606
lutin	3.07	1.48	0.6546	5.94	2.66	0.1586
lutte	3.76	1.40	-0.3685	4.66	3.35	-0.1626
lutteur	2.80	1.41	0.4190	5.59	2.02	-0.7763
lynx	2.56	1.47	1.2273	6.19	2.34	0.2254
lyrisme	1.80	1.00	-0.3619	1.64	1.12	0.3298
macaron	3.25	1.36	-0.4191	5.90	2.34	-0.1710
macaroni	4.94	1.45	0.5960	6.73	0.30	0.1766
machine	5.19	1.33	0.0296	4.98	2.69	-0.7133
maçon	2.11	1.09	-0.5607	3.20	4.93	2.3996
magasin	5.92	1.03	-0.4967	6.02	1.37	-0.6504
magazine	5.18	1.44	0.8333	6.26	1.10	-0.4219
magie	4.09	1.45	0.0150	4.50	3.17	-0.4179
magnétophone	2.51	1.36	0.4714	5.76	2.16	-0.4834
maille	2.72	1.26	-0.5492	4.37	3.96	0.5525
maillet	1.94	1.20	0.4881	2.93	5.11	2.9345
maillon	2.36	1.44	1.3305	4.23	3.92	0.4841
main	6.15	0.91	-0.5613	6.85	0.12	0.3923
mainmise	1.75	1.05	0.0374	1.63	1.19	0.3746
maintien	4.22	1.34	-0.7743	2.36	1.74	-0.4972
mairie	2.81	1.44	0.6358	3.29	3.39	0.0764
maïs	4.19	1.69	2.0639	6.79	0.27	0.2867
maison	6.43	0.77	-0.4280	6.67	0.50	0.0946
maisonnette	2.24	1.19	-0.2106	5.70	2.04	-0.6376
maîtrise	4.48	1.33	-0.7178	2.93	2.10	-0.8871
majesté	3.00	1.26	-0.8926	4.16	2.86	-0.7892
majorité	4.94	1.20	-1.1832	3.30	2.66	-0.7066
malade	5.75	1.05	-0.7601	4.43	2.82	-0.7985
maladie	5.54	1.01	-1.3988	3.80	2.69	-0.9021
maladresse	2.75	1.21	-0.9220	2.91	1.99	-0.9514
malaise	3.79	1.31	-1.0286	3.01	2.13	-0.9355
malentendu	4.18	1.42	-0.1942	2.33	1.59	-0.5481
malheur	4.58	1.37	-0.3577	2.61	1.99	-0.6428
malice	2.97	1.35	-0.2293	2.47	1.35	-0.8541
malle	2.63	1.55	1.7689	4.31	5.29	2.7149
mallette	2.55	1.30	-0.0215	5.26	3.96	0.9707
maman	6.32	0.87	-0.2988	5.64	2.89	0.0324
mamelle	2.06	1.21	0.2866	4.66	4.58	1.5585
mamelon	3.48	1.54	0.8347	6.47	0.81	-0.1845
mammouth	2.05	1.13	-0.1946	6.37	1.32	-0.1557
mandat	3.58	1.32	-0.9004	3.02	2.82	-0.3403
mandoline	2.13	1.20	0.0742	4.47	5.34	2.8269
manège	3.45	1.46	0.2060	5.41	2.66	-0.4229
manette	3.75	1.72	2.3147	5.54	3.50	0.6125
manie	3.69	1.49	0.3460	2.65	1.93	-0.7265
manifestation	4.04	1.38	-0.5252	3.51	2.50	-0.9697
manivelle	2.20	1.17	-0.2587	4.09	4.16	0.8290
manoeuvre	3.51	1.36	-0.5820	3.31	2.28	-1.0410
manoir	2.94	1.35	-0.1958	5.30	2.89	-0.2898
manuel	4.73	1.44	0.2973	5.40	2.53	-0.5497
mappemonde	1.65	0.89	-0.5397	4.05	6.10	4.3423
maquillage	5.04	1.41	0.4119	6.19	1.12	-0.5185
maracas	2.02	1.10	-0.3089	5.66	3.92	1.2917
marais	2.42	1.31	0.2643	4.76	3.46	0.0097
marathon	3.52	1.31	-0.9452	4.94	2.56	-0.8563
marcassin	1.57	0.85	-0.5131	2.13	3.80	1.8407
marchandise	4.01	1.38	-0.5287	4.38	2.16	-1.3885
marché	5.04	1.29	-0.4582	5.23	2.76	-0.4795
mardi	5.74	1.29	0.7270	3.04	3.42	0.3041
marécage	2.50	1.22	-0.4823	5.37	3.39	0.3182
maréchal	1.40	0.68	-0.7334	2.58	4.08	1.6312
marée	3.03	1.18	-1.4482	5.29	3.06	-0.1169
marelle	2.08	1.11	-0.3792	4.58	3.96	0.5991
margarine	5.02	1.44	0.6160	6.58	0.48	-0.0713
marguerite	3.61	1.41	-0.2519	6.67	0.71	0.1376
mari	5.18	1.46	0.9891	5.16	2.59	-0.6860
mariage	5.15	1.34	0.0437	5.40	2.10	-0.8973
marine	3.26	1.49	0.5682	4.63	3.61	0.1475
marmelade	2.77	1.33	-0.1302	5.50	2.69	-0.3077
marmite	3.36	1.72	2.4802	6.45	0.71	-0.2458
marmotte	3.11	1.57	1.3533	6.39	0.98	-0.2626
marquis	2.08	1.26	0.5755	3.25	3.06	-0.2648
marron	2.50	1.42	0.9357	4.84	4.16	0.9900
marteau	4.12	1.54	0.7440	6.85	0.20	0.3969
massage	4.79	1.29	-0.7445	5.51	1.74	-1.0385
masse	4.35	1.41	-0.2030	4.04	3.57	0.0288
massif	3.30	1.08	-2.2913	3.54	3.13	-0.3519
matelas	4.80	1.59	1.5859	6.60	0.55	-0.0231
matériau	3.91	1.53	0.6392	4.22	3.06	-0.5729
matinée	3.98	1.40	-0.3819	3.98	2.40	-1.1968
matou	2.64	1.54	1.6710	4.56	5.71	3.5822
matrice	2.81	1.61	2.0282	3.16	3.35	0.1225
maturité	4.16	1.28	-1.2150	2.76	2.53	-0.3752
mécanique	4.12	1.36	-0.6578	3.84	3.39	-0.1665
méchanceté	3.52	1.26	-1.2903	2.68	1.82	-0.8320
médaille	3.97	1.39	-0.4574	6.28	1.02	-0.4221
médaillon	3.01	1.53	1.1199	5.48	2.56	-0.4470
médecin	5.36	1.24	-0.3263	6.22	1.08	-0.4903
médecine	5.09	1.31	-0.2527	3.79	2.92	-0.6671
médiante	2.34	1.35	0.6924	2.25	2.25	0.0099
méditation	3.65	1.36	-0.6374	3.68	2.86	-0.7015
méduse	2.16	1.39	1.3342	4.43	5.71	3.5515
méfait	2.88	1.36	-0.0529	2.09	1.39	-0.3076
méfiance	3.63	1.41	-0.2589	2.65	1.56	-0.9543
mégot	2.09	1.12	-0.3405	4.16	5.02	2.2126
mélancolie	2.80	1.25	-0.7239	2.51	2.07	-0.4641
mélange	4.94	1.24	-0.9211	3.95	2.86	-0.7715
mélangeur	3.24	1.17	-1.7023	5.50	2.66	-0.3386
mélasse	3.20	1.56	1.1895	5.97	1.88	-0.4261
mélèze	1.68	1.05	0.2157	3.04	5.71	3.9931
melon	3.65	1.60	1.2705	6.69	0.41	0.1160
menace	4.32	1.07	-2.4818	2.90	2.76	-0.3000
ménage	5.04	1.40	0.3364	3.97	3.39	-0.1917
menhir	1.44	0.61	-1.0914	2.97	5.90	4.4476
menotte	2.97	1.42	0.2915	6.15	2.86	0.6393
mensonge	4.53	1.15	-1.8831	2.95	3.20	0.1260
mention	3.61	1.46	0.1335	2.52	1.88	-0.6132
menton	4.27	1.46	0.1466	6.56	0.72	-0.0542
menu	5.01	1.40	0.2983	5.36	2.76	-0.3729
mépris	3.09	1.45	0.3990	2.69	2.37	-0.4366
mer	4.41	1.43	-0.0188	6.42	0.81	-0.2674
merci	6.45	0.87	0.0705	2.67	2.99	0.1730
mercredi	6.06	1.09	0.1789	3.23	3.69	0.4915
merde	5.01	1.54	1.4037	5.47	2.86	-0.1736
merisier	2.05	1.12	-0.2550	4.40	4.88	1.9986
mérite	4.31	1.29	-1.0919	2.56	2.28	-0.3652
merle	2.04	1.18	0.1373	5.07	5.48	3.3552
merveille	4.11	1.56	0.9083	3.05	2.59	-0.5851
mésange	2.08	1.17	-0.0118	4.68	5.62	3.4313
mésaventure	2.68	1.37	0.2842	2.79	1.42	-1.1793
mésencéphale	1.86	1.60	3.6827	3.18	5.38	3.2396
message	5.52	1.23	-0.1125	4.25	3.39	-0.2040
mesure	4.63	1.34	-0.5367	3.31	3.10	-0.2656
métabolisme	3.81	1.49	0.3221	3.09	2.82	-0.3972
métaphore	3.30	1.56	1.1119	2.68	2.69	-0.1419
météo	5.43	1.38	0.7777	4.31	2.66	-0.9759
méthode	5.08	1.11	-1.5659	2.61	1.93	-0.6815
meuglement	1.50	0.73	-0.8294	2.06	1.85	-0.0003
meunier	1.95	1.09	-0.2112	3.58	3.28	-0.2078
meute	2.18	1.07	-0.8203	3.86	4.37	1.1725
microbe	4.21	1.41	-0.2607	4.49	3.65	0.1565
microscope	3.56	1.58	1.1327	6.46	1.23	-0.0492
midi	6.14	1.01	-0.0713	4.15	3.65	0.1195
miel	4.25	1.55	0.8664	6.50	0.69	-0.1658
migration	3.78	1.40	-0.3720	3.81	2.59	-0.9956
milieu	5.50	1.38	0.9023	3.47	2.89	-0.5759
militaire	3.85	1.56	0.8911	5.61	2.19	-0.6264
mille	4.84	1.65	2.1494	4.30	4.54	1.4086
minéral	3.20	1.34	-0.5239	3.79	3.17	-0.4046
ministère	4.37	1.39	-0.3433	3.13	2.92	-0.3251
ministre	4.43	1.29	-1.0300	4.16	3.57	0.0226
minorité	4.31	1.46	0.1636	3.01	1.66	-1.2485
minuit	5.76	1.20	0.1674	4.13	4.28	1.0110
miracle	4.43	1.37	-0.4585	3.19	2.92	-0.3693
mirage	2.91	1.49	0.9066	4.34	3.31	-0.2824
miroir	5.43	1.42	1.0785	6.78	0.28	0.2686
mission	4.28	1.10	-2.3243	3.11	2.69	-0.5420
missionnaire	3.09	1.40	0.0164	4.66	2.59	-0.9557
mite	2.34	1.53	2.0846	3.50	5.38	3.0458
mitraillette	2.54	1.46	1.1803	6.28	0.86	-0.4737
mitrailleuse	2.47	1.06	-1.4122	5.81	2.82	0.1570
mixage	2.98	1.20	-1.2674	3.12	3.03	-0.2088
mixité	2.29	1.55	2.3428	2.34	2.34	-0.0396
mobile	4.11	1.49	0.3349	3.93	3.84	0.3961
mobilier	2.91	1.32	-0.3763	4.54	3.69	0.2186
mobilisation	3.50	1.40	-0.2807	2.86	2.79	-0.2298
modalité	3.25	1.56	1.1492	2.26	2.13	-0.0955
mode	5.25	1.45	1.0153	3.34	3.39	0.0452
modestie	2.63	1.10	-1.4337	2.34	1.74	-0.4706
modification	4.53	1.44	0.1340	2.47	1.59	-0.7289
module	3.72	1.47	0.1795	3.05	2.79	-0.3983
moelle	3.22	1.62	1.6855	4.58	4.00	0.6551
moi	6.17	1.28	1.6665	4.59	5.29	2.7719
moine	2.60	1.36	0.3293	5.52	2.79	-0.1923
moisson	2.23	1.10	-0.7446	3.50	3.39	-0.0423
molaire	3.23	1.58	1.3337	5.58	2.96	0.0399
molécule	3.84	1.55	0.8085	4.64	2.99	-0.5678
mollet	3.61	1.83	3.4026	6.12	1.49	-0.4517
mollusque	2.30	1.22	-0.1308	5.12	3.65	0.4480
momie	2.72	1.22	-0.8156	6.38	0.96	-0.2855
monarchie	3.22	1.26	-1.0989	3.41	3.06	-0.3628
monastère	2.39	1.07	-1.2172	4.84	3.76	0.4337
moniteur	3.98	1.49	0.3166	5.22	2.96	-0.2828
monnaie	4.92	1.48	0.8088	5.91	1.82	-0.5390
monologue	3.44	1.41	-0.1739	3.41	2.99	-0.4372
monopole	3.30	1.51	0.6996	2.77	2.79	-0.1409
montage	3.81	1.37	-0.5996	4.13	3.39	-0.2057
montagne	4.79	1.23	-1.1505	6.82	0.19	0.3380
montant	4.93	1.38	0.0523	3.12	1.96	-1.1480
monte-pente	2.41	1.61	2.6342	5.56	2.92	-0.0161
montgolfière	3.20	1.47	0.4572	6.82	0.23	0.3408
monticule	2.10	1.15	-0.1787	3.25	4.49	1.6438
montre	5.32	1.27	-0.1895	6.55	0.76	-0.0627
monture	2.62	1.22	-0.6710	4.38	3.65	0.1353
monument	3.55	1.22	-1.5701	5.15	3.03	-0.2616
moquette	2.22	1.30	0.5641	3.77	5.06	2.3509
moral	4.61	1.16	-1.7613	2.43	1.80	-0.5546
morale	4.41	1.29	-1.0415	2.44	2.25	-0.2430
moralité	3.77	1.40	-0.3703	2.18	2.07	-0.0247
morceau	5.09	1.55	1.5907	4.88	2.82	-0.6395
morosité	1.95	1.01	-0.6623	1.84	0.96	-0.0847
mors	1.90	1.03	-0.4375	2.36	3.28	0.8604
morsure	2.54	1.11	-1.2354	4.76	3.03	-0.4846
mort	5.47	1.31	0.3425	4.25	3.84	0.3772
mortier	2.19	1.04	-1.0103	3.58	4.67	1.7386
morue	2.67	1.25	-0.5457	5.95	2.53	0.0537
mot	6.12	1.04	0.0429	4.37	4.54	1.4170
motard	3.02	1.28	-0.7772	5.38	3.53	0.5086
motel	4.09	1.54	0.7377	6.23	0.98	-0.5122
moteur	4.77	1.33	-0.4828	5.94	2.04	-0.3490
motif	3.79	1.36	-0.6701	3.22	2.62	-0.6837
motion	3.38	1.64	1.7456	2.60	2.72	-0.0212
motivation	4.55	1.39	-0.2317	2.61	1.74	-0.8045
moto	3.84	1.52	0.5612	6.33	1.25	-0.2503
motte	2.13	1.50	2.2495	3.38	3.92	0.7108
mouche	4.76	1.47	0.5602	6.67	0.34	0.0697
moucheron	2.09	1.20	0.1579	3.28	4.45	1.5573
mouette	3.52	1.56	0.9817	5.93	3.61	1.1993
moule	3.20	1.29	-0.8770	5.66	2.25	-0.5263
moulin	3.02	1.50	0.8653	6.23	1.56	-0.2510
moulinet	1.91	1.01	-0.5704	3.68	4.58	1.5589
moulure	2.55	1.19	-0.7571	4.90	2.96	-0.4904
mousquetaire	2.47	1.13	-1.0005	5.71	1.93	-0.7056
mousse	4.06	1.59	1.1527	5.37	3.31	0.2317
moustache	4.02	1.45	0.0043	6.67	0.53	0.0999
moustique	3.81	1.50	0.4024	6.54	0.64	-0.1088
mouton	3.38	1.50	0.5650	6.82	0.25	0.3424
mouvement	5.01	1.23	-0.9024	3.91	2.89	-0.7302
moyen	5.41	1.25	-0.1750	2.93	2.53	-0.5395
moyenne	5.40	1.35	0.5061	2.95	2.53	-0.5575
moyeu	1.39	0.68	-0.7042	1.53	1.42	0.6682
muguet	2.02	1.16	0.0553	4.16	6.50	5.2299
mulet	1.80	0.92	-0.7744	4.21	5.66	3.4318
mulot	2.27	1.18	-0.3319	5.12	4.80	2.1578
multiple	4.12	1.34	-0.8029	3.04	2.28	-0.8450
multiplication	4.07	1.41	-0.2958	3.94	3.06	-0.5544
multitude	3.91	1.42	-0.2322	2.84	2.40	-0.5644
municipalité	4.16	1.34	-0.7928	3.66	2.69	-0.8571
mur	5.07	1.47	0.9152	6.08	2.25	-0.0058
muraille	2.78	1.36	0.0732	5.72	2.13	-0.5513
mûre	3.63	1.35	-0.7036	4.88	4.12	0.9507
muret	1.87	0.93	-0.8933	3.21	4.80	2.1657
murmure	3.22	1.45	0.2839	3.84	3.69	0.2087
musaraigne	1.19	0.55	-0.5260	2.28	3.80	1.6256
musc	1.23	0.51	-0.7651	1.53	1.28	0.6021
museau	3.08	1.44	0.3311	5.87	2.28	-0.2581
musée	4.27	1.42	-0.1628	5.73	2.07	-0.5830
muselière	1.87	1.00	-0.5305	4.22	6.05	4.2323
musicien	4.52	1.32	-0.7624	5.66	2.02	-0.7021
mutation	3.15	1.44	0.2658	3.34	2.96	-0.4328
mutisme	2.12	1.34	1.0500	2.31	2.07	-0.2073
mycose	1.40	0.76	-0.4240	1.56	1.25	0.5346
myope	3.05	1.41	0.1312	3.69	3.84	0.4592
mystère	4.28	1.17	-1.8976	2.66	1.93	-0.7375
mythe	3.52	1.31	-0.9452	3.05	3.06	-0.1159
nage	4.05	1.60	1.2369	5.08	3.13	-0.1953
nageur	3.61	1.43	-0.0994	5.58	2.22	-0.6344
nain	3.12	1.46	0.4489	5.69	2.43	-0.3417
naïveté	3.23	1.50	0.6719	2.50	1.64	-0.7369
narration	3.20	1.32	-0.6668	3.00	2.28	-0.8114
nasillement	1.46	0.85	-0.2075	1.46	0.56	0.5069
nation	4.18	1.41	-0.2702	3.63	2.69	-0.8456
natte	2.09	1.29	0.7597	4.18	5.66	3.4313
naufrage	2.71	1.25	-0.6026	4.50	3.42	-0.1225
navet	3.18	1.43	0.1625	6.39	0.94	-0.2759
navette	3.26	1.58	1.3102	5.66	1.90	-0.7795
navigateur	3.44	1.36	-0.5458	4.43	2.59	-1.0185
navigation	3.27	1.34	-0.5794	3.90	2.13	-1.4000
navire	3.50	1.44	0.0244	6.54	0.67	-0.1013
néant	2.34	1.08	-1.0696	2.95	3.53	0.5186
nécessité	4.33	1.28	-1.1518	2.22	1.49	-0.4499
nef	1.23	0.48	-0.8448	2.05	3.35	1.3899
négatif	5.48	1.11	-0.9394	3.04	3.28	0.1311
négation	3.31	1.64	1.7922	2.73	3.20	0.3395
négociation	3.97	1.20	-1.7790	2.86	2.53	-0.4744
nerf	4.86	1.48	0.7418	5.18	2.53	-0.7293
nervosité	3.97	1.34	-0.8240	3.23	2.43	-0.8609
netteté	3.01	1.37	-0.1262	3.38	2.46	-0.9285
neutralité	3.08	1.29	-0.7686	2.56	2.07	-0.5237
neveu	3.97	1.43	-0.1545	4.62	3.39	-0.1327
niais	1.97	1.22	0.5500	2.04	2.02	0.1444
niche	2.77	1.37	0.1598	5.73	3.69	1.0555
nicotine	4.13	1.48	0.2597	4.04	3.61	0.0768
nid	3.63	1.60	1.2770	6.33	0.96	-0.3651
niveau	4.95	1.20	-1.1714	2.91	2.34	-0.6821
noblesse	2.67	1.06	-1.7244	3.20	2.62	-0.6697
noce	3.59	1.51	0.5397	4.61	3.72	0.2896
noeud	4.32	1.45	0.0899	6.22	1.64	-0.2232
noir	5.78	1.21	0.2747	5.90	3.13	0.5937
noisette	3.65	1.33	-0.8541	6.36	1.02	-0.2967
noix	4.18	1.60	1.2657	6.65	0.53	0.0636
nombril	4.29	1.61	1.3916	6.47	0.83	-0.1792
nonne	1.71	0.83	-0.9722	3.38	5.81	3.9499
norme	4.52	1.43	0.0500	2.31	1.77	-0.4138
notion	4.19	1.29	-1.1373	2.19	1.39	-0.4557
nougat	1.86	0.98	-0.6131	3.48	5.06	2.4663
nourrisson	2.94	1.44	0.4786	4.98	3.92	0.7217
nourriture	5.59	1.39	1.1452	5.62	2.46	-0.3904
nouveauté	4.76	1.48	0.6394	2.79	2.40	-0.5150
nouvelle	6.05	0.95	-0.6127	3.13	2.56	-0.6773
novembre	5.38	1.37	0.6183	3.35	3.65	0.3649
noyau	4.26	1.57	1.0378	6.11	1.39	-0.5146
nu	4.79	1.59	1.5758	5.37	2.86	-0.2648
nuage	5.15	1.40	0.4852	6.74	0.38	0.2052
nue	4.60	1.55	1.0692	5.09	3.50	0.2370
nuitée	2.15	0.97	-1.3073	2.76	2.89	-0.0293
nul	4.00	1.57	0.9756	2.68	3.28	0.4752
numéro	5.76	1.28	0.7002	5.00	2.99	-0.3973
nylon	3.56	1.57	1.0481	5.22	2.82	-0.4215
oasis	2.76	1.29	-0.3983	5.20	3.13	-0.1105
obéissance	3.50	1.43	-0.0527	2.74	1.59	-1.0372
objectif	5.21	1.26	-0.4278	2.73	2.19	-0.6251
objection	4.00	1.29	-1.1750	2.59	2.40	-0.2990
objectivité	3.81	1.53	0.6465	2.25	1.59	-0.4384
objet	5.88	1.04	-0.5324	4.16	3.20	-0.4173
obligation	4.52	1.36	-0.4745	2.42	1.69	-0.6068
obscénité	2.65	1.37	0.3277	2.51	1.59	-0.7780
obscurcissement	1.60	0.89	-0.4072	2.63	2.37	-0.3705
obscurité	3.67	1.40	-0.3469	4.18	3.13	-0.4969
observation	5.04	1.27	-0.5957	2.90	2.50	-0.5402
obsession	4.34	1.24	-1.4177	2.72	1.90	-0.8211
obstacle	4.65	1.21	-1.4104	3.79	2.31	-1.2337
obus	2.00	1.03	-0.6652	2.63	4.28	1.8759
occasion	4.80	1.45	0.4429	2.58	1.93	-0.6471
océan	4.56	1.28	-1.0132	6.41	1.10	-0.1851
octave	2.59	1.54	1.7465	3.90	4.54	1.4292
octet	2.43	1.61	2.5995	2.75	4.08	1.4445
octobre	5.47	1.45	1.3802	4.08	4.45	1.2710
octroi	1.95	1.11	-0.0930	1.79	1.88	0.4598
odeur	5.06	1.34	-0.0790	3.04	2.66	-0.5169
odorat	3.68	1.42	-0.1983	3.13	2.99	-0.2533
oedème	1.77	1.34	1.8488	2.61	5.24	3.5106
oeil	5.78	1.26	0.6064	6.87	0.14	0.4322
oestrogène	3.35	1.59	1.3312	3.31	3.46	0.1531
oeuf	5.59	1.33	0.7069	6.95	0.04	0.5890
offense	3.86	1.32	-0.9659	2.61	2.19	-0.4937
officier	3.67	1.30	-1.0720	4.68	2.76	-0.7942
oie	2.66	1.39	0.4614	6.72	0.40	0.1696
oignon	4.91	1.46	0.6394	6.85	0.14	0.3934
oiseau	4.74	1.55	1.1899	6.74	0.27	0.1921
olfaction	1.64	1.04	0.2640	2.56	2.82	0.1229
olive	4.25	1.54	0.7834	6.88	0.16	0.4531
olivier	2.79	1.51	1.2162	5.26	4.16	1.2594
ombrage	3.61	1.50	0.4515	5.20	2.43	-0.7971
ombre	4.31	1.60	1.3141	4.76	2.43	-1.0568
oncle	5.18	1.29	-0.2664	5.25	2.66	-0.5582
onctuosité	1.61	0.94	-0.1882	1.97	1.88	0.1591
ongle	4.90	1.53	1.1902	6.41	1.25	-0.1220
onguent	3.11	1.71	2.5865	4.79	4.37	1.2772
opéra	3.37	1.41	-0.1320	5.22	3.06	-0.1723
opérateur	3.72	1.35	-0.7293	3.84	2.89	-0.7151
opercule	1.25	0.71	-0.1717	1.76	2.53	1.0182
opinion	5.44	1.32	0.3601	2.51	2.28	-0.3055
opportunité	4.47	1.37	-0.4342	2.28	1.37	-0.5942
opposition	4.43	1.30	-0.9604	2.87	2.56	-0.4553
optimisme	3.91	1.39	-0.4586	2.61	2.56	-0.1840
or	4.63	1.53	0.9277	5.97	1.66	-0.5590
orange	5.61	1.10	-0.7553	6.88	0.10	0.4505
orchestre	3.50	1.32	-0.8651	6.15	0.86	-0.6675
ordinaire	5.34	1.04	-1.5838	2.56	2.40	-0.2641
ordinateur	6.42	0.82	-0.2434	6.80	0.24	0.3031
ordonnance	3.36	1.27	-1.1332	3.11	2.43	-0.7733
ordre	5.02	1.38	0.1616	3.19	3.17	-0.1068
ordure	3.61	1.34	-0.7689	5.30	3.03	-0.1462
oreiller	5.58	1.38	1.0516	6.74	0.38	0.2052
organisateur	4.23	1.40	-0.3293	3.29	2.10	-1.1656
organisation	5.01	1.32	-0.2861	2.90	2.46	-0.5677
organisme	4.91	1.32	-0.4058	3.71	3.42	-0.0847
orgue	2.70	1.41	0.5544	5.56	3.96	1.2419
orgueil	3.73	1.46	0.0985	2.56	2.66	-0.0371
orientation	4.59	1.34	-0.5684	2.81	2.13	-0.7516
orifice	2.50	1.51	1.6439	4.33	2.92	-0.7107
origine	4.81	1.17	-1.5170	2.51	1.82	-0.6367
ornement	2.90	1.30	-0.5053	4.70	3.03	-0.5091
ornière	1.78	1.15	0.5535	1.88	2.19	0.5314
ornithorynque	1.33	0.55	-0.9562	4.26	7.45	7.5721
orteil	5.00	1.44	0.5909	6.84	0.24	0.3803
orthographe	4.55	1.52	0.7842	3.63	3.53	0.0819
ossature	2.31	1.25	0.0495	4.30	3.10	-0.5296
osselet	2.22	1.07	-0.8998	4.65	4.08	0.7924
otage	2.76	1.26	-0.6038	4.02	3.28	-0.3267
ouate	3.11	1.32	-0.5870	5.72	3.57	0.8979
oubli	4.98	1.34	-0.1803	2.72	2.46	-0.3891
ouragan	3.52	1.42	-0.1387	5.90	1.39	-0.7956
ourlet	1.56	0.80	-0.7075	3.12	4.80	2.2317
ourson	3.23	1.31	-0.7619	6.66	0.59	0.0936
outil	4.70	1.31	-0.6902	5.50	3.17	0.1870
ouverture	4.69	1.34	-0.4856	4.35	2.62	-1.0015
ouvrage	4.34	1.46	0.1775	3.58	2.76	-0.7616
ovule	3.54	1.47	0.2403	5.21	2.69	-0.5582
oxygénation	2.15	1.14	-0.3440	2.98	3.31	0.2241
pacotille	1.57	0.80	-0.7347	2.08	2.82	0.7707
page	3.43	1.98	5.0211	4.26	4.93	2.0590
paiement	4.90	1.44	0.4723	3.68	3.06	-0.4860
paille	4.00	1.71	2.2088	6.40	0.85	-0.2894
paillis	1.46	1.13	1.2814	2.22	3.13	0.8906
pain	6.01	0.97	-0.6069	6.77	0.28	0.2496
palace	2.31	1.08	-1.0143	4.59	3.61	0.1347
palais	3.21	1.51	0.7690	6.38	0.71	-0.3603
pâleur	2.62	1.30	-0.1296	3.98	2.43	-1.1702
palier	2.80	1.35	-0.0257	3.83	3.65	0.1616
palissade	1.84	0.90	-0.9692	3.36	3.57	0.2621
palme	2.73	1.17	-1.1503	5.28	3.96	0.9868
palmier	2.86	1.23	-0.9328	6.70	0.37	0.1292
panache	2.47	1.34	0.3925	4.16	5.38	2.8818
panda	2.61	1.32	0.0262	6.72	0.59	0.2038
panneau	3.76	1.43	-0.1405	5.72	2.13	-0.5513
panthère	2.63	1.25	-0.4870	6.60	0.55	-0.0231
pantoufle	4.77	1.53	1.0533	6.77	0.28	0.2496
paon	1.81	0.87	-1.0392	5.47	4.80	2.4448
papa	6.09	1.20	0.9299	5.65	3.10	0.2624
pape	3.68	1.49	0.3487	6.23	1.19	-0.4327
papillon	4.04	1.29	-1.1705	6.84	0.21	0.3781
paquet	4.41	1.38	-0.3961	5.50	2.04	-0.8461
parachute	3.55	1.43	-0.0756	6.59	0.92	0.0561
parade	3.66	1.25	-1.4115	5.47	2.13	-0.8110
paradoxe	3.31	1.43	0.0609	2.11	1.96	-0.0022
paragraphe	5.00	1.33	-0.2274	5.18	2.56	-0.7006
paramètre	3.44	1.58	1.1912	3.04	2.82	-0.3569
parapluie	4.54	1.50	0.6148	6.77	0.31	0.2530
parasite	3.28	1.38	-0.2947	4.36	4.00	0.6071
parasol	3.22	1.51	0.7608	6.40	0.88	-0.2781
paratonnerre	1.68	0.77	-1.1529	3.84	5.52	3.1911
parc	4.92	1.26	-0.8101	6.40	0.86	-0.2838
parcours	4.09	1.38	-0.5170	3.70	2.59	-0.9622
pardon	4.64	1.39	-0.1619	2.62	2.22	-0.4820
pare-chocs	2.76	1.26	-0.6038	4.72	4.80	1.9392
pareil	5.02	1.34	-0.1306	3.04	2.50	-0.6627
parenté	4.63	1.52	0.8458	3.87	2.10	-1.4154
parenthèse	4.30	1.62	1.4826	5.69	2.62	-0.1715
paresse	4.38	1.51	0.5965	3.16	2.07	-1.0972
paresseux	5.01	1.43	0.5263	3.83	2.66	-0.9407
parfum	5.09	1.38	0.2530	5.58	2.89	-0.0306
pari	3.52	1.42	-0.1387	3.33	3.10	-0.2780
parlement	4.73	1.32	-0.5922	5.41	2.89	-0.1948
parloir	2.02	1.05	-0.5976	3.20	3.50	0.2723
parodie	2.65	1.10	-1.4633	2.45	2.31	-0.2070
paroi	3.37	1.55	0.9809	4.09	3.24	-0.3741
partage	4.88	1.25	-0.9226	3.43	2.04	-1.2905
partenaire	4.70	1.29	-0.8299	4.45	2.92	-0.6915
partenariat	3.36	1.44	0.1040	2.84	2.56	-0.4265
parterre	3.80	1.64	1.5843	4.73	3.10	-0.4216
parti	4.91	1.39	0.1037	2.88	2.46	-0.5490
participant	5.05	1.17	-1.2381	3.78	2.99	-0.5925
participation	5.04	1.34	-0.1051	2.88	2.25	-0.7278
participe	4.78	1.27	-0.8919	2.54	2.04	-0.5210
partie	5.62	1.34	0.8369	3.30	2.25	-1.0588
passage	4.37	1.14	-2.0419	4.54	2.50	-1.0791
passager	4.57	1.26	-1.1422	4.50	3.13	-0.4573
passant	3.71	1.44	-0.0526	3.79	2.40	-1.1572
passeport	4.34	1.65	1.7644	6.16	1.21	-0.5267
passion	4.56	1.26	-1.1496	2.98	2.43	-0.6666
passoire	3.39	1.29	-1.0147	5.25	3.84	0.7998
pastèque	1.87	1.10	0.0335	4.56	6.76	5.8875
pastille	3.54	1.43	-0.0713	5.97	1.44	-0.6817
patate	5.43	1.34	0.4855	6.94	0.05	0.5690
pâté	4.15	1.47	0.1855	5.57	2.89	-0.0409
patience	4.71	1.31	-0.6812	2.73	1.72	-0.9519
patient	5.05	1.25	-0.7181	4.40	3.28	-0.3158
patin	4.74	1.37	-0.2216	6.84	0.18	0.3762
patinage	4.27	1.47	0.2253	5.51	1.99	-0.8768
pâtisserie	3.67	1.33	-0.8602	6.02	1.44	-0.6152
pâtre	1.69	1.15	0.7807	2.58	4.20	1.8096
patrie	2.75	1.35	0.0405	3.10	2.02	-1.0930
patrimoine	3.37	1.46	0.2533	2.83	2.19	-0.7265
patron	4.69	1.26	-1.0442	4.94	2.62	-0.7974
patrouille	3.33	1.38	-0.3304	4.48	2.89	-0.7200
patte	4.56	1.51	0.7102	6.09	1.56	-0.4541
paume	3.72	1.60	1.2513	6.05	1.23	-0.6724
paupière	4.09	1.61	1.3299	6.41	1.02	-0.2159
pavillon	3.98	1.60	1.2294	4.80	2.96	-0.5399
paysan	3.22	1.43	0.1292	5.31	2.28	-0.8377
pêcheur	3.80	1.44	-0.0700	6.07	1.25	-0.6351
pédalo	2.81	1.47	0.8702	6.28	1.64	-0.1322
peigne	4.85	1.40	0.1123	6.75	0.27	0.2108
peine	5.53	1.46	1.5676	4.11	3.42	-0.1607
peintre	3.68	1.50	0.4290	5.18	2.31	-0.9151
pelage	2.54	1.20	-0.6770	4.63	3.13	-0.4199
pélican	2.69	1.39	0.4182	6.19	2.25	0.1518
pelle	4.14	1.47	0.1830	6.54	0.53	-0.1309
pelote	1.98	1.28	0.9304	3.73	5.62	3.4075
peloton	2.08	1.24	0.4412	3.11	4.71	2.0932
pelouse	3.87	1.59	1.1435	6.32	0.79	-0.4329
pelure	3.72	1.45	0.0226	5.76	1.96	-0.6294
pelvis	2.48	1.44	1.1224	4.69	4.97	2.2322
penchant	3.47	1.28	-1.1292	2.95	2.04	-0.9472
pendentif	2.65	1.29	-0.2437	5.44	3.96	1.1256
pendule	2.95	1.28	-0.7015	6.12	1.49	-0.4517
pénétration	4.18	1.57	1.0103	4.65	3.10	-0.4519
péniche	1.76	1.11	0.3604	2.01	2.82	0.8792
péninsule	2.52	1.17	-0.8358	4.13	3.61	0.0711
pénitencier	2.81	1.50	1.1095	5.00	2.92	-0.4691
pension	3.77	1.52	0.5707	3.33	2.86	-0.5316
pensionnat	2.80	1.35	-0.0257	3.94	3.35	-0.2305
pénurie	3.00	1.53	1.1305	3.01	2.82	-0.3318
pépin	3.16	1.25	-1.1156	5.47	3.20	0.1983
pépinière	2.50	1.20	-0.6123	4.87	3.76	0.4487
perception	4.33	1.38	-0.4374	2.43	1.96	-0.4457
perchoir	2.14	1.13	-0.3844	4.95	3.92	0.7043
perdrix	2.51	1.64	2.7273	5.36	5.11	2.8891
perfection	4.77	1.32	-0.5540	2.50	2.46	-0.1387
performance	4.68	1.38	-0.2023	2.59	1.69	-0.8133
perfusion	2.29	1.21	-0.1773	2.25	2.46	0.1887
péril	2.84	1.45	0.6754	2.81	2.46	-0.4814
périphérie	2.97	1.38	-0.0093	3.30	3.06	-0.2974
permanence	3.85	1.41	-0.3053	2.55	1.44	-0.9046
permis	5.20	1.13	-1.2770	4.18	2.99	-0.6481
permission	4.68	1.27	-0.9851	2.75	2.22	-0.6228
perron	3.06	1.45	0.4284	5.55	3.57	0.7163
perroquet	3.33	1.42	-0.0296	6.82	0.20	0.3386
perruche	2.94	1.43	0.4015	6.12	1.85	-0.2390
perruque	3.16	1.37	-0.2713	6.46	0.71	-0.2291
persil	3.46	1.63	1.6113	6.29	1.21	-0.3320
personnalité	5.31	1.12	-1.1683	2.66	2.25	-0.5030
personne	6.35	0.85	-0.3077	5.21	2.46	-0.7625
perspective	4.29	1.40	-0.3060	2.28	1.64	-0.4512
peste	3.29	1.37	-0.3759	3.88	4.28	1.0412
pétale	3.65	1.45	0.0418	6.18	1.96	-0.0782
pétard	3.11	1.51	0.8570	5.33	2.89	-0.2648
petit	5.95	0.97	-0.7493	4.44	2.99	-0.6217
pétition	4.11	1.31	-1.0186	3.90	2.96	-0.6577
pétrole	4.59	1.66	2.0097	5.33	2.79	-0.3661
phalange	2.05	1.06	-0.6063	3.97	6.20	4.5670
phantasme	3.12	1.65	2.0358	3.18	3.24	-0.0187
philatélie	1.27	0.56	-0.7448	2.12	2.50	0.4045
phobie	4.02	1.43	-0.1503	3.56	2.92	-0.5840
photo	5.71	1.20	0.0592	6.21	1.11	-0.5281
photographie	4.73	1.51	0.8519	6.07	1.08	-0.7063
pianiste	3.55	1.36	-0.6001	6.08	0.86	-0.7668
piano	4.61	1.45	0.2714	6.85	0.20	0.3969
pichet	3.61	1.76	2.7278	5.54	3.13	0.1869
pied	5.57	1.20	-0.2146	6.80	0.21	0.3008
piège	4.31	1.39	-0.3722	4.61	2.66	-0.9126
pierre	4.57	1.44	0.1630	6.49	0.96	-0.1038
piété	1.97	1.20	0.4200	2.27	2.34	0.0557
pif	2.12	1.19	0.0308	2.81	4.80	2.5042
pige	3.23	1.56	1.1650	2.93	3.39	0.3549
pignon	2.49	1.42	0.9522	4.78	4.08	0.8440
pilier	2.52	1.31	0.0966	4.33	4.37	1.1466
pillage	2.48	1.17	-0.7702	2.58	2.99	0.2744
pilon	2.61	1.46	1.0714	4.48	4.71	1.7179
pilote	4.14	1.54	0.7488	5.79	2.22	-0.4025
pilule	5.44	1.23	-0.2562	6.48	0.58	-0.2245
piment	4.69	1.65	2.0036	6.69	0.38	0.1124
pin	3.08	1.45	0.4087	5.83	2.59	-0.0389
pinceau	3.84	1.52	0.5612	6.60	0.46	-0.0383
pincée	3.54	1.45	0.0834	4.77	2.37	-1.1050
pingouin	3.08	1.41	0.1015	6.85	0.20	0.3969
ping-pong	3.08	1.69	2.4326	6.44	0.74	-0.2537
pinson	2.41	1.39	0.8617	4.95	5.71	3.7484
pinte	3.08	1.73	2.8000	4.33	4.24	0.9575
piolet	1.48	1.01	0.5351	2.02	3.35	1.4366
pion	2.52	1.31	0.0966	5.30	2.69	-0.4871
pipe	3.87	1.53	0.6407	6.46	0.86	-0.1850
piquant	4.46	1.36	-0.5137	4.22	3.80	0.3231
piquet	2.92	1.59	1.7221	5.04	3.13	-0.2213
piqûre	4.18	1.50	0.4332	5.83	1.42	-0.8703
piratage	3.06	1.45	0.4284	3.47	2.79	-0.6772
pirate	3.39	1.44	0.0851	6.34	1.04	-0.3211
pirouette	3.08	1.34	-0.4155	5.48	2.28	-0.6859
pissenlit	3.52	1.60	1.3211	6.60	1.10	0.1384
pistolet	2.73	1.25	-0.6304	6.55	0.50	-0.1189
piston	3.04	1.51	0.9255	5.00	3.10	-0.2849
pitié	4.64	1.31	-0.7420	2.75	2.16	-0.6686
pizza	5.53	1.51	1.9664	6.92	0.06	0.5289
pizzeria	4.00	1.44	-0.0753	6.25	1.17	-0.4115
place	5.88	1.04	-0.5324	3.53	3.20	-0.2677
placement	4.08	1.26	-1.3696	2.72	2.13	-0.6593
plagiat	4.48	1.55	0.9837	3.56	2.92	-0.5840
plaine	3.29	1.45	0.2299	4.90	3.69	0.3629
plaisanterie	3.25	1.30	-0.8477	3.09	1.96	-1.1247
planification	4.16	1.42	-0.1999	2.72	2.07	-0.7024
plaque	4.02	1.35	-0.7476	5.09	3.50	0.2370
plaquette	2.97	1.52	1.0810	4.27	4.37	1.1409
plastique	5.51	1.13	-0.7646	5.72	1.74	-0.8173
platane	1.45	0.84	-0.2244	1.98	3.20	1.3326
plénitude	2.26	1.17	-0.3759	2.30	2.28	-0.0351
pleur	4.76	1.55	1.2090	4.43	2.76	-0.8642
pleurs	4.29	1.49	0.3925	4.66	2.76	-0.8014
plomb	3.26	1.24	-1.2647	4.93	3.28	-0.1247
plongeon	3.41	1.43	-0.0041	5.76	2.19	-0.4607
plongeur	3.50	1.37	-0.5038	5.67	2.04	-0.6708
pluie	5.50	1.32	0.4672	6.31	1.30	-0.2613
plumage	2.63	1.28	-0.2832	5.29	2.34	-0.8047
plume	4.68	1.65	1.9948	6.76	0.21	0.2247
pluriel	4.83	1.44	0.3962	3.09	3.20	0.0085
pochette	3.36	1.21	-1.5328	5.52	2.28	-0.6472
poésie	4.18	1.39	-0.4205	4.00	2.96	-0.6738
poignard	3.04	1.14	-1.7077	5.79	2.92	0.2363
poignée	4.46	1.54	0.8881	5.43	2.66	-0.4047
poinçon	2.33	1.18	-0.4443	5.04	4.93	2.3317
poing	4.08	1.54	0.7358	6.04	1.25	-0.6763
pointage	3.62	1.52	0.6101	4.08	3.17	-0.4544
pointe	4.29	1.28	-1.1697	4.69	3.31	-0.1945
pointure	3.31	1.31	-0.8222	3.84	3.39	-0.1665
poire	4.48	1.56	1.0673	6.64	0.90	0.1391
poireau	2.70	1.47	1.0185	6.04	1.66	-0.4654
poison	3.85	1.41	-0.3053	5.15	2.22	-1.0090
poisson	4.93	1.34	-0.2399	6.88	0.13	0.4516
poitrine	4.59	1.47	0.4126	6.25	1.04	-0.4605
poivre	4.88	1.61	1.8425	6.30	1.28	-0.2871
poivron	3.46	1.43	-0.0322	6.49	0.59	-0.2045
polissage	2.40	1.09	-1.1188	3.54	2.50	-0.9839
polisseuse	2.23	1.53	2.2925	3.70	4.37	1.2181
politesse	4.30	1.34	-0.7432	2.79	2.37	-0.5410
politique	5.33	1.45	1.1416	2.95	2.37	-0.6927
pollen	3.26	1.59	1.3953	5.08	2.86	-0.4877
pollution	5.41	1.13	-0.9420	4.40	3.31	-0.2736
polyvalence	2.43	1.16	-0.7480	2.32	1.77	-0.4274
pomme	5.48	1.16	-0.6346	7.00	0.00	0.0000
pomme de terre	4.20	1.71	2.2497	6.92	0.07	0.5292
pommette	2.63	1.14	-1.1930	5.71	1.49	-0.9733
pompon	3.41	1.63	1.6395	6.05	2.25	-0.0472
poney	2.70	1.44	0.7840	5.98	2.99	0.5456
pont-levis	1.68	0.90	-0.5698	4.12	5.24	2.6235
population	5.33	1.31	0.1039	4.29	2.59	-1.0378
porc	4.27	1.47	0.2253	6.61	0.52	-0.0109
porche	3.12	1.50	0.7669	5.25	3.88	0.8533
portail	2.61	1.55	1.7990	3.87	4.16	0.8596
porte	5.97	1.27	1.1024	6.75	0.38	0.2240
portée	3.75	1.48	0.2522	3.22	3.20	-0.0878
porteur	3.44	1.42	-0.0979	3.69	3.20	-0.3331
portier	2.85	1.22	-0.9863	4.93	2.82	-0.6128
portion	4.45	1.28	-1.0871	3.70	2.79	-0.7754
portrait	4.51	1.49	0.5137	5.18	2.10	-1.0769
pose	4.11	1.47	0.1760	3.11	3.28	0.0752
position	5.13	1.07	-1.7319	3.48	2.59	-0.8691
possibilité	5.05	1.26	-0.6507	2.38	1.72	-0.5395
possible	5.68	1.16	-0.2521	1.97	1.39	-0.1202
poste	4.85	1.38	-0.0370	4.04	3.84	0.3812
potage	3.32	1.37	-0.3973	5.51	2.34	-0.6074
potager	2.68	1.31	-0.1476	5.12	3.65	0.4480
poterie	2.94	0.96	-2.6152	5.38	1.93	-1.0363
potin	3.06	1.76	3.1008	2.51	2.76	0.1168
potiron	1.54	1.13	1.0577	2.63	5.20	3.4039
pou	3.19	1.41	0.0015	4.98	3.92	0.7217
pouding	4.11	1.73	2.4104	6.48	0.83	-0.1624
poudre	4.19	1.55	0.8458	5.95	1.90	-0.4339
pouf	2.66	1.59	2.0620	3.61	5.20	2.6530
poulailler	2.80	1.42	0.4950	5.73	2.53	-0.2141
poulain	2.43	1.48	1.5207	5.11	3.92	0.8046
poule	4.26	1.71	2.2710	6.87	0.17	0.4339
poulet	5.22	1.46	1.0481	6.77	0.40	0.2635
poulie	2.68	1.50	1.2862	5.45	3.53	0.5721
poulpe	1.67	0.97	-0.1924	2.83	4.71	2.3383
poumon	4.52	1.51	0.6817	6.26	0.94	-0.4801
poupon	2.53	1.38	0.5862	4.81	4.88	2.1285
pourboire	4.52	1.45	0.2047	4.98	2.31	-1.0477
pourcentage	5.33	1.21	-0.5729	4.12	4.28	1.0113
poursuite	3.78	1.24	-1.5064	3.44	2.40	-1.0154
poussée	4.00	1.44	-0.0753	3.80	3.10	-0.4856
poussette	3.00	1.13	-1.7270	6.15	0.96	-0.6368
poussin	3.45	1.36	-0.5513	6.87	0.17	0.4339
poutre	2.79	1.29	-0.4381	5.38	3.57	0.5558
pouvoir	5.25	1.32	0.0483	3.02	2.76	-0.4060
prairie	3.69	1.24	-1.4869	5.62	2.02	-0.7449
praline	2.21	1.39	1.2340	3.86	5.86	3.8566
préavis	2.66	1.09	-1.5367	2.12	2.16	0.1289
précaution	3.90	1.31	-1.0385	2.47	1.90	-0.5338
précepte	2.52	1.27	-0.1805	1.61	0.74	0.2593
précipité	3.47	1.40	-0.2655	2.97	2.62	-0.4876
précis	4.55	1.36	-0.4533	2.66	2.10	-0.6163
précision	4.37	1.23	-1.4691	2.63	2.10	-0.5829
prédicat	2.38	1.55	2.1779	2.06	2.31	0.3378
prédiction	4.18	1.24	-1.4800	2.52	2.04	-0.4970
préface	3.30	1.39	-0.2349	2.91	2.56	-0.4927
préférence	4.56	1.28	-1.0132	2.37	1.77	-0.4939
préfet	2.30	1.41	1.2112	2.36	3.50	1.1242
préjugé	4.29	1.18	-1.8303	2.36	1.90	-0.3930
prélude	2.51	1.34	0.3264	2.38	1.80	-0.4902
premier	5.68	1.35	1.0287	3.81	3.92	0.5303
prémisse	2.85	1.40	0.2802	1.94	1.30	-0.1158
prénommé	2.81	1.39	0.2558	1.80	1.04	0.0121
préoccupation	3.68	1.29	-1.1445	2.36	1.51	-0.6289
préparation	4.40	1.53	0.7706	2.68	2.19	-0.5716
préposition	3.70	1.34	-0.7967	2.47	2.56	-0.0176
présent	5.19	1.35	0.1736	2.90	2.56	-0.4834
présentation	4.84	1.37	-0.1215	3.27	2.31	-0.9908
présentoir	2.63	1.36	0.2840	3.95	3.84	0.3927
président	5.07	1.17	-1.2118	5.30	2.50	-0.6638
pressentiment	3.44	1.59	1.2764	2.36	1.64	-0.5592
pression	4.57	1.20	-1.5386	3.38	2.86	-0.5613
prestation	2.97	1.36	-0.1565	2.68	2.19	-0.5716
prestige	3.41	1.31	-0.8871	2.56	2.53	-0.1549
prétention	3.44	1.43	-0.0213	2.34	1.96	-0.3285
prétexte	3.55	1.49	0.3949	2.18	1.80	-0.2145
preuve	4.87	1.37	-0.0892	2.54	1.93	-0.6001
prévention	4.40	1.34	-0.6939	2.43	1.66	-0.6349
prière	4.25	1.37	-0.5452	4.61	3.61	0.1409
princesse	3.94	1.54	0.7218	6.22	1.39	-0.3547
principe	4.80	1.38	-0.0891	2.11	2.02	0.0374
priorité	4.76	1.29	-0.7740	2.37	1.46	-0.6677
privilège	4.19	1.34	-0.7841	2.54	2.02	-0.5414
prix	5.77	1.18	0.0608	3.94	3.13	-0.4775
probabilité	4.66	1.19	-1.5309	2.27	2.25	-0.0179
procédé	4.26	1.34	-0.7597	2.36	1.72	-0.5132
procédure	4.23	1.47	0.2102	2.47	1.51	-0.7698
procès	4.13	1.19	-1.8197	3.75	3.13	-0.4324
procession	2.98	1.51	0.9887	2.17	1.90	-0.1289
processus	4.43	1.39	-0.3103	2.43	1.56	-0.6927
procréation	2.69	1.33	-0.0201	2.98	2.69	-0.4352
procureur	3.30	1.43	0.0680	3.34	3.28	-0.0834
producteur	4.04	1.38	-0.5252	3.98	2.43	-1.1702
production	4.66	1.22	-1.3367	2.61	2.16	-0.5164
produit	5.27	1.37	0.4403	3.47	2.56	-0.8932
professeur	5.77	1.18	0.0608	5.37	2.13	-0.9021
professeure	5.49	1.31	0.3785	5.43	2.37	-0.6577
profil	4.31	1.20	-1.6938	3.77	3.84	0.4335
programmation	3.79	1.43	-0.1456	2.79	2.07	-0.7746
progrès	4.66	1.28	-0.9339	2.59	1.69	-0.8133
progression	3.73	1.37	-0.5855	2.54	1.80	-0.6898
projectile	2.84	1.33	-0.2205	4.50	3.88	0.4680
projection	4.01	1.40	-0.3794	3.31	2.34	-0.9915
promesse	4.65	1.41	-0.0032	2.79	2.25	-0.6401
promotion	4.34	1.33	-0.7966	2.94	2.07	-0.9174
pronom	4.09	1.76	2.6874	3.05	3.17	0.0005
propagande	3.34	1.33	-0.7011	2.70	2.34	-0.4729
prophète	2.94	1.24	-0.9609	4.12	2.72	-0.9198
proportion	4.20	1.23	-1.5402	3.11	2.04	-1.0803
propos	4.59	1.45	0.2558	2.19	1.96	-0.1200
proposition	4.59	1.27	-1.0591	2.33	2.02	-0.2756
propre	5.51	1.35	0.7006	3.88	3.35	-0.2191
propriétaire	4.70	1.30	-0.7603	3.73	2.59	-0.9722
propulseur	2.15	0.96	-1.3591	3.72	3.50	0.0028
protestation	3.93	1.23	-1.5845	3.48	2.82	-0.6491
protocole	3.36	1.66	1.9356	2.72	2.40	-0.4427
prototype	2.71	1.45	0.8476	2.73	2.19	-0.6251
proverbe	3.84	1.58	1.0607	2.70	2.10	-0.6598
province	5.33	1.23	-0.4418	4.38	3.39	-0.1904
provision	3.58	1.25	-1.3835	3.26	2.66	-0.6806
proximité	3.54	1.38	-0.4486	3.16	2.89	-0.3825
prude	1.95	1.10	-0.1524	1.74	1.06	0.1247
prudence	4.12	1.19	-1.8220	2.76	2.40	-0.4844
prune	3.02	1.57	1.4424	6.48	1.14	-0.0522
pruneau	2.98	1.47	0.6686	6.12	1.72	-0.3230
prunier	2.18	1.25	0.3012	5.65	2.43	-0.3854
puberté	4.27	1.45	0.0685	4.02	2.50	-1.1206
publication	4.13	1.20	-1.7555	3.26	2.02	-1.2086
pudeur	2.69	1.24	-0.6413	2.40	1.74	-0.5494
puissance	4.54	1.26	-1.1641	3.06	2.04	-1.0407
puits	2.95	1.49	0.8607	5.56	2.72	-0.2169
pull-over	2.33	1.64	3.0394	5.20	3.80	0.7086
pulsion	3.54	1.47	0.2403	3.04	2.56	-0.6060
punition	4.65	1.27	-1.0108	3.54	2.53	-0.9558
pupille	3.94	1.53	0.6393	6.49	0.59	-0.2045
pupitre	4.55	1.56	1.1151	6.62	0.56	0.0154
purée	3.50	1.41	-0.2052	5.79	1.56	-0.8412
purgatoire	2.09	0.98	-1.1301	3.11	4.00	1.0042
pus	2.98	1.50	0.9079	4.52	4.16	0.8712
puzzle	3.50	1.58	1.1599	6.36	1.17	-0.2403
pylône	1.91	1.10	-0.0604	4.08	5.06	2.2954
pyramide	3.51	1.40	-0.2855	6.83	0.14	0.3541
python	2.15	0.99	-1.2020	5.30	4.28	1.4755
quadrupède	1.90	1.12	0.0822	4.16	3.88	0.4285
qualification	4.19	1.35	-0.7119	2.45	2.28	-0.2316
qualité	5.20	1.03	-1.8571	2.73	2.02	-0.7542
quantité	5.15	1.25	-0.5823	3.08	2.34	-0.8278
querelle	2.78	1.12	-1.5252	3.81	2.69	-0.9047
question	6.18	0.96	-0.2325	3.59	2.99	-0.5252
quille	3.34	1.46	0.2730	6.59	0.85	0.0326
quota	3.12	1.45	0.3707	2.38	2.62	0.1559
rabâchage	1.76	1.15	0.6032	1.46	0.67	0.5309
rabais	4.64	1.39	-0.1619	3.68	2.86	-0.7015
rabot	1.64	1.12	0.7281	2.66	5.11	3.2054
rachat	1.98	1.25	0.7265	2.08	2.16	0.1893
racine	4.13	1.47	0.1805	6.19	1.12	-0.5185
raclée	2.47	1.15	-0.8781	3.22	3.57	0.3521
radeau	2.20	1.16	-0.3213	5.40	4.54	1.9536
radio	5.63	1.18	-0.2263	6.19	2.34	0.2254
radioguidage	1.42	0.80	-0.3144	1.95	1.74	0.1055
rafale	2.48	1.10	-1.1969	3.83	3.39	-0.1640
ragoût	3.37	1.22	-1.4740	5.80	2.79	0.1119
raid	2.26	1.28	0.3478	2.72	3.80	1.0896
raideur	2.87	1.25	-0.8118	3.62	2.31	-1.1760
raie	2.33	1.16	-0.5700	3.91	5.43	2.9952
rail	2.80	1.38	0.1943	5.77	2.53	-0.1680
raisin	4.43	1.58	1.2052	6.88	0.10	0.4505
raison	5.59	1.17	-0.3673	2.30	1.49	-0.5614
rallye	2.29	1.46	1.6153	3.43	4.75	1.9556
rame	3.19	1.43	0.1540	6.26	2.34	0.3303
rameau	2.59	1.43	0.8691	5.48	2.72	-0.2956
rançon	2.59	1.28	-0.2226	3.30	2.76	-0.6124
rancune	3.06	1.31	-0.6093	2.44	1.96	-0.4584
randonnée	3.66	1.23	-1.5447	4.26	2.40	-1.2071
rappel	4.73	1.47	0.5317	2.81	2.46	-0.4814
rapport	5.01	1.20	-1.0982	3.33	2.76	-0.6311
rapt	1.19	0.52	-0.6122	1.56	1.77	0.8090
rareté	3.43	1.36	-0.5402	2.45	1.54	-0.7315
rasage	3.91	1.45	-0.0010	4.70	2.99	-0.5460
rasoir	4.75	1.35	-0.3582	6.43	1.04	-0.1758
rat	3.95	1.59	1.1423	6.80	0.44	0.3264
râteau	3.09	1.45	0.3990	6.47	0.61	-0.2349
ration	2.66	1.27	-0.3959	2.76	2.53	-0.3752
raton	2.69	1.31	-0.1619	5.47	4.41	1.8179
ravage	3.06	1.36	-0.2508	3.13	2.59	-0.6481
ravin	2.26	1.06	-1.0347	4.95	2.69	-0.7307
rayon	4.15	1.28	-1.2177	5.21	2.04	-1.0966
rayure	3.09	1.48	0.6351	4.87	2.56	-0.8938
réaction	4.76	1.33	-0.4925	3.12	2.59	-0.6405
réalisation	4.33	1.41	-0.2126	2.50	1.59	-0.7658
réalisme	3.77	1.30	-1.0954	2.20	1.17	-0.5721
réalité	5.23	1.22	-0.6643	2.47	1.85	-0.5701
rébellion	3.13	1.38	-0.1705	3.31	1.93	-1.2996
rebond	3.00	1.32	-0.4769	3.54	2.76	-0.7437
recel	1.76	0.84	-1.0536	1.45	0.72	0.5630
réception	4.22	1.36	-0.6293	3.87	3.20	-0.3843
recette	4.81	1.41	0.1459	4.87	2.99	-0.4698
recherche	5.27	1.29	-0.1311	3.26	2.19	-1.0795
récipient	3.72	1.37	-0.5833	4.26	2.99	-0.6452
réciprocité	3.00	1.41	0.1830	2.26	1.88	-0.2756
récit	3.68	1.24	-1.4842	3.52	2.50	-0.9745
réclamation	3.68	1.24	-1.4842	2.51	1.77	-0.6706
récolte	3.61	1.25	-1.3949	4.28	2.66	-0.9786
recommandation	4.29	1.40	-0.3060	2.30	1.80	-0.3834
récompense	4.47	1.28	-1.0747	3.37	2.16	-1.1707
reconnaissance	4.11	1.48	0.2552	2.19	1.23	-0.5299
recourbure	1.90	1.14	0.2035	2.83	2.62	-0.3579
recours	3.65	1.37	-0.5640	2.15	1.77	-0.1874
recrue	3.08	1.36	-0.2705	3.33	3.06	-0.3161
recrutement	3.63	1.46	0.1265	2.94	2.40	-0.6578
recteur	2.93	1.36	-0.1116	3.02	4.16	1.3094
reçu	5.29	1.36	0.3984	3.83	3.42	-0.1197
recul	3.84	1.39	-0.4548	3.37	2.66	-0.7492
rédaction	4.05	1.44	-0.0694	3.61	3.03	-0.4967
réduit	4.16	1.37	-0.5745	2.68	2.28	-0.5009
référence	4.41	1.32	-0.8312	2.59	2.34	-0.3505
reflet	4.09	1.34	-0.8092	4.12	2.76	-0.8878
réflexe	4.69	1.26	-1.0442	3.65	2.79	-0.7574
réflexion	4.74	1.28	-0.8621	2.75	2.46	-0.4205
réforme	3.36	1.35	-0.5703	2.73	2.13	-0.6699
refrain	4.07	1.48	0.2475	3.68	3.24	-0.2887
réfrigérateur	5.18	1.41	0.6037	6.84	0.16	0.3747
refuge	3.58	1.19	-1.7767	3.97	3.35	-0.2353
refus	4.09	1.27	-1.2998	2.72	1.85	-0.8574
régal	3.26	1.57	1.2256	2.97	2.53	-0.5751
régiment	2.83	1.21	-1.0265	3.40	2.56	-0.8556
région	5.15	1.20	-0.9112	3.65	2.31	-1.1877
registre	3.38	1.25	-1.2813	3.40	2.56	-0.8556
réglage	3.04	1.33	-0.4474	2.58	2.16	-0.4819
règlement	5.20	0.91	-2.4823	2.91	3.13	0.0826
réglementation	3.88	1.38	-0.5321	2.59	1.59	-0.8725
règles	5.48	1.07	-1.1736	3.87	3.96	0.5710
regret	4.16	1.37	-0.5745	2.52	2.31	-0.2931
rejet	3.97	1.14	-2.1561	3.01	1.85	-1.1335
relais	3.33	1.41	-0.1056	3.55	3.13	-0.3564
relativité	3.39	1.45	0.1627	1.88	0.81	-0.1991
relaxation	4.58	1.14	-1.9081	3.45	1.99	-1.3416
relevé	4.05	1.32	-0.9588	3.20	2.82	-0.4795
relève	3.62	1.39	-0.4058	2.58	2.10	-0.5258
relief	3.33	1.61	1.5165	4.08	2.62	-1.0103
religion	4.59	1.35	-0.4962	3.57	3.20	-0.2858
reliure	2.36	1.18	-0.4989	4.33	3.88	0.4377
remboîtage	1.85	1.00	-0.4829	2.80	2.72	-0.2357
remerciement	4.16	1.43	-0.1233	2.90	2.66	-0.3943
remise	3.97	1.44	-0.0774	4.34	4.28	1.0208
remords	3.49	1.34	-0.7172	2.47	1.54	-0.7565
remorqueur	2.69	1.33	-0.0201	4.94	2.92	-0.5041
remoulage	1.98	0.94	-1.0967	2.36	2.13	-0.2312
remous	2.21	1.15	-0.4031	2.81	3.13	0.1782
rempart	2.04	1.04	-0.6974	2.94	4.49	1.8870
remplacement	4.36	1.36	-0.5700	2.86	2.46	-0.5301
rémunération	3.64	1.45	0.0450	3.00	2.69	-0.4525
renaissance	3.27	1.42	0.0135	2.95	2.46	-0.6131
renard	3.37	1.52	0.7335	6.91	0.08	0.5093
rencontre	5.15	1.26	-0.5149	3.40	1.96	-1.3340
rendement	4.10	1.22	-1.6322	2.51	1.80	-0.6538
renfort	3.16	1.55	1.1403	2.97	2.62	-0.4876
renne	2.36	0.97	-1.7115	5.06	5.29	2.9962
renom	2.19	1.44	1.6537	1.87	1.49	0.0927
renseignement	4.81	1.08	-2.0609	2.83	2.07	-0.8143
rentrée	4.61	1.49	0.5872	3.30	2.79	-0.5798
renvoi	3.52	1.49	0.4083	2.33	1.46	-0.6146
réparation	4.56	1.34	-0.5910	3.11	2.40	-0.7998
répartition	3.61	1.40	-0.3274	2.84	1.54	-1.1655
repas	5.82	1.02	-0.7765	5.38	1.96	-1.0172
répertoire	3.77	1.48	0.2484	3.27	2.82	-0.5273
répéteur	2.45	1.43	1.0958	2.69	2.56	-0.2728
répétition	4.50	1.34	-0.6330	3.01	2.53	-0.6096
répit	3.00	1.49	0.8060	2.38	2.37	-0.0669
repli	3.12	1.51	0.8477	3.78	3.10	-0.4800
réplique	3.86	1.27	-1.3137	2.94	2.56	-0.5199
reporter	3.76	1.38	-0.5178	3.72	3.61	0.1446
repos	5.11	1.51	1.2892	3.90	2.46	-1.1297
représentant	4.26	1.36	-0.6147	3.58	2.82	-0.6958
reprise	4.26	1.36	-0.6147	2.55	1.54	-0.8534
reproche	4.09	1.17	-1.9551	2.48	1.51	-0.7821
république	3.40	1.19	-1.6868	2.59	1.93	-0.6586
réputation	4.73	1.24	-1.1422	2.53	2.28	-0.3296
requête	3.38	1.26	-1.2139	2.51	1.64	-0.7490
requin	3.55	1.44	0.0015	6.83	0.16	0.3553
réseau	4.39	1.34	-0.6993	3.37	1.80	-1.4257
réservation	4.65	1.40	-0.0786	2.83	2.19	-0.7265
réserve	4.46	1.09	-2.2903	3.36	2.53	-0.8612
réservoir	3.56	1.34	-0.7494	5.25	2.40	-0.7852
résidence	5.04	1.37	0.1133	4.50	2.72	-0.8812
résine	2.74	1.58	1.8639	4.24	3.76	0.2721
résolution	4.29	1.37	-0.5292	2.54	1.61	-0.7997
respiration	4.87	1.27	-0.7982	4.09	2.56	-1.0698
ressemblance	4.19	1.31	-0.9976	3.02	1.77	-1.1934
ressort	3.22	1.37	-0.3220	5.13	3.88	0.7641
ressource	4.63	1.45	0.2875	3.04	2.31	-0.8204
restaurant	5.80	1.03	-0.7650	6.28	0.83	-0.4847
restauration	3.59	1.61	1.3776	3.47	1.85	-1.4457
reste	5.54	1.08	-1.0059	2.79	2.25	-0.6401
résumé	5.13	1.28	-0.4065	3.43	3.03	-0.4113
retard	5.11	1.21	-0.9023	2.95	1.99	-0.9876
rétention	3.00	1.51	0.9672	2.59	1.82	-0.7312
retentissement	2.04	0.99	-0.9700	2.18	1.77	-0.2313
retenue	4.01	1.16	-2.0294	2.87	2.22	-0.7419
rétine	3.16	1.55	1.1403	5.34	2.92	-0.2213
retour	4.95	1.31	-0.4299	2.91	2.07	-0.8902
retrait	4.16	1.33	-0.8645	3.05	2.69	-0.4942
rétroprojecteur	3.58	1.54	0.7894	5.76	2.92	0.2012
rets	1.49	0.95	0.1912	1.37	0.76	0.7330
revanche	3.88	1.28	-1.2464	2.38	2.04	-0.3214
réveil	5.34	1.36	0.4787	4.12	3.03	-0.6104
révélation	3.41	1.27	-1.1643	2.61	1.96	-0.6624
réverbère	1.87	1.24	0.9133	3.36	6.05	4.4710
révérence	2.41	1.26	-0.0634	3.04	2.82	-0.3569
rêverie	3.26	1.38	-0.2797	3.43	2.46	-0.9564
révision	4.75	1.31	-0.6439	2.83	1.82	-0.9869
révolte	3.83	1.44	-0.0738	3.37	2.86	-0.5555
révolution	4.13	1.36	-0.6555	3.05	2.19	-0.9239
revolver	2.72	1.39	0.3760	6.09	2.37	0.1073
revue	4.88	1.33	-0.3683	5.56	2.92	-0.0161
rhinocéros	2.38	1.11	-0.9653	6.72	0.42	0.1733
ride	3.95	1.69	2.0232	5.31	2.37	-0.7627
rideau	5.20	1.34	0.1160	6.59	0.55	-0.0408
rien	6.22	1.10	0.6471	2.57	2.50	-0.1947
rigole	3.05	1.51	0.9154	2.98	3.17	0.0595
rigueur	3.15	1.45	0.3435	2.23	1.96	-0.1772
rires	4.98	1.48	0.8799	4.51	2.92	-0.6780
risée	2.07	1.18	0.0726	2.12	1.96	-0.0171
rituel	3.09	1.40	0.0164	3.52	2.76	-0.7344
rival	3.22	1.34	-0.5403	3.09	2.19	-0.9560
rivalité	3.30	1.30	-0.8851	2.88	2.10	-0.8410
rizière	1.35	0.73	-0.3971	2.72	4.20	1.6543
robinet	4.45	1.66	1.9132	6.62	0.58	0.0184
robot	3.98	1.41	-0.3064	6.73	0.25	0.1715
roche	4.84	1.36	-0.1948	6.35	1.14	-0.2650
rocher	3.69	1.44	-0.0475	5.87	2.02	-0.4579
rôle	4.94	1.35	-0.1560	3.09	2.76	-0.4629
romancier	2.83	1.42	0.4567	3.59	3.06	-0.4509
romanichel	1.24	0.60	-0.5278	1.53	1.19	0.5635
romantisme	3.59	1.63	1.5517	3.16	2.28	-0.9387
rondelle	3.52	1.24	-1.4246	6.01	1.49	-0.6037
rondin	2.07	1.42	1.7484	2.76	3.17	0.2682
roquette	2.06	1.41	1.6938	2.08	3.50	1.5225
rose	5.05	1.40	0.3494	6.91	0.08	0.5093
rosée	3.29	1.40	-0.1528	5.02	2.02	-1.2479
rosette	2.78	1.48	0.9885	5.09	3.50	0.2370
rossignol	2.59	1.21	-0.6907	5.65	3.65	0.9174
rotule	2.64	1.43	0.7937	4.73	5.20	2.6525
roue	5.14	1.43	0.6991	6.60	0.59	-0.0140
rouet	1.78	0.80	-1.2794	3.87	5.34	2.8272
rougeur	3.73	1.35	-0.7316	5.26	2.16	-0.9717
rouleau	4.13	1.48	0.2597	5.86	2.02	-0.4703
roulement	3.27	1.33	-0.6512	3.70	2.86	-0.7085
roulotte	3.29	1.64	1.8066	6.32	1.23	-0.2758
route	5.15	1.57	1.8412	6.19	0.83	-0.6202
royaume	3.23	1.57	1.2491	5.25	2.13	-1.0018
ruade	1.53	0.95	0.0798	2.15	2.37	0.2528
ruban	3.77	1.44	-0.0653	6.22	1.08	-0.4903
rubis	2.47	1.08	-1.2973	5.40	3.42	0.3891
rubrique	2.75	1.32	-0.1746	3.27	3.24	-0.0807
ruche	2.28	1.07	-1.0156	5.70	3.42	0.6909
rudesse	2.83	1.51	1.1649	3.05	2.76	-0.4308
ruelle	3.13	1.41	0.0543	5.61	2.22	-0.6033
ruisseau	3.59	1.52	0.6211	6.30	0.96	-0.4120
rumeur	4.70	1.32	-0.6196	2.61	2.46	-0.2683
rupture	3.53	1.37	-0.5180	3.58	3.06	-0.4466
rythme	4.33	1.37	-0.5113	3.01	2.34	-0.7704
sable	4.19	1.45	0.0401	6.57	0.53	-0.0788
sablier	2.81	1.30	-0.3944	6.16	1.56	-0.3544
sabotage	2.87	1.19	-1.2050	2.98	2.56	-0.5552
sac	5.70	1.45	1.8214	6.28	1.17	-0.3657
sachet	3.59	1.25	-1.3874	5.29	2.16	-0.9476
sacoche	4.51	1.79	3.1563	6.44	1.17	-0.1102
sacrifice	4.13	1.34	-0.8005	2.97	2.46	-0.6308
sadisme	2.24	1.17	-0.3373	2.51	2.19	-0.3763
sagesse	3.92	1.29	-1.1785	2.75	1.90	-0.8525
saisie	3.23	1.33	-0.6201	2.78	2.37	-0.5309
saison	5.09	1.26	-0.5978	4.31	2.72	-0.9137
saisonnier	3.48	1.45	0.1120	3.06	2.40	-0.7602
salarié	3.29	1.72	2.5285	3.15	2.59	-0.6631
salière	3.61	1.64	1.6320	5.75	2.82	0.0865
salive	4.38	1.49	0.4353	5.84	2.34	-0.2454
salon	5.73	1.22	0.2343	5.98	1.82	-0.4485
salut	5.95	1.19	0.5269	3.86	3.96	0.5732
salutation	3.27	1.41	-0.0625	3.72	2.99	-0.5741
sanction	3.08	1.57	1.3820	2.57	1.82	-0.7080
sanctuaire	2.49	1.41	0.8762	3.84	3.03	-0.5714
sandwich	5.75	0.98	-1.1418	6.63	0.42	0.0089
sang	5.09	1.32	-0.1820	6.62	0.44	-0.0070
sanglier	2.61	1.22	-0.6559	5.97	2.28	-0.1305
sanglot	2.97	1.22	-1.1265	4.65	2.40	-1.1262
sapin	4.02	1.55	0.8100	6.80	0.27	0.3058
sapinière	2.05	1.12	-0.2550	4.44	4.67	1.6378
sardine	2.69	1.36	0.1966	6.38	0.58	-0.3893
satellite	4.08	1.43	-0.1415	6.18	1.10	-0.5414
satire	2.34	1.16	-0.5883	2.36	2.13	-0.2312
saucisse	4.51	1.44	0.1203	6.78	0.28	0.2686
saucisson	3.16	1.45	0.3346	6.04	2.43	0.0908
saule	2.52	1.52	1.6926	4.79	5.24	2.7624
saumon	4.27	1.62	1.4701	6.66	0.45	0.0671
sauterelle	2.97	1.43	0.3680	6.83	0.19	0.3574
sauvage	3.97	1.52	0.5585	3.59	2.46	-1.0335
savane	2.31	1.21	-0.2148	4.11	3.76	0.2717
saveur	4.48	1.39	-0.2796	3.01	2.40	-0.7188
sbire	1.07	0.26	-0.7701	1.39	1.06	0.7898
scalp	1.80	0.96	-0.5724	4.41	5.81	3.7429
scalpel	2.32	1.13	-0.7361	5.75	3.92	1.3924
scandale	4.04	1.31	-1.0309	2.92	2.19	-0.8115
scaphandrier	1.30	0.54	-0.8952	3.48	6.92	6.3846
scarabée	1.97	1.08	-0.3148	4.98	5.15	2.6942
sceau	3.04	1.45	0.4485	5.86	1.74	-0.6519
scellage	2.31	1.06	-1.1292	2.65	2.79	-0.0130
scénario	3.81	1.33	-0.8897	3.52	2.46	-1.0021
schéma	4.16	1.30	-1.0764	3.91	2.96	-0.6596
scie	3.38	1.53	0.8091	6.53	0.56	-0.1425
science	5.36	1.31	0.1531	3.27	3.28	-0.0392
scientifique	4.76	1.27	-0.9115	4.13	2.99	-0.6476
scission	1.85	1.00	-0.4829	2.16	2.69	0.5220
scorpion	3.16	1.54	1.0573	6.50	1.39	0.0924
scoutisme	1.91	0.95	-0.8862	3.50	4.08	0.8726
scrupule	2.76	1.21	-0.9354	2.39	2.07	-0.3135
scrutin	2.66	1.40	0.5363	3.62	4.28	1.1209
sculpture	3.88	1.53	0.6402	5.61	2.37	-0.4806
sécateur	1.85	1.21	0.7635	3.23	6.00	4.4496
séchage	3.76	1.43	-0.1405	3.93	3.06	-0.5527
sécheresse	3.51	1.17	-1.8729	4.45	2.66	-0.9545
sécheuse	4.87	1.53	1.1569	6.39	1.12	-0.2093
séchoir	4.61	1.38	-0.2606	6.48	0.83	-0.1624
secours	3.95	1.40	-0.3834	3.47	2.50	-0.9499
secousse	3.54	1.51	0.5604	3.29	3.06	-0.2910
secret	5.36	1.14	-0.9654	3.05	2.59	-0.5851
secrétaire	4.80	1.45	0.4429	5.33	2.43	-0.6934
secrétariat	4.27	1.57	1.0417	4.81	2.07	-1.3206
section	4.59	1.35	-0.4962	3.25	2.76	-0.5797
séducteur	3.38	1.36	-0.5103	3.65	2.04	-1.3917
séduction	4.22	1.30	-1.0579	3.26	1.61	-1.4669
seigneur	3.87	1.68	1.9338	4.18	4.45	1.2681
sein	4.88	1.60	1.7563	6.33	1.44	-0.1621
séjour	3.91	1.32	-0.9681	3.04	2.31	-0.8204
sel	5.52	1.48	1.7070	6.42	0.77	-0.2773
sélection	4.60	1.32	-0.7035	2.65	2.10	-0.6052
selle	2.65	1.21	-0.7809	5.66	3.20	0.3916
sellier	2.09	1.26	0.5543	3.19	4.80	2.1798
semelle	3.55	1.38	-0.4529	5.83	1.42	-0.8703
semence	2.68	1.34	0.0659	4.27	3.06	-0.5702
séminaire	3.46	1.38	-0.4096	3.68	3.13	-0.4091
semonce	1.75	1.20	0.9437	1.60	1.32	0.4900
sénat	3.47	1.60	1.3458	3.98	2.86	-0.7760
sénateur	3.81	1.60	1.2349	4.48	2.92	-0.6851
sens	5.08	1.53	1.4119	2.86	1.90	-0.9620
sensibilité	4.13	1.31	-1.0140	2.48	1.49	-0.7951
senteur	4.29	1.51	0.5537	2.97	3.06	-0.0482
sentiment	5.43	1.17	-0.6604	2.38	1.69	-0.5552
sentinelle	2.08	1.02	-0.8940	3.61	4.67	1.7260
séparation	4.37	1.33	-0.7816	3.48	2.72	-0.7468
sept	5.58	1.47	1.7405	5.77	2.62	-0.0805
septembre	5.46	1.32	0.3954	3.48	3.53	0.1492
séquence	4.02	1.28	-1.2420	2.88	2.40	-0.6026
sérénité	3.04	1.35	-0.3034	2.29	1.46	-0.5603
sérieux	5.04	1.20	-1.0601	3.18	2.53	-0.7429
serin	2.56	1.41	0.7633	3.33	4.62	1.7984
seringue	2.94	1.25	-0.8940	6.05	2.53	0.1871
serment	3.14	1.31	-0.6853	3.15	3.03	-0.2315
sermon	2.76	1.30	-0.3288	3.20	3.39	0.1372
serpe	1.61	0.97	-0.0343	2.87	4.58	2.0880
serpent	3.54	1.51	0.5604	6.71	0.35	0.1446
serre	3.52	1.55	0.8982	5.13	3.92	0.8184
serre-joints	1.59	1.07	0.5672	3.20	4.33	1.4169
sérum	2.56	1.31	0.0328	3.94	3.35	-0.2305
serviteur	3.12	1.33	-0.5252	4.83	2.31	-1.1280
servitude	2.45	1.32	0.2834	2.38	2.34	-0.0924
session	5.01	1.33	-0.2149	2.98	2.28	-0.7942
sévérité	3.31	1.31	-0.8222	2.73	2.07	-0.7129
sexe	5.72	1.46	1.9408	5.18	2.96	-0.3129
sextant	1.47	0.87	-0.1435	1.90	2.62	0.8667
shampooing	5.14	1.57	1.8271	6.45	0.67	-0.2538
siamois	2.65	1.37	0.3277	5.20	3.57	0.4089
sifflement	3.48	1.29	-1.0653	4.01	4.04	0.6603
signal	4.44	1.42	-0.0780	3.93	3.35	-0.2288
signature	5.31	1.36	0.4301	5.09	2.72	-0.6125
silencieux	4.52	1.44	0.1271	3.16	3.28	0.0374
silhouette	3.73	1.28	-1.2260	5.45	2.31	-0.6897
sillage	2.00	1.18	0.2251	2.50	2.89	0.2628
sillon	2.19	1.42	1.5001	4.08	4.08	0.7116
silo	2.00	1.14	-0.0241	4.38	6.05	4.2474
simplicité	3.88	1.43	-0.1547	2.45	1.56	-0.7179
simulation	3.75	1.37	-0.5898	2.67	2.19	-0.5607
sincérité	3.61	1.28	-1.1910	2.36	1.88	-0.4113
singe	3.98	1.28	-1.2456	6.91	0.10	0.5101
sinistre	3.09	1.23	-1.1844	2.94	2.04	-0.9383
sirène	3.71	1.40	-0.3577	6.13	1.69	-0.3244
sirop	4.57	1.45	0.2406	6.14	1.59	-0.3693
site	5.05	1.38	0.2001	3.81	2.82	-0.7756
situation	5.04	1.34	-0.1051	2.70	2.59	-0.2543
six	5.65	1.43	1.5656	5.22	4.20	1.2885
skieuse	3.55	1.41	-0.2282	6.04	1.64	-0.4804
snob	3.70	1.73	2.4188	3.70	3.28	-0.2542
soeurette	2.45	1.22	-0.3988	3.77	3.88	0.4870
sofa	4.80	1.45	0.4429	6.56	0.45	-0.1108
soif	5.59	1.44	1.5252	3.84	4.12	0.8071
sol	4.37	1.68	2.0477	5.76	2.31	-0.3654
sole	2.51	1.37	0.5447	4.34	5.95	4.0343
soleil	6.13	0.92	-0.5633	6.87	0.14	0.4322
solidarité	3.81	1.33	-0.8897	2.79	2.28	-0.6160
solidité	3.68	1.35	-0.7191	3.18	2.31	-0.9287
solitaire	4.15	1.15	-2.0661	3.77	3.53	0.0338
solitude	4.35	1.23	-1.4792	3.09	2.79	-0.4304
solution	5.43	1.13	-0.9075	2.88	2.43	-0.5761
solvabilité	2.18	1.17	-0.2187	1.87	1.46	0.0800
sombrero	2.08	1.07	-0.6134	5.92	2.86	0.3266
sommaire	3.52	1.35	-0.6595	2.80	1.96	-0.8655
somme	4.75	1.45	0.3938	3.36	3.96	0.7776
sommeil	5.52	1.46	1.5491	4.54	3.28	-0.2853
sommier	2.01	1.12	-0.1676	3.22	4.88	2.3089
somnambule	3.00	1.46	0.5684	4.77	2.82	-0.6920
son	5.52	1.19	-0.3724	3.26	3.50	0.2311
sonate	1.73	1.07	0.2016	2.44	2.50	-0.0367
sondage	4.61	1.21	-1.4431	4.08	3.03	-0.6083
songe	3.08	1.55	1.2144	2.44	1.39	-0.7940
sonnerie	4.41	1.49	0.4517	4.75	4.12	0.8896
sonnette	3.43	1.49	0.4548	5.84	1.25	-0.9344
sonorité	2.98	1.32	-0.4553	2.54	2.22	-0.3892
sorbet	2.94	1.54	1.2789	5.50	3.46	0.5274
sorcier	2.95	1.50	0.9410	5.70	1.93	-0.7168
sorte	5.31	1.29	-0.0680	2.33	2.16	-0.1691
sortie	5.81	1.12	-0.2236	4.42	3.20	-0.3946
sottise	2.48	1.31	0.1623	2.47	2.46	-0.1018
soucoupe	3.26	1.46	0.3305	6.24	0.77	-0.5608
soudure	2.81	1.48	0.9494	4.68	2.86	-0.6947
souffle	4.33	1.30	-1.0132	4.16	3.69	0.1689
soufflé	3.50	1.43	-0.0527	4.15	3.24	-0.3763
souhait	4.55	1.45	0.2259	2.80	2.37	-0.5510
soulagement	3.97	1.33	-0.8957	2.97	2.28	-0.7855
soulèvement	3.25	1.37	-0.3458	3.20	2.56	-0.7286
soulier	5.27	1.44	0.9686	6.70	0.38	0.1308
soumission	3.68	1.50	0.4290	2.71	2.16	-0.6265
soupape	1.95	1.21	0.5300	3.59	4.20	1.0099
soupçon	3.40	1.17	-1.8136	2.63	2.22	-0.4932
soupe	5.22	1.15	-1.1248	6.44	0.98	-0.1807
soupir	4.00	1.35	-0.7496	4.08	3.20	-0.4143
souplesse	3.04	1.21	-1.2659	3.45	2.79	-0.6668
sourcil	4.60	1.69	2.2874	6.67	0.45	0.0853
sourd-muet	2.91	1.47	0.7476	3.97	3.88	0.4432
sourire	5.64	1.22	0.0512	6.48	1.00	-0.1070
souris	4.69	1.47	0.4954	6.94	0.05	0.5690
soutane	1.92	1.12	0.0357	3.69	4.97	2.2180
soute	2.16	1.49	2.1077	2.76	3.46	0.6086
souterrain	3.15	1.36	-0.3357	4.61	3.53	0.0457
soutien	4.31	1.23	-1.4980	2.98	2.69	-0.4352
souvenirs	5.34	1.05	-1.5277	3.47	2.96	-0.5054
spaghetti	5.36	1.25	-0.2594	6.85	0.18	0.3952
sparadrap	1.38	0.78	-0.2828	2.61	4.71	2.5711
spatule	3.90	1.56	0.8884	6.46	0.90	-0.1733
spécialiste	4.61	1.38	-0.2606	3.33	2.66	-0.7253
spécialité	4.54	1.35	-0.5332	2.18	1.72	-0.2637
spécification	3.83	1.36	-0.6753	2.45	1.80	-0.5799
spécimen	3.18	1.53	0.9575	3.33	2.69	-0.6945
spectacle	5.15	1.20	-0.9112	5.05	2.28	-1.0291
spectateur	4.25	1.34	-0.7635	4.75	2.89	-0.6325
sperme	4.18	1.47	0.1939	5.98	2.02	-0.3172
sphinx	2.12	1.28	0.6278	5.71	3.76	1.1344
spirale	2.93	1.34	-0.2566	5.87	1.28	-0.8875
splendeur	3.12	1.39	-0.0869	2.66	2.34	-0.4294
spontanéité	3.00	1.36	-0.1890	2.56	2.13	-0.4807
spore	1.97	1.25	0.7490	2.50	4.08	1.7263
squelette	3.87	1.49	0.3163	6.80	0.15	0.2970
stade	4.26	1.35	-0.6874	4.70	4.04	0.7531
stage	4.61	1.31	-0.7663	3.54	3.76	0.4153
stalactite	1.54	0.77	-0.7792	3.13	6.20	4.9472
standard	4.18	1.42	-0.1942	2.44	2.46	-0.0643
station	4.54	1.34	-0.6055	4.79	3.10	-0.3958
statistique	4.80	1.35	-0.3090	3.20	2.86	-0.4457
stature	2.88	1.24	-0.8908	3.26	3.46	0.1854
statut	4.31	1.46	0.1636	3.63	4.24	1.0548
steak	4.86	1.61	1.8206	6.59	0.61	-0.0284
stèle	1.59	1.02	0.2865	1.37	0.66	0.7079
stéthoscope	2.07	1.17	0.0095	6.00	2.86	0.4310
stimulant	3.97	1.47	0.1570	2.94	2.82	-0.2708
stimulation	4.11	1.39	-0.4385	2.75	2.22	-0.6228
stimulus	4.04	1.66	1.7608	2.81	2.34	-0.5865
stratégie	4.40	1.40	-0.2524	2.61	2.04	-0.6024
stress	5.91	1.08	-0.2364	2.98	2.59	-0.5261
structure	4.55	1.24	-1.2912	3.91	3.42	-0.1373
studio	3.84	1.40	-0.3799	5.34	2.28	-0.8125
stupéfiant	3.29	1.50	0.6260	3.19	2.43	-0.8328
stupeur	2.18	1.08	-0.7625	2.65	1.90	-0.7452
stylo	4.80	1.69	2.4668	6.70	0.32	0.1234
submersion	2.16	1.06	-0.8370	2.88	2.62	-0.4059
substance	4.45	1.32	-0.8078	3.45	2.25	-1.1458
subvention	3.93	1.43	-0.1558	2.56	1.80	-0.7135
succès	4.94	1.36	-0.0832	2.94	2.04	-0.9383
succession	3.56	1.49	0.3906	2.63	2.37	-0.3705
sucette	2.75	1.41	0.4853	6.27	1.12	-0.3983
sucre	5.53	1.28	0.2431	6.05	1.51	-0.5364
sucrerie	3.54	1.58	1.1413	5.18	2.59	-0.6715
sucrier	3.15	1.41	0.0362	5.76	1.99	-0.6098
suédois	2.54	1.27	-0.2127	3.72	3.31	-0.2188
suffixe	2.79	1.37	0.1334	3.05	2.86	-0.3314
suggestion	4.69	1.30	-0.7692	2.61	1.93	-0.6815
suif	1.71	1.09	0.3685	2.31	3.57	1.2849
sujet	5.36	1.31	0.1531	3.06	3.24	0.0733
sumo	1.77	0.86	-0.9872	4.97	4.88	2.2124
supercherie	1.95	1.13	0.0273	2.23	2.43	0.1898
supériorité	4.13	1.54	0.7464	2.87	2.19	-0.7650
supplément	4.19	1.41	-0.2671	2.92	2.28	-0.7408
supplice	2.76	1.27	-0.5358	2.48	1.93	-0.5274
support	4.44	1.32	-0.8138	4.23	3.50	-0.0699
supposition	4.07	1.19	-1.8320	2.16	1.82	-0.1681
surdité	2.98	1.41	0.2045	3.16	3.10	-0.1632
sûreté	3.33	1.31	-0.8361	2.54	2.19	-0.4123
surplus	4.34	1.20	-1.6798	3.33	2.13	-1.1690
surprise	5.08	1.19	-1.0717	3.67	2.04	-1.3991
sursaut	3.20	1.38	-0.2317	4.02	3.20	-0.4090
surveillance	4.20	1.46	0.1214	3.27	2.62	-0.7175
survie	4.13	1.37	-0.5822	2.93	2.31	-0.7253
survol	3.74	1.11	-2.3194	3.37	3.10	-0.3019
suspens	3.59	1.33	-0.8331	2.38	1.96	-0.3813
suspension	3.70	1.21	-1.6869	3.12	3.03	-0.2088
syllabe	3.70	1.59	1.1705	4.04	4.00	0.6003
symétrie	3.26	1.52	0.8107	4.01	2.59	-1.0336
sympathie	4.36	1.31	-0.9285	2.69	1.82	-0.8428
syndicat	3.98	1.43	-0.1539	3.05	3.10	-0.0778
synonyme	4.51	1.46	0.2760	2.76	2.43	-0.4579
synthèse	4.23	1.34	-0.7708	2.61	2.40	-0.3219
tabassée	2.01	1.04	-0.6317	2.76	3.65	0.8449
tabatière	1.93	1.29	1.1129	3.36	4.28	1.2500
table	6.17	0.97	-0.2067	6.77	0.28	0.2496
tablette	4.73	1.42	0.1437	6.27	0.98	-0.4516
tabou	3.19	1.25	-1.1415	2.68	2.92	0.0903
tache	4.88	1.39	0.0700	4.91	3.57	0.2219
tact	2.68	1.45	0.8901	2.25	1.96	-0.2054
talent	5.02	1.39	0.2360	3.12	2.76	-0.4863
talisman	1.87	0.94	-0.8431	3.29	3.76	0.5531
talon	4.08	1.62	1.4148	6.35	0.98	-0.3267
talus	1.57	1.02	0.3406	2.28	3.88	1.7319
tambour	3.27	1.42	0.0135	6.61	0.37	-0.0339
tamis	1.93	0.95	-0.9324	3.93	5.43	2.9915
tampon	4.47	1.50	0.5678	6.23	1.46	-0.3036
tam-tam	2.26	1.24	0.0771	5.70	3.92	1.3357
tante	5.16	1.32	-0.0849	5.41	3.17	0.1027
taon	1.77	1.10	0.2761	3.48	6.66	5.7609
tapioca	2.25	1.54	2.3361	4.83	5.02	2.3711
tapisserie	3.36	1.42	-0.0496	5.66	2.28	-0.5022
tarif	3.86	1.49	0.3170	3.13	2.66	-0.5881
tartare	2.21	1.20	-0.0876	3.95	4.28	1.0281
tas	3.83	1.89	3.9506	3.81	3.61	0.1180
tasse	5.28	1.42	0.8306	6.85	0.18	0.3952
tatou	4.08	1.62	1.4148	5.97	2.16	-0.2239
taudis	2.11	1.34	1.0708	3.26	4.33	1.3758
taupe	2.22	1.04	-1.0698	5.72	2.92	0.1554
taureau	3.30	1.72	2.5213	6.69	0.36	0.1092
taxi	5.16	1.42	0.6509	6.68	0.42	0.0995
technicien	4.19	1.47	0.1969	4.45	2.92	-0.6915
technique	4.93	1.37	-0.0216	2.62	1.96	-0.6737
technologie	5.16	1.37	0.2763	3.27	2.59	-0.7472
teinte	3.54	1.25	-1.3668	3.83	2.89	-0.7126
tek	1.10	0.30	-0.8082	1.08	0.14	1.2583
télégramme	2.44	1.40	0.8848	4.66	3.10	-0.4484
téléphone	6.36	0.94	0.1530	6.80	0.30	0.3090
télescope	3.36	1.45	0.1816	6.45	0.92	-0.1838
téléspectateur	3.33	1.62	1.6032	4.70	2.59	-0.9408
téléviseur	4.18	1.93	4.3941	6.80	0.24	0.3031
témoignage	3.81	1.33	-0.8897	3.06	2.69	-0.5024
tempérament	3.68	1.42	-0.1983	2.83	2.10	-0.7930
température	6.05	1.16	0.5773	3.94	3.46	-0.0976
tempête	4.98	1.18	-1.2632	6.11	0.77	-0.7508
tempo	2.48	1.28	-0.0464	3.37	4.80	2.0629
temporalité	2.43	1.41	0.9774	1.75	1.25	0.1861
ténacité	2.78	1.21	-0.9621	2.20	1.72	-0.2926
tendance	4.62	1.33	-0.6165	2.41	1.19	-0.8488
tendon	3.28	1.58	1.2951	4.66	3.20	-0.3300
tendresse	4.05	1.39	-0.4494	3.16	1.88	-1.2343
ténèbres	2.60	1.47	1.1653	3.56	3.20	-0.2813
tension	4.12	1.33	-0.8746	3.29	2.86	-0.5065
tentacule	2.33	1.19	-0.3807	5.61	3.50	0.6842
tentation	3.90	1.37	-0.6067	2.62	1.74	-0.8158
tente	4.30	1.50	0.4771	6.19	2.37	0.2509
tenue	3.84	1.45	0.0028	3.37	2.69	-0.7184
terminal	3.45	1.40	-0.2548	3.39	2.76	-0.6666
terminus	3.52	1.45	0.0925	4.84	2.79	-0.6928
terrasse	3.86	1.33	-0.8947	5.58	1.80	-0.9351
terreur	3.88	1.49	0.3158	3.48	2.72	-0.7468
terrier	2.81	1.53	1.3536	4.86	4.12	0.9405
terrorisme	4.40	1.62	1.5319	3.68	3.20	-0.3295
testament	3.52	1.39	-0.3651	4.40	2.53	-1.0816
testostérone	3.69	1.42	-0.2011	3.36	3.57	0.2621
têtard	2.54	1.49	1.4180	5.72	3.24	0.4988
tête	6.20	0.94	-0.2823	6.65	0.52	0.0609
tétine	2.50	1.43	1.0122	5.37	3.76	0.7948
thé	4.95	1.50	1.0039	6.20	1.19	-0.4774
thème	4.47	1.37	-0.4342	2.88	2.53	-0.4934
thermomètre	4.29	1.56	0.9659	6.63	0.59	0.0395
thermos	3.41	1.43	-0.0041	6.42	0.81	-0.2674
thermostat	3.66	1.62	1.4403	6.29	0.98	-0.4208
thyroïde	2.60	1.53	1.6487	3.91	4.33	1.0982
tibia	2.73	1.48	1.0559	5.54	3.69	0.8526
ticket	4.71	1.46	0.4346	5.68	2.46	-0.3257
tige	3.60	1.69	2.0829	5.94	1.66	-0.5981
timbale	2.34	1.26	0.0616	4.51	5.38	2.9238
timbre	4.39	1.40	-0.2578	6.65	0.42	0.0450
timidité	3.75	1.28	-1.2303	2.80	1.90	-0.9034
tintamarre	1.83	1.10	0.1291	3.23	3.76	0.5929
tirage	4.12	1.38	-0.5107	4.20	2.59	-1.0427
tirelire	2.40	1.19	-0.5065	5.94	2.89	0.3866
tiret	3.70	1.41	-0.2797	4.61	4.12	0.8376
tiroir	4.81	1.57	1.4264	6.33	0.85	-0.4014
tisane	3.71	1.66	1.7790	5.90	2.22	-0.2682
tison	2.19	1.44	1.6537	3.50	4.97	2.2978
tissage	2.56	1.20	-0.7087	4.34	2.79	-0.8457
titre	5.55	1.36	0.8476	4.05	3.96	0.5433
titulaire	3.16	1.46	0.4128	3.16	3.50	0.3012
toc	2.37	1.52	1.9484	1.60	1.21	0.4398
toiture	3.28	1.41	-0.0699	6.02	1.54	-0.5639
tomate	5.11	1.40	0.4295	6.98	0.01	0.6499
tombeau	3.06	1.52	0.9867	6.12	1.66	-0.3540
tombée	4.39	1.40	-0.2578	3.33	2.96	-0.4267
tome	2.58	1.35	0.2873	4.01	4.16	0.8361
ton	4.56	1.95	4.7987	3.38	4.88	2.2074
tonique	2.52	1.37	0.5284	2.94	2.66	-0.4308
tonneau	2.69	1.34	0.0516	5.13	4.00	0.9296
tonnerre	3.71	1.57	0.9983	4.68	4.45	1.3626
toque	2.37	1.56	2.2793	3.86	5.86	3.8566
torche	3.02	1.23	-1.1143	6.14	1.46	-0.4358
torchon	3.07	1.36	-0.2607	5.41	3.06	-0.0137
tornade	3.75	1.44	-0.0615	6.47	0.50	-0.2554
torpeur	2.06	1.22	0.3519	2.08	1.80	-0.0656
torpille	2.21	1.14	-0.4646	4.34	5.52	3.1617
torrent	2.45	1.34	0.4263	3.35	4.00	0.8396
torsion	2.40	1.45	1.3369	3.31	3.76	0.5404
tortue	3.36	1.56	1.0708	6.85	0.13	0.3926
torture	3.51	1.34	-0.7270	4.65	2.79	-0.7724
total	5.62	1.33	0.7651	3.01	2.37	-0.7448
totalité	4.08	1.35	-0.7388	2.94	2.50	-0.5766
totem	2.30	1.36	0.8392	5.81	3.06	0.4062
toucan	1.97	0.77	-1.8549	5.08	5.95	4.3254
toupie	2.75	1.36	0.1133	6.30	1.28	-0.2871
tourbière	2.36	1.42	1.1769	3.75	5.29	2.7723
tourbillon	3.25	1.37	-0.3458	5.66	1.93	-0.7608
tourelle	1.66	1.00	-0.0076	3.56	5.43	3.1064
tourisme	4.01	1.43	-0.1514	3.84	3.13	-0.4570
tourment	2.79	1.34	-0.0849	2.50	2.40	-0.1923
tournage	3.49	1.22	-1.5423	3.77	2.16	-1.3459
tournant	3.34	1.20	-1.5843	3.45	2.50	-0.9395
tourne-disque	2.58	1.41	0.7320	6.54	0.77	-0.0752
tournée	4.18	1.32	-0.9300	3.26	3.06	-0.2714
tournesol	3.66	1.60	1.2674	6.64	0.49	0.0378
tournevis	3.90	1.59	1.1422	6.78	0.22	0.2633
tourniquet	1.91	0.89	-1.1827	4.87	3.92	0.6612
tournoi	4.22	1.36	-0.6293	4.18	2.19	-1.3818
tourterelle	2.36	1.19	-0.4353	5.56	4.08	1.4125
toutou	4.55	1.65	1.8910	6.30	1.61	-0.1159
toux	4.27	1.60	1.2971	4.61	3.46	-0.0466
tracas	2.62	1.21	-0.7363	2.65	1.99	-0.6878
tracé	3.44	1.50	0.5295	3.43	3.28	-0.1350
traction	2.94	1.53	1.1964	3.15	3.65	0.4992
tradition	4.56	1.30	-0.8746	2.97	2.04	-0.9649
traduction	4.25	1.31	-0.9770	2.56	2.10	-0.5025
trafic	5.40	1.57	2.2313	5.47	1.88	-0.9911
tragédie	4.05	1.50	0.4044	3.23	2.25	-1.0125
tragédien	1.70	1.01	-0.0571	2.38	2.07	-0.3005
trahison	3.35	1.39	-0.2694	2.63	1.30	-1.0647
traîne	3.26	1.47	0.4092	3.62	3.65	0.2299
traite	3.90	1.41	-0.3080	2.55	2.04	-0.5328
traité	3.80	1.55	0.8133	2.88	2.40	-0.6026
traitement	4.61	1.20	-1.5078	3.27	2.82	-0.5273
trampoline	3.42	1.50	0.5409	6.76	0.23	0.2261
tranchant	3.40	1.30	-0.9512	4.29	2.86	-0.7841
tranchée	3.45	1.61	1.4427	4.25	3.50	-0.0689
tranquillité	4.44	1.34	-0.6709	3.33	2.28	-1.0534
transaction	4.50	1.60	1.4198	3.22	2.69	-0.6226
transfert	4.31	1.19	-1.7580	3.02	2.07	-0.9869
transformation	4.43	1.43	-0.0073	3.36	2.69	-0.7125
transistor	1.63	0.84	-0.7194	2.63	2.79	0.0093
transport	5.11	1.33	-0.0837	4.84	2.82	-0.6597
trappe	3.10	1.33	-0.5064	5.18	2.99	-0.2766
travailleur	4.94	1.51	1.0729	4.37	2.79	-0.8417
travée	1.91	1.04	-0.4052	1.91	2.34	0.6019
travers	4.72	1.39	-0.0920	2.75	2.16	-0.6686
traversée	3.76	1.32	-0.9529	3.55	2.92	-0.5795
traversier	3.11	1.40	-0.0026	5.56	2.99	0.0557
trèfle	3.18	1.36	-0.3620	6.51	0.59	-0.1705
treillis	2.16	1.56	2.6811	3.12	4.84	2.3063
tremblement	3.73	1.33	-0.8756	4.75	2.46	-1.0340
trésor	3.73	1.47	0.1772	6.30	1.10	-0.3603
triage	3.15	1.58	1.4013	3.54	3.03	-0.4663
triangle	4.33	1.43	-0.0601	6.74	0.36	0.2020
tribu	3.02	1.38	-0.0629	4.65	2.46	-1.0726
tribunal	3.49	1.28	-1.1394	4.58	2.76	-0.8277
tribune	3.09	1.43	0.2444	3.46	3.42	0.0221
tricot	3.01	1.16	-1.5531	6.08	1.17	-0.6588
trimestre	3.95	1.40	-0.3834	3.16	2.96	-0.3119
trio	3.72	1.51	0.4996	4.56	3.06	-0.5185
triomphe	2.98	1.25	-0.9385	3.25	2.59	-0.7339
tristesse	4.41	1.50	0.5320	3.31	2.53	-0.8307
trombone	3.94	1.66	1.7530	6.59	0.62	-0.0250
trompette	3.52	1.61	1.4074	6.73	0.42	0.1919
tronc	3.90	1.49	0.3150	6.21	1.54	-0.2945
trône	2.88	1.25	-0.8239	5.61	2.86	-0.0338
trottinette	2.56	1.19	-0.7729	5.51	2.86	-0.1351
trottoir	4.94	1.38	0.0640	6.65	0.40	0.0413
troupeau	3.38	1.30	-0.9389	5.81	1.49	-0.8574
trousse	3.76	1.31	-1.0235	4.95	2.07	-1.2482
truc	4.48	1.70	2.2930	2.51	2.16	-0.3989
truelle	1.88	1.12	0.1291	2.58	4.67	2.5340
tuba	2.31	1.49	1.8155	5.94	2.89	0.3866
tube	4.25	1.47	0.2175	6.28	1.06	-0.4071
tuile	3.56	1.62	1.4764	5.84	1.51	-0.8082
tulipe	3.62	1.58	1.1096	6.90	0.12	0.4907
tumeur	3.77	1.36	-0.6668	4.76	3.03	-0.4846
tumulte	1.57	0.73	-1.0223	1.98	1.77	0.0737
tunique	2.05	1.17	0.0525	4.65	3.92	0.5666
tunnel	4.18	1.33	-0.8588	6.27	1.06	-0.4225
tuque	4.66	1.66	2.0665	6.49	1.39	0.0755
turbine	2.30	1.21	-0.1961	4.34	4.20	0.8975
tympan	3.16	1.51	0.8116	5.54	2.56	-0.3884
ulcère	2.94	1.41	0.2490	4.61	3.20	-0.3469
unicité	2.55	1.60	2.3149	2.06	1.85	-0.0003
uniforme	4.33	1.21	-1.6199	5.56	1.99	-0.8270
union	4.40	1.31	-0.9074	3.70	2.99	-0.5674
unisson	2.51	1.32	0.1835	2.22	1.54	-0.4236
urgence	5.01	1.16	-1.3517	3.81	2.66	-0.9356
urine	3.70	1.36	-0.6517	6.21	1.44	-0.3458
urne	2.04	0.96	-1.1271	4.66	4.08	0.7959
usage	4.72	1.41	0.0584	2.43	1.88	-0.5019
usure	3.00	1.43	0.3355	3.50	2.76	-0.7248
utilisation	4.66	1.46	0.3907	2.59	2.07	-0.5587
vacance	5.34	1.35	0.4059	4.19	2.69	-0.9520
vacances	5.63	1.19	-0.1627	4.20	3.06	-0.5735
vacarme	2.43	1.13	-0.9325	3.16	3.17	-0.0850
vaccin	4.18	1.32	-0.9300	5.73	1.74	-0.8059
vaccination	3.83	1.31	-1.0338	4.73	2.99	-0.5341
vache	4.91	1.49	0.8771	6.90	0.09	0.4897
vague	4.01	1.50	0.3994	6.52	0.71	-0.1276
vague	2.62	1.64	2.5549	2.97	4.97	2.6594
vaisseau	3.42	1.53	0.7850	5.40	2.82	-0.2719
vaisselier	2.41	1.48	1.5554	4.70	4.58	1.5733
valeur	5.02	1.31	-0.3441	2.62	2.43	-0.3067
valise	4.34	1.43	-0.0553	6.69	0.32	0.1050
vallée	3.50	1.43	-0.0527	5.84	1.56	-0.7813
vallon	1.75	1.02	-0.1294	2.95	4.62	2.0841
vanille	4.26	1.39	-0.3931	5.12	3.17	-0.1288
vanité	2.80	1.30	-0.3815	2.68	2.89	0.0553
vapeur	4.28	1.34	-0.7517	5.69	2.02	-0.6692
variation	4.03	1.16	-2.0272	2.40	1.61	-0.6260
variété	4.45	1.27	-1.1556	2.79	2.10	-0.7533
vase	3.75	1.61	1.3310	4.57	4.84	1.9619
vedette	4.27	1.24	-1.4486	4.98	2.92	-0.4811
végétal	3.93	1.47	0.1558	4.66	3.31	-0.2055
véhicule	4.69	1.59	1.4815	6.42	0.85	-0.2568
vélo	4.09	1.56	0.9042	6.89	0.09	0.4699
velours	2.98	1.32	-0.4553	5.09	2.59	-0.7348
vendeur	4.72	1.26	-1.0172	4.38	2.46	-1.1405
vendredi	6.01	1.09	0.0570	3.48	3.17	-0.2835
vengeance	3.86	1.40	-0.3815	2.72	2.43	-0.4162
venin	2.48	1.37	0.5941	4.06	3.31	-0.2884
ventre	5.37	1.27	-0.1074	6.35	1.00	-0.3198
venue	4.07	1.31	-1.0263	2.69	2.82	-0.0236
ver	3.48	1.70	2.2269	5.70	2.56	-0.2193
verbe	4.94	1.42	0.3647	3.22	3.03	-0.2818
verdict	3.33	1.52	0.7600	2.83	2.62	-0.3579
verge	2.75	1.49	1.1083	3.88	3.80	0.3530
verger	2.46	1.36	0.5543	5.36	2.79	-0.3404
verglas	3.72	1.33	-0.8733	5.63	2.40	-0.4334
vérification	4.22	1.41	-0.2574	2.51	1.61	-0.7637
vérité	4.80	1.26	-0.9399	2.37	2.92	0.4623
vernis	3.59	1.49	0.3786	5.47	1.74	-1.0770
vernissage	2.46	1.19	-0.6099	3.95	3.10	-0.5179
verrière	1.81	1.19	0.7312	2.64	4.16	1.6810
verrou	2.77	1.52	1.3240	4.22	4.28	1.0112
versant	2.56	1.28	-0.1759	3.05	3.35	0.2080
version	4.32	1.29	-1.0874	2.41	2.16	-0.2742
vertèbre	3.36	1.56	1.0708	5.87	1.96	-0.4975
vertu	3.13	1.18	-1.5455	2.17	1.28	-0.4810
veste	4.37	1.47	0.2711	6.19	0.92	-0.5913
vestiaire	4.05	1.40	-0.3745	5.94	1.42	-0.7328
vestibule	2.14	1.02	-1.0196	4.02	3.96	0.5463
vestige	2.79	1.47	0.8961	2.56	2.34	-0.3156
veston	3.48	1.51	0.5890	6.43	0.81	-0.2510
viaduc	2.21	1.27	0.3767	3.98	6.15	4.4573
viande	5.69	1.38	1.2690	6.18	1.30	-0.4579
vice-président	3.94	1.35	-0.7529	3.86	3.42	-0.1268
victime	4.86	1.30	-0.6020	3.91	2.59	-1.0182
victoire	4.23	1.25	-1.3969	3.86	3.20	-0.3821
vidéo	5.45	1.21	-0.3697	5.81	1.42	-0.8944
videur	2.43	1.29	0.1073	2.87	2.72	-0.3039
vie	6.21	0.87	-0.5962	3.22	3.57	0.3521
vieillard	4.27	1.26	-1.3143	6.04	0.94	-0.7977
vieillesse	4.37	1.37	-0.4916	4.53	2.02	-1.4639
vigilance	2.77	1.22	-0.8835	2.56	1.90	-0.6425
vigile	2.45	1.45	1.2505	2.72	3.76	1.0376
vignette	2.72	1.29	-0.3437	4.58	3.88	0.4896
vigueur	3.65	1.29	-1.1355	2.43	1.59	-0.6787
villa	2.54	1.34	0.2780	4.79	3.35	-0.1101
vin	5.05	1.45	0.7321	6.45	0.81	-0.2179
viol	4.02	1.61	1.3192	4.22	3.20	-0.4164
violence	5.11	1.28	-0.4342	3.84	2.76	-0.8489
violette	3.19	1.70	2.4236	6.11	1.51	-0.4529
violon	3.83	1.60	1.2325	6.80	0.26	0.3048
vipère	2.05	0.96	-1.1488	5.11	3.17	-0.1357
virage	3.91	1.50	0.3951	4.31	2.86	-0.7822
virgule	4.56	1.53	0.8734	6.44	0.90	-0.2065
virilité	2.56	1.14	-1.0858	2.80	2.99	0.0369
virtuosité	2.25	1.16	-0.4193	2.05	1.30	-0.2904
virulence	1.84	0.98	-0.5653	1.77	1.69	0.3771
virus	4.86	1.63	1.9946	4.16	4.24	0.9483
visage	5.65	1.18	-0.1867	6.19	1.04	-0.5502
viscosité	2.28	1.40	1.1734	3.16	2.92	-0.3475
visée	3.58	1.54	0.7894	2.59	2.82	0.0880
visibilité	4.04	1.35	-0.7451	3.11	2.34	-0.8513
visite	5.27	1.29	-0.1311	3.62	2.50	-1.0183
visiteuse	3.26	1.56	1.1415	3.72	3.46	-0.0430
vitamine	4.88	1.25	-0.9226	4.78	2.99	-0.5128
vitesse	5.36	1.23	-0.3926	3.72	2.79	-0.7821
vitrail	2.75	1.29	-0.3849	4.91	3.20	-0.2180
vitre	5.18	1.39	0.4533	6.11	1.49	-0.4659
vocation	2.94	1.51	1.0331	2.52	2.50	-0.1354
voeu	3.72	1.24	-1.4945	3.48	3.69	0.3428
voile	3.41	1.58	1.2085	6.25	0.98	-0.4820
voilette	2.13	1.62	3.2550	3.45	6.00	4.3163
voilier	3.20	1.35	-0.4516	6.47	0.79	-0.1895
voisin	5.35	1.28	-0.0721	4.88	2.76	-0.7053
voisinage	3.72	1.36	-0.6566	4.16	3.20	-0.4173
voix	5.26	1.26	-0.3521	3.94	4.28	1.0298
volaille	2.95	1.47	0.7017	5.68	2.46	-0.3257
volcan	3.58	1.50	0.4628	6.76	0.29	0.2318
volet	2.87	1.51	1.1154	4.42	3.72	0.2419
volontaire	4.44	1.28	-1.0931	3.27	3.24	-0.0807
volonté	4.29	1.35	-0.6753	2.33	1.56	-0.5621
volt	2.95	1.40	0.1622	3.50	3.69	0.3329
voltage	2.95	1.37	-0.0610	3.41	3.10	-0.3247
volume	5.44	1.35	0.5752	3.80	2.86	-0.7392
volupté	2.04	1.18	0.1373	2.31	2.34	0.0008
voûte	2.01	1.12	-0.1676	3.61	4.71	1.7976
voyageur	4.30	1.29	-1.0963	5.08	2.13	-1.1251
voyelle	3.88	1.63	1.4888	5.30	3.13	-0.0318
vue	5.47	1.25	-0.0700	4.23	3.53	-0.0234
vulgarité	3.09	1.24	-1.1180	2.50	1.77	-0.6585
vulve	2.80	1.37	0.1204	5.63	3.20	0.3593
wagon	2.84	1.53	1.3156	6.58	0.48	-0.0713
wok	2.28	1.65	3.2211	4.46	6.71	5.7394
yacht	2.02	1.07	-0.4837	4.84	5.81	3.8854
yak	1.61	1.08	0.5713	2.81	6.45	5.7886
yoyo	3.00	1.54	1.2129	6.61	0.90	0.0854
yod	1.32	0.92	0.5345	1.16	0.31	1.0943
zèbre	2.79	1.38	0.2073	6.94	0.08	0.5696
zoo	3.54	1.71	2.2899	6.50	0.48	-0.2096
