mot;difficulté;source_score;score_utilisé;zipf_books;zipf_films;ratio_littéraire;categories_wiktionnaire;freqlivres;freqfilms
tout;Débutant;livre;5.98;5.98;6.05;0.85;Termes littéraires en français;961.48;1128.15
dire;Débutant;livre;5.93;5.93;6.21;0.53;Termes poétiques en français;856.76;1616.46
jour;Débutant;livre;5.92;5.92;5.8;1.3;Termes archaïques en français;826.35;635.22
être;Débutant;livre;5.77;5.77;6.08;0.49;Termes soutenus en français;582.97;1190.47
fille;Débutant;livre;5.62;5.62;5.8;0.66;"Termes soutenus en français; Termes littéraires en français; Termes poétiques en français";417.03;627.59
mort;Débutant;livre;5.62;5.62;5.63;0.97;Termes soutenus en français;415.27;426.26
fond;Débutant;livre;5.58;5.58;5.04;3.42;Termes littéraires en français;376.15;110.07
matin;Débutant;livre;5.58;5.58;5.42;1.42;Termes poétiques en français;376.89;265.03
premier;Débutant;livre;5.52;5.52;5.38;1.38;Termes littéraires en français;330.48;239.8
ciel;Débutant;livre;5.48;5.48;5.15;2.12;Termes archaïques en français;301.76;142.22
instant;Débutant;livre;5.47;5.47;5.27;1.61;Termes soutenus en français;297.23;184.85
savoir;Débutant;livre;5.46;5.46;5.66;0.63;Termes archaïques en français;290.95;458.37
noir;Débutant;livre;5.44;5.44;5.1;2.19;Termes littéraires en français;277.43;126.42
point;Débutant;livre;5.44;5.44;5.27;1.46;Termes littéraires en français;272.57;186.7
milieu;Débutant;livre;5.39;5.39;4.84;3.6;Termes poétiques en français;246.69;68.6
idée;Débutant;livre;5.38;5.38;5.52;0.73;Termes littéraires en français;241.08;330.39
pays;Débutant;livre;5.38;5.38;5.31;1.19;Termes poétiques en français;241.55;202.57
force;Débutant;livre;5.34;5.34;5.03;2.02;"Termes littéraires en français; Termes archaïques en français";218.38;108.29
feu;Débutant;livre;5.33;5.33;5.38;0.91;"Termes littéraires en français; Termes poétiques en français";215.47;237.8
bord;Débutant;livre;5.3;5.3;4.89;2.56;Termes poétiques en français;197.36;77.06
ombre;Débutant;livre;5.28;5.28;4.56;5.3;Termes poétiques en français;190.61;35.98
présent;Débutant;livre;5.28;5.28;5.02;1.81;Termes littéraires en français;190.47;105.23
vivre;Débutant;livre;5.28;5.28;5.35;0.85;Termes soutenus en français;190.27;223.76
chef;Débutant;livre;5.24;5.24;5.28;0.91;Termes littéraires en français;172.57;189.79
effet;Débutant;livre;5.24;5.24;5.0;1.75;Termes littéraires en français;173.18;99.17
geste;Débutant;livre;5.24;5.24;4.5;5.48;Termes littéraires en français;172.03;31.41
coin;Débutant;livre;5.22;5.22;4.97;1.79;Termes archaïques en français;167.09;93.43
front;Débutant;livre;5.18;5.18;4.59;3.93;Termes soutenus en français;152.57;38.81
personne;Débutant;livre;5.16;5.16;5.28;0.76;Termes littéraires en français;145.95;190.96
souvenir;Débutant;livre;5.16;5.16;4.79;2.35;Termes soutenus en français;145.34;61.81
mouvement;Débutant;livre;5.13;5.13;4.47;4.61;Termes littéraires en français;134.8;29.26
moindre;Débutant;livre;5.07;5.07;4.67;2.5;Termes archaïques en français;116.96;46.74
mesure;Débutant;livre;5.05;5.05;4.32;5.33;Termes poétiques en français;112.16;21.02
semaine;Débutant;livre;5.05;5.05;5.27;0.6;Termes littéraires en français;111.89;186.01
pensée;Débutant;livre;5.0;5.0;4.42;3.77;Termes littéraires en français;98.92;26.25
situation;Débutant;livre;4.99;4.99;5.01;0.95;Termes littéraires en français;96.62;101.39
hiver;Débutant;livre;4.98;4.98;4.57;2.57;Termes littéraires en français;96.28;37.44
connaître;Débutant;livre;4.95;4.95;4.95;1.02;Termes littéraires en français;90.14;88.63
quartier;Débutant;livre;4.95;4.95;4.74;1.63;"Termes littéraires en français; Termes archaïques en français";89.86;55.23
Nord;Débutant;livre;4.93;4.93;4.8;1.34;Termes littéraires en français;84.19;62.64
roi;Débutant;livre;4.93;4.93;5.22;0.52;Termes archaïques en français;85.95;166.34
marcher;Débutant;livre;4.91;4.91;4.93;0.95;Termes littéraires en français;80.88;85.34
faux;Débutant;livre;4.88;4.88;4.99;0.78;Termes littéraires en français;75.06;96.7
plat;Débutant;livre;4.86;4.86;4.48;2.41;Termes archaïques en français;72.77;30.21
descendre;Débutant;livre;4.85;4.85;4.81;1.08;Termes poétiques en français;70.41;65.28
midi;Débutant;livre;4.83;4.83;4.55;1.94;Termes poétiques en français;68.11;35.15
prince;Débutant;livre;4.82;4.82;4.65;1.46;Termes soutenus en français;65.61;44.83
théâtre;Débutant;livre;4.81;4.81;4.61;1.59;Termes archaïques en français;64.32;40.51
médecin;Débutant;livre;4.78;4.78;5.05;0.54;Termes archaïques en français;60.68;112.35
printemps;Débutant;livre;4.78;4.78;4.44;2.19;"Termes soutenus en français; Termes poétiques en français";60.88;27.85
conseil;Débutant;livre;4.76;4.76;4.84;0.84;Termes soutenus en français;58.18;68.86
aventure;Débutant;livre;4.74;4.74;4.35;2.43;Termes littéraires en français;54.86;22.54
merci;Débutant;livre;4.73;4.73;5.58;0.14;Termes littéraires en français;53.24;378.44
combat;Débutant;livre;4.72;4.72;4.76;0.91;"Termes soutenus en français; Termes poétiques en français";52.36;57.31
compter;Débutant;livre;4.72;4.72;4.65;1.17;Termes soutenus en français;52.77;45.05
fort;Débutant;livre;4.72;4.72;4.59;1.34;Termes soutenus en français;52.84;39.31
course;Débutant;livre;4.71;4.71;4.61;1.27;"Termes soutenus en français; Termes poétiques en français";51.22;40.45
profond;Débutant;livre;4.71;4.71;4.41;1.98;Termes soutenus en français;51.08;25.8
vieil;Débutant;livre;4.71;4.71;4.54;1.48;Termes archaïques en français;51.22;34.69
paysage;Débutant;livre;4.7;4.7;4.02;4.77;Termes littéraires en français;50.47;10.57
amant;Débutant;livre;4.67;4.67;4.37;2.01;Termes littéraires en français;46.76;23.28
mai;Débutant;livre;4.66;4.66;4.39;1.88;Termes archaïques en français;45.88;24.34
chaîne;Débutant;livre;4.64;4.64;4.45;1.52;Termes littéraires en français;43.24;28.4
colonel;Débutant;livre;4.63;4.63;5.01;0.42;Termes archaïques en français;42.91;102.86
poil;Débutant;livre;4.63;4.63;4.43;1.58;Termes poétiques en français;42.91;27.09
atteindre;Débutant;livre;4.61;4.61;4.39;1.66;Termes soutenus en français;40.47;24.42
épais;Débutant;livre;4.61;4.61;3.78;6.74;Termes littéraires en français;41.01;6.08
minuscule;Débutant;livre;4.6;4.6;3.73;7.27;Termes archaïques en français;39.39;5.41
trait;Débutant;livre;4.59;4.59;3.91;4.83;Termes littéraires en français;38.99;8.06
boule;Débutant;livre;4.58;4.58;4.29;1.99;Termes poétiques en français;38.31;19.29
flamme;Débutant;livre;4.58;4.58;4.1;3.04;Termes poétiques en français;38.38;12.61
nombreux;Débutant;livre;4.57;4.57;4.48;1.24;Termes soutenus en français;37.03;29.89
chute;Débutant;livre;4.55;4.55;4.32;1.68;Termes littéraires en français;35.27;21.01
rive;Débutant;livre;4.55;4.55;3.78;5.82;Termes poétiques en français;35.14;6.03
clé;Débutant;livre;4.54;4.54;4.84;0.51;Termes littéraires en français;35.0;68.73
chanter;Débutant;livre;4.53;4.53;4.68;0.71;Termes littéraires en français;34.26;48.12
carrière;Débutant;livre;4.52;4.52;4.55;0.94;Termes poétiques en français;33.04;35.23
période;Débutant;livre;4.51;4.51;4.38;1.35;Termes littéraires en français;32.09;23.72
sein;Débutant;livre;4.51;4.51;4.23;1.9;Termes littéraires en français;32.23;16.93
mars;Débutant;livre;4.5;4.5;3.99;3.22;Termes poétiques en français;31.42;9.75
barque;Débutant;livre;4.48;4.48;3.98;3.14;"Termes littéraires en français; Termes poétiques en français";29.93;9.52
formidable;Débutant;livre;4.48;4.48;4.71;0.58;Termes littéraires en français;30.07;51.79
agir;Débutant;livre;4.47;4.47;4.57;0.79;Termes littéraires en français;29.66;37.48
crime;Débutant;livre;4.47;4.47;4.91;0.36;Termes soutenus en français;29.32;81.77
entreprise;Débutant;livre;4.46;4.46;4.36;1.27;Termes littéraires en français;29.05;22.79
oubli;Débutant;livre;4.46;4.46;3.84;4.14;Termes poétiques en français;28.65;6.92
paisible;Débutant;livre;4.44;4.44;3.8;4.4;Termes littéraires en français;27.84;6.32
triomphe;Débutant;livre;4.44;4.44;3.95;3.09;Termes poétiques en français;27.3;8.83
liaison;Débutant;livre;4.43;4.43;4.27;1.45;Termes littéraires en français;26.69;18.41
souris;Débutant;livre;4.43;4.43;4.48;0.89;Termes archaïques en français;26.89;30.15
égal;Débutant;livre;4.43;4.43;4.49;0.87;Termes littéraires en français;26.89;30.8
merveilleux;Débutant;livre;4.42;4.42;4.81;0.41;Termes littéraires en français;26.21;64.06
crayon;Débutant;livre;4.41;4.41;3.91;3.15;Termes soutenus en français;25.47;8.08
lame;Débutant;livre;4.41;4.41;4.04;2.33;Termes poétiques en français;25.81;11.05
chevelure;Débutant;livre;4.4;4.4;3.4;9.99;Termes poétiques en français;25.07;2.5
murmure;Débutant;livre;4.4;4.4;3.21;15.43;Termes soutenus en français;25.14;1.62
panique;Débutant;livre;4.4;4.4;4.21;1.54;Termes littéraires en français;24.86;16.17
partager;Débutant;livre;4.4;4.4;4.53;0.73;Termes littéraires en français;24.93;34.05
aimable;Débutant;livre;4.39;4.39;4.34;1.12;Termes soutenus en français;24.59;21.98
ardeur;Débutant;livre;4.37;4.37;3.75;4.14;Termes littéraires en français;23.24;5.6
deuil;Débutant;livre;4.37;4.37;4.09;1.92;Termes poétiques en français;23.51;12.21
espérer;Débutant;livre;4.37;4.37;4.19;1.5;Termes soutenus en français;23.51;15.65
courrier;Débutant;livre;4.36;4.36;4.37;0.98;Termes littéraires en français;23.04;23.4
magnifique;Débutant;livre;4.36;4.36;4.9;0.29;Termes littéraires en français;22.91;78.72
repartir;Débutant;livre;4.36;4.36;4.29;1.17;Termes littéraires en français;22.91;19.56
fruit;Débutant;livre;4.34;4.34;4.2;1.37;Termes soutenus en français;21.96;15.99
mensonge;Débutant;livre;4.34;4.34;4.53;0.65;"Termes littéraires en français; Termes poétiques en français";21.89;33.64
scandale;Débutant;livre;4.33;4.33;4.28;1.13;Termes soutenus en français;21.49;19.09
rien;Débutant;livre;4.32;4.32;3.82;3.13;Termes soutenus en français;20.81;6.65
établir;Débutant;livre;4.32;4.32;4.02;1.96;Termes archaïques en français;20.68;10.52
République;Débutant;livre;4.31;4.31;3.54;5.92;Termes littéraires en français;20.41;3.44
demeure;Débutant;livre;4.3;4.3;4.09;1.64;Termes soutenus en français;20.07;12.24
planète;Débutant;livre;4.3;4.3;4.74;0.36;Termes archaïques en français;19.86;55.29
pré;Débutant;livre;4.3;4.3;3.7;3.93;Termes archaïques en français;19.8;5.03
malin;Débutant;livre;4.29;4.29;4.72;0.37;Termes littéraires en français;19.39;52.54
caresser;Débutant;livre;4.26;4.26;3.75;3.22;Termes poétiques en français;18.24;5.66
tard;Débutant;livre;4.26;4.26;4.53;0.54;Termes poétiques en français;18.38;34.1
conserver;Débutant;livre;4.24;4.24;3.73;3.26;Termes soutenus en français;17.57;5.39
dentelle;Débutant;livre;4.24;4.24;3.48;5.74;Termes littéraires en français;17.5;3.04
assassin;Débutant;livre;4.23;4.23;4.68;0.35;Termes poétiques en français;16.82;47.73
selle;Débutant;livre;4.21;4.21;3.95;1.81;Termes soutenus en français;16.08;8.9
doré;Débutant;livre;4.2;4.2;3.42;5.99;Termes poétiques en français;15.74;2.62
économie;Débutant;livre;4.2;4.2;3.96;1.71;Termes archaïques en français;15.74;9.2
habiller;Débutant;livre;4.18;4.18;4.23;0.89;Termes littéraires en français;15.27;17.1
duc;Débutant;livre;4.17;4.17;3.88;1.93;Termes littéraires en français;14.8;7.66
cruel;Débutant;livre;4.16;4.16;4.19;0.93;Termes poétiques en français;14.59;15.64
cristal;Débutant;livre;4.14;4.14;3.8;2.16;Termes poétiques en français;13.72;6.34
neveu;Débutant;livre;4.14;4.14;4.36;0.61;Termes littéraires en français;13.92;22.9
signer;Débutant;livre;4.13;4.13;4.47;0.46;Termes littéraires en français;13.51;29.25
confondre;Débutant;livre;4.12;4.12;3.68;2.73;Termes soutenus en français;13.18;4.83
foudre;Débutant;livre;4.1;4.1;4.1;1.01;Termes poétiques en français;12.64;12.5
sou;Débutant;livre;4.1;4.1;4.16;0.87;Termes archaïques en français;12.57;14.43
rivage;Débutant;livre;4.09;4.09;3.64;2.82;Termes poétiques en français;12.36;4.38
étreinte;Débutant;livre;4.09;4.09;3.31;5.98;Termes soutenus en français;12.36;2.06
correspondance;Débutant;livre;4.08;4.08;3.73;2.23;Termes littéraires en français;11.89;5.33
venue;Débutant;livre;4.06;4.06;3.92;1.38;Termes soutenus en français;11.49;8.34
berger;Débutant;livre;4.05;4.05;3.92;1.34;Termes poétiques en français;11.15;8.33
gouffre;Débutant;livre;4.05;4.05;3.54;3.3;Termes soutenus en français;11.35;3.43
azur;Débutant;livre;4.04;4.04;3.52;3.35;"Termes littéraires en français; Termes poétiques en français";11.01;3.28
brise;Débutant;livre;4.04;4.04;3.75;1.94;"Termes littéraires en français; Termes poétiques en français";10.88;5.6
cendre;Débutant;livre;4.04;4.04;3.51;3.41;Termes soutenus en français;11.08;3.24
ferraille;Débutant;livre;4.04;4.04;3.63;2.57;Termes littéraires en français;10.88;4.22
interdit;Débutant;livre;4.04;4.04;3.86;1.52;Termes littéraires en français;11.08;7.27
muraille;Débutant;livre;4.04;4.04;3.11;8.54;Termes soutenus en français;11.01;1.28
humiliation;Débutant;livre;4.03;4.03;3.83;1.59;Termes archaïques en français;10.68;6.72
hôte;Débutant;livre;4.03;4.03;4.13;0.81;Termes littéraires en français;10.81;13.43
bise;Débutant;livre;4.02;4.02;3.7;2.07;Termes poétiques en français;10.41;5.02
avide;Débutant;livre;4.01;4.01;3.29;5.31;Termes soutenus en français;10.34;1.94
procéder;Débutant;livre;4.01;4.01;3.83;1.5;Termes littéraires en français;10.14;6.75
ivoire;Débutant;livre;4.0;4.0;3.35;4.45;Termes poétiques en français;10.0;2.24
péril;Débutant;livre;4.0;4.0;3.8;1.58;Termes soutenus en français;10.0;6.32
gifle;Débutant;livre;3.99;3.99;3.56;2.73;Termes archaïques en français;9.86;3.6
impatient;Débutant;livre;3.99;3.99;3.88;1.3;Termes poétiques en français;9.73;7.51
moquer;Débutant;livre;3.98;3.98;4.06;0.82;Termes soutenus en français;9.46;11.47
saoul;Débutant;livre;3.98;3.98;3.89;1.21;Termes archaïques en français;9.46;7.81
aurore;Débutant;livre;3.97;3.97;3.48;3.11;Termes soutenus en français;9.39;3.01
gémissement;Débutant;livre;3.97;3.97;2.99;9.52;Termes poétiques en français;9.32;0.97
chanteur;Débutant;livre;3.96;3.96;3.99;0.94;Termes poétiques en français;9.19;9.8
tombeau;Débutant;livre;3.95;3.95;3.98;0.94;Termes littéraires en français;8.92;9.51
déchirer;Débutant;livre;3.94;3.94;3.63;2.04;Termes littéraires en français;8.72;4.27
artifice;Débutant;livre;3.93;3.93;3.73;1.58;Termes soutenus en français;8.51;5.38
lacs;Débutant;livre;3.93;3.93;3.56;2.38;Termes archaïques en français;8.58;3.6
passerelle;Débutant;livre;3.93;3.93;3.64;1.91;Termes archaïques en français;8.45;4.41
destinée;Débutant;livre;3.92;3.92;3.94;0.96;Termes poétiques en français;8.31;8.64
librairie;Débutant;livre;3.92;3.92;3.7;1.64;Termes archaïques en français;8.24;5.02
verbe;Débutant;livre;3.92;3.92;3.22;5.02;"Termes soutenus en français; Termes littéraires en français";8.38;1.66
évanouir;Débutant;livre;3.92;3.92;3.64;1.87;Termes archaïques en français;8.24;4.4
gémir;Débutant;livre;3.91;3.91;3.38;3.43;Termes poétiques en français;8.18;2.38
ressortir;Débutant;livre;3.9;3.9;3.67;1.7;Termes littéraires en français;7.91;4.64
commune;Débutant;livre;3.89;3.89;3.45;2.71;Termes soutenus en français;7.7;2.84
chaux;Débutant;livre;3.87;3.87;3.12;5.54;Termes archaïques en français;7.36;1.32
confins;Débutant;livre;3.86;3.86;3.22;4.38;Termes littéraires en français;7.3;1.66
favori;Débutant;livre;3.86;3.86;3.85;1.01;Termes soutenus en français;7.23;7.13
sillon;Débutant;livre;3.86;3.86;2.66;15.55;"Termes littéraires en français; Termes poétiques en français";7.3;0.46
splendide;Débutant;livre;3.86;3.86;4.19;0.47;Termes littéraires en français;7.3;15.45
tracer;Débutant;livre;3.86;3.86;3.32;3.46;Termes soutenus en français;7.23;2.08
disant;Débutant;livre;3.85;3.85;3.1;5.5;Termes littéraires en français;7.03;1.27
paupière;Débutant;livre;3.85;3.85;2.99;7.18;Termes poétiques en français;7.03;0.97
perruque;Débutant;livre;3.85;3.85;3.9;0.88;Termes poétiques en français;7.03;8.03
serviteur;Débutant;livre;3.85;3.85;4.03;0.67;Termes littéraires en français;7.16;10.63
choir;Débutant;livre;3.84;3.84;2.52;20.29;Termes littéraires en français;6.89;0.33
jais;Débutant;livre;3.83;3.83;2.63;15.52;Termes littéraires en français;6.82;0.43
Bouillon;Débutant;livre;3.82;3.82;3.57;1.8;Termes archaïques en français;6.62;3.68
nul;Débutant;livre;3.82;3.82;3.79;1.07;Termes littéraires en français;6.68;6.22
brune;Débutant;livre;3.81;3.81;3.65;1.44;Termes poétiques en français;6.42;4.44
décret;Débutant;livre;3.81;3.81;3.55;1.81;Termes littéraires en français;6.42;3.54
désolé;Débutant;livre;3.81;3.81;5.29;0.03;Termes soutenus en français;6.49;193.51
gerbe;Débutant;livre;3.81;3.81;3.23;3.82;Termes littéraires en français;6.49;1.69
insulter;Débutant;livre;3.81;3.81;3.83;0.95;Termes littéraires en français;6.42;6.76
iris;Débutant;livre;3.81;3.81;3.59;1.63;Termes littéraires en français;6.42;3.93
nef;Débutant;livre;3.81;3.81;2.61;15.48;Termes poétiques en français;6.49;0.41
solaire;Débutant;livre;3.81;3.81;3.85;0.92;Termes littéraires en français;6.49;7.04
virus;Débutant;livre;3.81;3.81;4.38;0.27;Termes archaïques en français;6.42;23.98
altitude;Débutant;livre;3.8;3.8;3.8;1.0;Termes littéraires en français;6.35;6.37
parvis;Débutant;livre;3.8;3.8;2.28;31.45;Termes poétiques en français;6.28;0.19
virilité;Débutant;livre;3.8;3.8;3.39;2.57;Termes littéraires en français;6.35;2.46
martyre;Débutant;livre;3.78;3.78;3.52;1.83;Termes poétiques en français;6.08;3.32
onde;Débutant;livre;3.78;3.78;3.64;1.37;Termes poétiques en français;6.01;4.39
guerrier;Débutant;livre;3.77;3.77;4.06;0.52;Termes soutenus en français;5.94;11.51
érotique;Débutant;livre;3.77;3.77;3.48;1.95;Termes littéraires en français;5.95;3.04
Céleste;Débutant;livre;3.76;3.76;3.65;1.31;Termes littéraires en français;5.81;4.43
émail;Débutant;livre;3.76;3.76;2.75;10.09;Termes poétiques en français;5.74;0.56
clameur;Débutant;livre;3.75;3.75;2.86;7.59;Termes littéraires en français;5.61;0.73
parent;Débutant;livre;3.75;3.75;4.09;0.46;Termes littéraires en français;5.68;12.39
amante;Débutant;livre;3.74;3.74;3.02;5.29;Termes littéraires en français;5.54;1.04
furie;Débutant;livre;3.74;3.74;3.31;2.69;Termes poétiques en français;5.54;2.05
menacer;Débutant;livre;3.73;3.73;3.73;1.0;Termes poétiques en français;5.34;5.35
taciturne;Débutant;livre;3.73;3.73;2.97;5.77;Termes littéraires en français;5.41;0.93
vulgarité;Débutant;livre;3.73;3.73;3.2;3.34;Termes soutenus en français;5.34;1.59
butin;Débutant;livre;3.72;3.72;3.8;0.83;Termes poétiques en français;5.2;6.27
pus;Débutant;livre;3.72;3.72;3.28;2.7;Termes archaïques en français;5.2;1.92
trame;Débutant;livre;3.72;3.72;2.63;12.0;Termes poétiques en français;5.27;0.43
olive;Débutant;livre;3.71;3.71;3.42;1.93;Termes poétiques en français;5.13;2.66
quiétude;Débutant;livre;3.71;3.71;2.81;7.82;Termes littéraires en français;5.07;0.64
redire;Débutant;livre;3.71;3.71;3.48;1.67;Termes soutenus en français;5.07;3.04
dépouille;Débutant;livre;3.7;3.7;3.23;2.95;Termes littéraires en français;5.0;1.69
nonchalance;Débutant;livre;3.7;3.7;2.67;10.44;Termes littéraires en français;5.0;0.47
chaume;Débutant;livre;3.69;3.69;2.56;13.16;Termes poétiques en français;4.86;0.36
frayer;Débutant;livre;3.69;3.69;3.01;4.68;Termes littéraires en français;4.86;1.03
apparat;Débutant;livre;3.68;3.68;2.71;9.25;Termes littéraires en français;4.8;0.51
cygne;Débutant;livre;3.67;3.67;3.72;0.88;Termes poétiques en français;4.66;5.28
procédé;Débutant;livre;3.65;3.65;3.52;1.36;Termes littéraires en français;4.46;3.28
boiteux;Débutant;livre;3.63;3.63;3.64;0.98;Termes poétiques en français;4.26;4.34
cavale;Débutant;livre;3.63;3.63;3.59;1.1;"Termes littéraires en français; Termes poétiques en français";4.26;3.87
mouvoir;Débutant;livre;3.63;3.63;2.76;7.24;Termes littéraires en français;4.26;0.58
arène;Débutant;livre;3.61;3.61;3.35;1.83;"Termes littéraires en français; Termes poétiques en français";4.12;2.25
blâme;Débutant;livre;3.61;3.61;3.27;2.18;Termes littéraires en français;4.05;1.85
consommer;Débutant;livre;3.61;3.61;3.48;1.37;Termes littéraires en français;4.12;3.0
vergogne;Débutant;livre;3.61;3.61;2.71;7.81;Termes littéraires en français;4.05;0.51
frileux;Débutant;livre;3.58;3.58;2.88;4.94;Termes littéraires en français;3.79;0.76
langueur;Débutant;livre;3.58;3.58;2.56;10.24;Termes littéraires en français;3.78;0.36
faction;Débutant;livre;3.57;3.57;2.84;5.33;Termes soutenus en français;3.72;0.69
infortune;Débutant;livre;3.57;3.57;3.08;3.06;Termes soutenus en français;3.72;1.21
colombe;Débutant;livre;3.55;3.55;3.71;0.69;"Termes littéraires en français; Termes poétiques en français";3.51;5.08
corail;Débutant;livre;3.55;3.55;3.19;2.3;Termes poétiques en français;3.58;1.55
envier;Débutant;livre;3.55;3.55;3.18;2.33;Termes soutenus en français;3.51;1.5
préau;Débutant;livre;3.55;3.55;2.0;32.0;Termes poétiques en français;3.51;0.1
périlleux;Débutant;livre;3.55;3.55;2.94;4.08;Termes soutenus en français;3.58;0.87
virginité;Débutant;livre;3.55;3.55;3.63;0.83;Termes littéraires en français;3.51;4.25
sourdre;Débutant;livre;3.54;3.54;0.0;346.0;Termes littéraires en français;3.45;0.0
non;Débutant;livre;3.53;3.53;3.56;0.94;Termes archaïques en français;3.38;3.61
écrin;Débutant;livre;3.53;3.53;2.56;9.16;Termes poétiques en français;3.38;0.36
cohorte;Débutant;livre;3.52;3.52;2.69;6.64;Termes poétiques en français;3.31;0.49
plaintif;Débutant;livre;3.52;3.52;2.91;4.05;Termes poétiques en français;3.31;0.81
vipère;Débutant;livre;3.52;3.52;3.53;0.97;Termes littéraires en français;3.31;3.42
augmentation;Débutant;livre;3.51;3.51;3.82;0.49;Termes littéraires en français;3.24;6.61
brochet;Débutant;livre;3.5;3.5;2.64;7.09;Termes littéraires en français;3.18;0.44
albâtre;Débutant;livre;3.48;3.48;2.79;4.92;Termes poétiques en français;3.04;0.61
havre;Débutant;livre;3.48;3.48;2.93;3.55;Termes littéraires en français;3.04;0.85
nourrisson;Débutant;livre;3.48;3.48;3.05;2.68;Termes soutenus en français;3.04;1.13
val;Débutant;livre;3.48;3.48;3.33;1.43;Termes littéraires en français;3.04;2.12
archipel;Débutant;livre;3.47;3.47;2.68;6.08;Termes archaïques en français;2.97;0.48
outrage;Débutant;livre;3.47;3.47;3.53;0.87;Termes littéraires en français;2.97;3.4
absinthe;Débutant;livre;3.46;3.46;3.11;2.26;Termes poétiques en français;2.91;1.28
bobine;Débutant;livre;3.46;3.46;3.23;1.72;Termes littéraires en français;2.91;1.69
compositeur;Débutant;livre;3.46;3.46;3.56;0.8;Termes archaïques en français;2.91;3.62
courre;Débutant;livre;3.46;3.46;2.88;3.84;Termes archaïques en français;2.91;0.75
tréfonds;Débutant;livre;3.46;3.46;2.79;4.63;Termes littéraires en français;2.91;0.62
bergerie;Débutant;livre;3.45;3.45;3.0;2.85;Termes littéraires en français;2.84;0.99
compas;Débutant;livre;3.45;3.45;3.18;1.89;Termes littéraires en français;2.84;1.5
crapule;Débutant;livre;3.45;3.45;3.7;0.57;Termes archaïques en français;2.84;5.02
rebondir;Débutant;livre;3.45;3.45;3.19;1.82;Termes littéraires en français;2.84;1.56
éclore;Débutant;livre;3.45;3.45;2.91;3.43;Termes littéraires en français;2.84;0.82
captif;Débutant;livre;3.44;3.44;2.9;3.47;Termes soutenus en français;2.77;0.79
pôle;Débutant;livre;3.44;3.44;3.49;0.89;Termes poétiques en français;2.77;3.12
accroupir;Débutant;livre;3.43;3.43;1.95;27.1;Termes littéraires en français;2.7;0.09
poindre;Débutant;livre;3.43;3.43;1.78;38.71;Termes littéraires en français;2.7;0.06
safran;Débutant;livre;3.42;3.42;2.72;4.89;Termes poétiques en français;2.63;0.53
fouler;Débutant;livre;3.41;3.41;2.81;3.91;"Termes soutenus en français; Termes littéraires en français";2.57;0.65
vexer;Débutant;livre;3.41;3.41;3.63;0.6;Termes littéraires en français;2.57;4.3
bocage;Débutant;livre;3.4;3.4;2.15;16.73;"Termes littéraires en français; Termes poétiques en français";2.5;0.14
commisération;Débutant;livre;3.4;3.4;2.15;16.73;Termes soutenus en français;2.5;0.14
courber;Débutant;livre;3.4;3.4;2.79;4.05;Termes poétiques en français;2.5;0.61
coutumier;Débutant;livre;3.4;3.4;2.81;3.86;Termes littéraires en français;2.5;0.64
tympan;Débutant;livre;3.4;3.4;2.56;6.78;Termes littéraires en français;2.5;0.36
violette;Débutant;livre;3.4;3.4;2.89;3.22;Termes poétiques en français;2.5;0.77
cristallin;Débutant;livre;3.39;3.39;1.78;34.86;Termes poétiques en français;2.43;0.06
fondement;Débutant;livre;3.39;3.39;3.25;1.38;Termes poétiques en français;2.43;1.76
milice;Débutant;livre;3.39;3.39;3.51;0.75;Termes soutenus en français;2.43;3.25
Comté;Débutant;livre;3.37;3.37;4.04;0.22;Termes archaïques en français;2.36;10.96
chalumeau;Débutant;livre;3.37;3.37;3.2;1.48;Termes poétiques en français;2.36;1.59
diligence;Débutant;livre;3.37;3.37;3.51;0.73;Termes littéraires en français;2.36;3.25
nacelle;Débutant;livre;3.37;3.37;3.02;2.26;Termes littéraires en français;2.36;1.04
lie;Débutant;livre;3.36;3.36;2.88;3.0;Termes poétiques en français;2.3;0.76
mixte;Débutant;livre;3.36;3.36;3.35;1.03;Termes archaïques en français;2.3;2.23
rejeton;Débutant;livre;3.36;3.36;2.79;3.73;"Termes soutenus en français; Termes poétiques en français";2.3;0.61
sente;Débutant;livre;3.36;3.36;1.85;28.87;Termes littéraires en français;2.3;0.07
couronner;Débutant;livre;3.35;3.35;3.25;1.27;Termes soutenus en français;2.23;1.76
faucille;Débutant;livre;3.35;3.35;2.71;4.31;Termes poétiques en français;2.23;0.51
foudroyant;Débutant;livre;3.35;3.35;2.61;5.33;Termes poétiques en français;2.23;0.41
prospère;Débutant;livre;3.35;3.35;3.5;0.7;Termes soutenus en français;2.23;3.19
onzième;Débutant;livre;3.34;3.34;2.76;3.69;Termes archaïques en français;2.17;0.58
coi;Débutant;livre;3.33;3.33;2.62;5.05;Termes archaïques en français;2.16;0.42
humilié;Débutant;livre;3.33;3.33;3.04;1.97;Termes archaïques en français;2.16;1.09
tribut;Débutant;livre;3.33;3.33;2.84;3.1;Termes poétiques en français;2.16;0.69
énervé;Débutant;livre;3.33;3.33;3.36;0.94;Termes littéraires en français;2.16;2.29
courroux;Débutant;livre;3.32;3.32;3.55;0.59;"Termes soutenus en français; Termes poétiques en français";2.09;3.55
jadis;Débutant;livre;3.32;3.32;2.7;4.12;Termes poétiques en français;2.09;0.5
sylvie;Débutant;livre;3.32;3.32;0.0;210.0;Termes soutenus en français;2.09;0.0
diaphane;Débutant;livre;3.31;3.31;1.48;51.0;Termes soutenus en français;2.03;0.03
firmament;Débutant;livre;3.31;3.31;3.2;1.29;Termes poétiques en français;2.03;1.57
imminent;Débutant;livre;3.31;3.31;3.25;1.13;Termes soutenus en français;2.03;1.79
émacié;Débutant;livre;3.31;3.31;1.48;51.0;Termes soutenus en français;2.03;0.03
éminent;Débutant;livre;3.31;3.31;3.22;1.22;Termes soutenus en français;2.03;1.66
coursier;Débutant;livre;3.29;3.29;3.61;0.48;"Termes soutenus en français; Termes littéraires en français";1.96;4.06
tourbe;Débutant;livre;3.29;3.29;2.64;4.38;Termes littéraires en français;1.96;0.44
commodité;Débutant;livre;3.28;3.28;2.41;7.04;"Termes soutenus en français; Termes archaïques en français";1.89;0.26
crépusculaire;Débutant;livre;3.28;3.28;1.48;47.5;Termes littéraires en français;1.89;0.03
geôle;Débutant;livre;3.28;3.28;1.95;19.0;Termes littéraires en français;1.89;0.09
incendier;Débutant;livre;3.28;3.28;2.97;2.02;Termes littéraires en français;1.89;0.93
résille;Débutant;livre;3.28;3.28;2.43;6.79;Termes poétiques en français;1.89;0.27
huis;Débutant;livre;3.26;3.26;2.68;3.73;Termes littéraires en français;1.82;0.48
annales;Débutant;livre;3.25;3.25;2.89;2.24;Termes soutenus en français;1.76;0.78
infortuné;Débutant;livre;3.25;3.25;2.86;2.39;Termes soutenus en français;1.76;0.73
nymphe;Débutant;livre;3.25;3.25;2.94;1.99;Termes poétiques en français;1.76;0.88
paître;Débutant;livre;3.25;3.25;2.99;1.81;"Termes soutenus en français; Termes poétiques en français";1.76;0.97
airain;Débutant;livre;3.23;3.23;2.23;9.44;Termes littéraires en français;1.69;0.17
fourrier;Débutant;livre;3.23;3.23;1.0;85.0;Termes littéraires en français;1.69;0.01
fronde;Débutant;livre;3.23;3.23;2.93;1.95;Termes poétiques en français;1.69;0.86
phalange;Débutant;livre;3.23;3.23;2.76;2.88;Termes littéraires en français;1.69;0.58
robot;Débutant;livre;3.23;3.23;4.18;0.11;Termes littéraires en français;1.69;14.97
vestige;Débutant;livre;3.21;3.21;2.73;2.96;Termes soutenus en français;1.62;0.54
vitré;Débutant;livre;3.21;3.21;1.78;23.29;Termes archaïques en français;1.62;0.06
courtisan;Débutant;livre;3.19;3.19;2.68;3.2;Termes soutenus en français;1.56;0.48
dard;Débutant;livre;3.19;3.19;3.11;1.19;Termes poétiques en français;1.55;1.3
froidure;Débutant;livre;3.19;3.19;2.04;13.0;"Termes littéraires en français; Termes poétiques en français";1.55;0.11
lambris;Débutant;livre;3.19;3.19;1.6;31.2;Termes poétiques en français;1.55;0.04
obligeance;Débutant;livre;3.19;3.19;2.92;1.84;Termes soutenus en français;1.55;0.84
ramure;Débutant;livre;3.19;3.19;1.0;78.0;Termes poétiques en français;1.55;0.01
sangle;Débutant;livre;3.19;3.19;3.03;1.43;Termes archaïques en français;1.55;1.08
trépas;Débutant;livre;3.19;3.19;2.58;4.0;Termes soutenus en français;1.55;0.38
aliénation;Débutant;livre;3.17;3.17;3.08;1.25;Termes littéraires en français;1.49;1.19
déchoir;Débutant;livre;3.17;3.17;1.0;75.0;Termes littéraires en français;1.49;0.01
accouder;Débutant;livre;3.15;3.15;1.0;71.5;Termes littéraires en français;1.42;0.01
ailé;Débutant;livre;3.15;3.15;2.85;1.99;Termes poétiques en français;1.42;0.71
panser;Débutant;livre;3.15;3.15;2.7;2.8;Termes littéraires en français;1.42;0.5
phosphorescent;Débutant;livre;3.15;3.15;1.9;15.89;Termes littéraires en français;1.42;0.08
radin;Débutant;livre;3.15;3.15;3.55;0.41;Termes archaïques en français;1.42;3.51
sceptre;Débutant;livre;3.15;3.15;3.21;0.88;Termes soutenus en français;1.42;1.61
commère;Débutant;livre;3.13;3.13;3.3;0.67;Termes archaïques en français;1.35;2.01
fructueux;Débutant;livre;3.13;3.13;2.51;4.12;Termes poétiques en français;1.35;0.32
prévention;Débutant;livre;3.13;3.13;3.12;1.01;Termes littéraires en français;1.35;1.33
languide;Débutant;livre;3.11;3.11;2.0;11.73;Termes littéraires en français;1.28;0.1
oublieux;Débutant;livre;3.11;3.11;2.65;2.8;Termes archaïques en français;1.28;0.45
preux;Débutant;livre;3.11;3.11;3.18;0.84;Termes littéraires en français;1.28;1.52
dorer;Débutant;livre;3.09;3.09;2.36;5.12;Termes poétiques en français;1.22;0.23
rosier;Débutant;livre;3.09;3.09;2.38;4.92;Termes littéraires en français;1.22;0.24
homicide;Débutant;livre;3.08;3.08;4.08;0.1;Termes soutenus en français;1.21;12.07
advenir;Débutant;livre;3.06;3.06;3.01;1.12;"Termes littéraires en français; Termes poétiques en français";1.15;1.03
lyre;Débutant;livre;3.06;3.06;2.74;2.07;Termes littéraires en français;1.15;0.55
mander;Débutant;livre;3.06;3.06;2.53;3.31;Termes poétiques en français;1.15;0.34
pomper;Débutant;livre;3.06;3.06;3.24;0.67;Termes littéraires en français;1.15;1.72
pourpoint;Débutant;livre;3.06;3.06;2.77;1.93;Termes poétiques en français;1.15;0.59
servilité;Débutant;livre;3.06;3.06;1.0;58.0;Termes littéraires en français;1.15;0.01
sourcilleux;Débutant;livre;3.06;3.06;1.0;58.0;Termes littéraires en français;1.15;0.01
extatique;Débutant;livre;3.03;3.03;2.58;2.79;Termes soutenus en français;1.08;0.38
fuligineux;Débutant;livre;3.03;3.03;1.0;54.5;Termes littéraires en français;1.08;0.01
incontinent;Débutant;livre;3.03;3.03;2.3;5.19;Termes littéraires en français;1.08;0.2
languir;Débutant;livre;3.03;3.03;3.16;0.75;Termes poétiques en français;1.08;1.45
obligeant;Débutant;livre;3.03;3.03;2.23;6.06;Termes soutenus en français;1.08;0.17
parangon;Débutant;livre;3.03;3.03;2.08;8.38;Termes littéraires en français;1.08;0.12
purger;Débutant;livre;3.03;3.03;3.2;0.68;Termes poétiques en français;1.08;1.59
sommeiller;Débutant;livre;3.03;3.03;2.7;2.14;Termes poétiques en français;1.08;0.5
orbe;Débutant;livre;3.0;3.0;2.66;2.17;Termes poétiques en français;1.01;0.46
tacher;Débutant;livre;3.0;3.0;3.05;0.91;Termes littéraires en français;1.01;1.11
Madeleine;Intermédiaire;livre;2.98;2.98;2.57;2.53;Termes soutenus en français;0.95;0.37
glacer;Intermédiaire;livre;2.98;2.98;2.48;3.1;Termes poétiques en français;0.95;0.3
indolent;Intermédiaire;livre;2.98;2.98;2.58;2.46;Termes littéraires en français;0.95;0.38
larron;Intermédiaire;livre;2.98;2.98;2.53;2.74;Termes littéraires en français;0.95;0.34
messer;Intermédiaire;livre;2.98;2.98;3.18;0.64;Termes poétiques en français;0.95;1.5
militer;Intermédiaire;livre;2.98;2.98;1.95;9.6;Termes archaïques en français;0.95;0.09
oye;Intermédiaire;livre;2.98;2.98;2.32;4.36;Termes archaïques en français;0.95;0.21
physicien;Intermédiaire;livre;2.98;2.98;2.88;1.26;Termes archaïques en français;0.95;0.75
péroraison;Intermédiaire;livre;2.98;2.98;0.0;96.0;Termes littéraires en français;0.95;0.0
similitude;Intermédiaire;livre;2.98;2.98;2.53;2.74;Termes littéraires en français;0.95;0.34
anathème;Intermédiaire;livre;2.94;2.94;3.03;0.82;Termes soutenus en français;0.88;1.08
coupon;Intermédiaire;livre;2.94;2.94;2.71;1.71;Termes archaïques en français;0.88;0.51
glèbe;Intermédiaire;livre;2.94;2.94;2.71;1.71;Termes littéraires en français;0.88;0.51
habitat;Intermédiaire;livre;2.94;2.94;3.12;0.67;Termes littéraires en français;0.88;1.31
survivance;Intermédiaire;livre;2.94;2.94;1.6;17.8;Termes littéraires en français;0.88;0.04
enrhumé;Intermédiaire;livre;2.91;2.91;2.32;3.73;Termes littéraires en français;0.81;0.21
fourrière;Intermédiaire;livre;2.91;2.91;3.45;0.29;Termes littéraires en français;0.81;2.83
nimbe;Intermédiaire;livre;2.91;2.91;1.0;41.0;Termes littéraires en français;0.81;0.01
pleur;Intermédiaire;livre;2.91;2.91;2.3;3.9;Termes poétiques en français;0.81;0.2
promoteur;Intermédiaire;livre;2.91;2.91;3.05;0.73;Termes littéraires en français;0.81;1.12
pusillanime;Intermédiaire;livre;2.91;2.91;1.48;20.5;Termes littéraires en français;0.81;0.03
songerie;Intermédiaire;livre;2.91;2.91;2.15;5.47;Termes littéraires en français;0.81;0.14
stupre;Intermédiaire;livre;2.91;2.91;2.15;5.47;Termes soutenus en français;0.81;0.14
subjuguer;Intermédiaire;livre;2.91;2.91;2.45;2.83;Termes littéraires en français;0.81;0.28
sylvestre;Intermédiaire;livre;2.91;2.91;2.36;3.42;Termes littéraires en français;0.81;0.23
brisure;Intermédiaire;livre;2.87;2.87;0.0;75.0;Termes poétiques en français;0.74;0.0
dindon;Intermédiaire;livre;2.87;2.87;3.09;0.6;Termes soutenus en français;0.74;1.23
désobligeant;Intermédiaire;livre;2.87;2.87;2.73;1.36;Termes soutenus en français;0.74;0.54
empyrée;Intermédiaire;livre;2.87;2.87;0.0;75.0;Termes littéraires en français;0.74;0.0
loisible;Intermédiaire;livre;2.87;2.87;0.0;75.0;"Termes soutenus en français; Termes littéraires en français";0.74;0.0
myrte;Intermédiaire;livre;2.87;2.87;3.1;0.6;Termes littéraires en français;0.74;1.25
promouvoir;Intermédiaire;livre;2.87;2.87;3.19;0.48;Termes littéraires en français;0.74;1.56
ressaut;Intermédiaire;livre;2.87;2.87;1.0;37.5;Termes littéraires en français;0.74;0.01
échevelé;Intermédiaire;livre;2.87;2.87;1.0;37.5;Termes littéraires en français;0.74;0.01
bouvier;Intermédiaire;livre;2.83;2.83;2.08;5.31;Termes littéraires en français;0.68;0.12
courtaud;Intermédiaire;livre;2.83;2.83;2.36;2.88;Termes littéraires en français;0.68;0.23
discontinuité;Intermédiaire;livre;2.83;2.83;1.7;11.5;Termes soutenus en français;0.68;0.05
exultation;Intermédiaire;livre;2.83;2.83;1.7;11.5;Termes littéraires en français;0.68;0.05
helvétique;Intermédiaire;livre;2.83;2.83;0.0;69.0;Termes soutenus en français;0.68;0.0
incurie;Intermédiaire;livre;2.83;2.83;2.04;5.75;Termes soutenus en français;0.68;0.11
lèche;Intermédiaire;livre;2.83;2.83;3.14;0.5;Termes archaïques en français;0.68;1.38
nébuleux;Intermédiaire;livre;2.83;2.83;2.58;1.77;Termes littéraires en français;0.68;0.38
onéreux;Intermédiaire;livre;2.83;2.83;2.78;1.13;Termes littéraires en français;0.68;0.6
quintal;Intermédiaire;livre;2.83;2.83;2.28;3.45;Termes archaïques en français;0.68;0.19
spiritueux;Intermédiaire;livre;2.83;2.83;2.62;1.6;Termes archaïques en français;0.68;0.42
alacrité;Intermédiaire;livre;2.79;2.79;1.0;31.0;Termes soutenus en français;0.61;0.01
assaisonner;Intermédiaire;livre;2.79;2.79;1.95;6.2;Termes littéraires en français;0.61;0.09
contaminer;Intermédiaire;livre;2.79;2.79;3.1;0.48;Termes littéraires en français;0.61;1.27
nonnain;Intermédiaire;livre;2.79;2.79;0.0;62.0;Termes littéraires en français;0.61;0.0
ponctuer;Intermédiaire;livre;2.79;2.79;1.3;20.67;Termes littéraires en français;0.61;0.02
pâmer;Intermédiaire;livre;2.79;2.79;1.78;8.86;Termes littéraires en français;0.61;0.06
sollicitation;Intermédiaire;livre;2.79;2.79;2.36;2.58;Termes littéraires en français;0.61;0.23
Bohême;Intermédiaire;livre;2.73;2.73;0.0;55.0;Termes poétiques en français;0.54;0.0
abscons;Intermédiaire;livre;2.73;2.73;2.08;4.23;Termes soutenus en français;0.54;0.12
chenu;Intermédiaire;livre;2.73;2.73;2.15;3.67;Termes poétiques en français;0.54;0.14
coquebin;Intermédiaire;livre;2.73;2.73;0.0;55.0;Termes littéraires en français;0.54;0.0
dilection;Intermédiaire;livre;2.73;2.73;0.0;55.0;Termes littéraires en français;0.54;0.0
déconcerter;Intermédiaire;livre;2.73;2.73;1.78;7.86;Termes littéraires en français;0.54;0.06
ha;Intermédiaire;livre;2.73;2.73;3.47;0.19;Termes archaïques en français;0.54;2.94
paladin;Intermédiaire;livre;2.73;2.73;2.2;3.24;Termes littéraires en français;0.54;0.16
pourfendre;Intermédiaire;livre;2.73;2.73;1.6;11.0;Termes littéraires en français;0.54;0.04
suspicieux;Intermédiaire;livre;2.73;2.73;2.81;0.83;Termes littéraires en français;0.54;0.65
tourte;Intermédiaire;livre;2.73;2.73;3.01;0.53;Termes poétiques en français;0.54;1.03
Béhémoth;Intermédiaire;livre;2.67;2.67;0.0;48.0;Termes littéraires en français;0.47;0.0
aquilon;Intermédiaire;livre;2.67;2.67;0.0;48.0;Termes poétiques en français;0.47;0.0
cacochyme;Intermédiaire;livre;2.67;2.67;0.0;48.0;Termes soutenus en français;0.47;0.0
carmagnole;Intermédiaire;livre;2.67;2.67;0.0;48.0;Termes archaïques en français;0.47;0.0
colporter;Intermédiaire;livre;2.67;2.67;2.57;1.26;Termes littéraires en français;0.47;0.37
céruléen;Intermédiaire;livre;2.67;2.67;0.0;48.0;"Termes soutenus en français; Termes poétiques en français";0.47;0.0
décédé;Intermédiaire;livre;2.67;2.67;3.2;0.3;Termes soutenus en français;0.47;1.58
ironiser;Intermédiaire;livre;2.67;2.67;2.62;1.12;Termes littéraires en français;0.47;0.42
lavandière;Intermédiaire;livre;2.67;2.67;2.48;1.55;Termes littéraires en français;0.47;0.3
licol;Intermédiaire;livre;2.67;2.67;0.0;48.0;Termes poétiques en français;0.47;0.0
médianoche;Intermédiaire;livre;2.67;2.67;0.0;48.0;Termes littéraires en français;0.47;0.0
oiseleur;Intermédiaire;livre;2.67;2.67;1.78;6.86;Termes littéraires en français;0.47;0.06
poncif;Intermédiaire;livre;2.67;2.67;0.0;48.0;Termes littéraires en français;0.47;0.0
ressouvenir;Intermédiaire;livre;2.67;2.67;2.83;0.7;"Termes littéraires en français; Termes archaïques en français";0.47;0.68
résipiscence;Intermédiaire;livre;2.67;2.67;0.0;48.0;Termes littéraires en français;0.47;0.0
tancer;Intermédiaire;livre;2.67;2.67;1.0;24.0;Termes littéraires en français;0.47;0.01
vicinal;Intermédiaire;livre;2.67;2.67;0.0;48.0;Termes littéraires en français;0.47;0.0
ahurir;Intermédiaire;livre;2.61;2.61;0.0;42.0;Termes littéraires en français;0.41;0.0
assomption;Intermédiaire;livre;2.61;2.61;0.0;42.0;Termes soutenus en français;0.41;0.0
balsamique;Intermédiaire;livre;2.61;2.61;2.0;3.82;Termes littéraires en français;0.41;0.1
barde;Intermédiaire;livre;2.61;2.61;2.26;2.21;Termes littéraires en français;0.41;0.18
chaumine;Intermédiaire;livre;2.61;2.61;2.04;3.5;Termes littéraires en français;0.41;0.11
dentition;Intermédiaire;livre;2.61;2.61;3.03;0.39;Termes littéraires en français;0.41;1.07
diane;Intermédiaire;livre;2.61;2.61;1.48;10.5;"Termes littéraires en français; Termes poétiques en français";0.41;0.03
empresser;Intermédiaire;livre;2.61;2.61;2.23;2.33;Termes littéraires en français;0.41;0.17
estocade;Intermédiaire;livre;2.61;2.61;1.48;10.5;Termes littéraires en français;0.41;0.03
gay;Intermédiaire;livre;2.61;2.61;4.34;0.02;Termes archaïques en français;0.41;21.93
heur;Intermédiaire;livre;2.61;2.61;1.7;7.0;Termes littéraires en français;0.41;0.05
hourvari;Intermédiaire;livre;2.61;2.61;2.43;1.5;Termes littéraires en français;0.41;0.27
lilial;Intermédiaire;livre;2.61;2.61;0.0;42.0;Termes poétiques en français;0.41;0.0
marri;Intermédiaire;livre;2.61;2.61;1.48;10.5;Termes littéraires en français;0.41;0.03
missile;Intermédiaire;livre;2.61;2.61;3.87;0.06;Termes archaïques en français;0.41;7.47
mânes;Intermédiaire;livre;2.61;2.61;1.0;21.0;Termes poétiques en français;0.41;0.01
nippon;Intermédiaire;livre;2.61;2.61;2.54;1.17;Termes soutenus en français;0.41;0.35
occire;Intermédiaire;livre;2.61;2.61;2.0;3.82;Termes littéraires en français;0.41;0.1
satire;Intermédiaire;livre;2.61;2.61;2.43;1.5;Termes littéraires en français;0.41;0.27
sidéral;Intermédiaire;livre;2.61;2.61;1.6;8.4;Termes littéraires en français;0.41;0.04
Hellène;Intermédiaire;livre;2.6;2.6;1.3;13.67;Termes soutenus en français;0.4;0.02
ord;Intermédiaire;film;2.59;0.0;2.59;0.02;Termes poétiques en français;0.0;0.39
abstrus;Intermédiaire;livre;2.53;2.53;0.0;35.0;Termes littéraires en français;0.34;0.0
appariteur;Intermédiaire;livre;2.53;2.53;2.45;1.21;Termes archaïques en français;0.34;0.28
cantilène;Intermédiaire;livre;2.53;2.53;2.04;2.92;Termes littéraires en français;0.34;0.11
dissension;Intermédiaire;livre;2.53;2.53;2.04;2.92;Termes littéraires en français;0.34;0.11
hymen;Intermédiaire;livre;2.53;2.53;3.31;0.17;Termes poétiques en français;0.34;2.05
hyménée;Intermédiaire;film;2.53;0.0;2.53;0.03;Termes poétiques en français;0.0;0.34
interlope;Intermédiaire;livre;2.53;2.53;1.48;8.75;Termes soutenus en français;0.34;0.03
lopin;Intermédiaire;livre;2.53;2.53;2.72;0.66;Termes littéraires en français;0.34;0.52
ondine;Intermédiaire;livre;2.53;2.53;2.3;1.67;Termes poétiques en français;0.34;0.2
parégorique;Intermédiaire;livre;2.53;2.53;1.6;7.0;Termes archaïques en français;0.34;0.04
passereau;Intermédiaire;livre;2.53;2.53;2.4;1.35;Termes littéraires en français;0.34;0.25
potentat;Intermédiaire;livre;2.53;2.53;2.0;3.18;Termes soutenus en français;0.34;0.1
pourceau;Intermédiaire;livre;2.53;2.53;2.48;1.13;Termes littéraires en français;0.34;0.3
ris;Intermédiaire;livre;2.53;2.53;3.18;0.23;Termes poétiques en français;0.34;1.5
rédhibitoire;Intermédiaire;livre;2.53;2.53;1.78;5.0;Termes soutenus en français;0.34;0.06
saur;Intermédiaire;livre;2.53;2.53;1.9;3.89;Termes archaïques en français;0.34;0.08
séraphique;Intermédiaire;livre;2.53;2.53;0.0;35.0;Termes littéraires en français;0.34;0.0
toxique;Intermédiaire;livre;2.53;2.53;3.48;0.12;Termes littéraires en français;0.34;3.03
vomissure;Intermédiaire;livre;2.53;2.53;2.3;1.67;Termes soutenus en français;0.34;0.2
vénusté;Intermédiaire;livre;2.53;2.53;0.0;35.0;Termes littéraires en français;0.34;0.0
émailler;Intermédiaire;livre;2.53;2.53;1.0;17.5;Termes poétiques en français;0.34;0.01
porque;Intermédiaire;film;2.51;0.0;2.51;0.03;Termes archaïques en français;0.0;0.32
cela;Intermédiaire;film;2.48;0.0;2.48;0.03;Termes littéraires en français;0.0;0.3
fashion;Intermédiaire;film;2.45;0.0;2.45;0.03;Termes littéraires en français;0.0;0.28
ménestrel;Intermédiaire;film;2.45;0.0;2.45;0.03;Termes soutenus en français;0.0;0.28
atlante;Intermédiaire;livre;2.43;2.43;1.7;4.67;Termes littéraires en français;0.27;0.05
béer;Intermédiaire;livre;2.43;2.43;0.0;28.0;Termes littéraires en français;0.27;0.0
contempteur;Intermédiaire;livre;2.43;2.43;1.0;14.0;Termes littéraires en français;0.27;0.01
cristallisation;Intermédiaire;livre;2.43;2.43;2.3;1.33;Termes littéraires en français;0.27;0.2
déduit;Intermédiaire;livre;2.43;2.43;2.32;1.27;Termes littéraires en français;0.27;0.21
déparer;Intermédiaire;livre;2.43;2.43;1.0;14.0;Termes soutenus en français;0.27;0.01
efflorescence;Intermédiaire;livre;2.43;2.43;1.0;14.0;Termes littéraires en français;0.27;0.01
ilote;Intermédiaire;livre;2.43;2.43;0.0;28.0;Termes littéraires en français;0.27;0.0
infrangible;Intermédiaire;livre;2.43;2.43;1.0;14.0;"Termes soutenus en français; Termes littéraires en français";0.27;0.01
logorrhée;Intermédiaire;livre;2.43;2.43;1.78;4.0;Termes littéraires en français;0.27;0.06
luminaire;Intermédiaire;livre;2.43;2.43;0.0;28.0;Termes littéraires en français;0.27;0.0
maritorne;Intermédiaire;livre;2.43;2.43;0.0;28.0;Termes soutenus en français;0.27;0.0
noise;Intermédiaire;livre;2.43;2.43;2.54;0.78;Termes littéraires en français;0.27;0.35
redorer;Intermédiaire;livre;2.43;2.43;2.26;1.47;Termes poétiques en français;0.27;0.18
roy;Intermédiaire;livre;2.43;2.43;2.23;1.56;Termes archaïques en français;0.27;0.17
semblance;Intermédiaire;livre;2.43;2.43;1.3;9.33;Termes littéraires en français;0.27;0.02
superfétatoire;Intermédiaire;livre;2.43;2.43;1.48;7.0;Termes soutenus en français;0.27;0.03
tressautement;Intermédiaire;livre;2.43;2.43;0.0;28.0;Termes soutenus en français;0.27;0.0
vergogneux;Intermédiaire;livre;2.43;2.43;0.0;28.0;Termes littéraires en français;0.27;0.0
vitupérer;Intermédiaire;livre;2.43;2.43;1.3;9.33;Termes littéraires en français;0.27;0.02
éthéré;Intermédiaire;livre;2.43;2.43;2.36;1.17;Termes poétiques en français;0.27;0.23
physionomiste;Intermédiaire;livre;2.32;2.32;2.3;1.05;Termes soutenus en français;0.21;0.2
toxicomanie;Intermédiaire;film;2.32;0.0;2.32;0.05;Termes archaïques en français;0.0;0.21
accort;Intermédiaire;livre;2.3;2.3;1.0;10.5;Termes littéraires en français;0.2;0.01
arachnéen;Intermédiaire;livre;2.3;2.3;1.3;7.0;Termes littéraires en français;0.2;0.02
bayer;Intermédiaire;livre;2.3;2.3;1.0;10.5;Termes archaïques en français;0.2;0.01
celer;Intermédiaire;livre;2.3;2.3;2.6;0.51;Termes littéraires en français;0.2;0.4
estoc;Intermédiaire;livre;2.3;2.3;2.2;1.24;Termes littéraires en français;0.2;0.16
faquin;Intermédiaire;livre;2.3;2.3;2.65;0.46;Termes littéraires en français;0.2;0.45
graffito;Intermédiaire;livre;2.3;2.3;0.0;21.0;Termes soutenus en français;0.2;0.0
hyperbole;Intermédiaire;livre;2.3;2.3;1.95;2.1;Termes littéraires en français;0.2;0.09
immoler;Intermédiaire;livre;2.3;2.3;2.86;0.28;Termes littéraires en français;0.2;0.73
impéritie;Intermédiaire;livre;2.3;2.3;0.0;21.0;Termes soutenus en français;0.2;0.0
insomnieux;Intermédiaire;livre;2.3;2.3;0.0;21.0;Termes littéraires en français;0.2;0.0
ligneux;Intermédiaire;livre;2.3;2.3;0.0;21.0;Termes littéraires en français;0.2;0.0
mary;Intermédiaire;livre;2.3;2.3;2.75;0.37;Termes archaïques en français;0.2;0.56
quint;Intermédiaire;livre;2.3;2.3;2.3;1.0;Termes archaïques en français;0.2;0.2
simagrée;Intermédiaire;livre;2.3;2.3;2.15;1.4;Termes soutenus en français;0.2;0.14
sylvain;Intermédiaire;film;2.3;0.0;2.3;0.05;Termes littéraires en français;0.0;0.2
vastitude;Intermédiaire;livre;2.3;2.3;0.0;21.0;Termes littéraires en français;0.2;0.0
vibratile;Intermédiaire;livre;2.3;2.3;1.0;10.5;Termes littéraires en français;0.2;0.01
égrotant;Intermédiaire;livre;2.3;2.3;0.0;21.0;Termes littéraires en français;0.2;0.0
épigone;Intermédiaire;livre;2.3;2.3;2.3;1.0;Termes littéraires en français;0.2;0.2
kali;Intermédiaire;film;2.28;0.0;2.28;0.05;Termes archaïques en français;0.0;0.19
ost;Intermédiaire;film;2.26;0.0;2.26;0.05;Termes littéraires en français;0.0;0.18
Pluton;Intermédiaire;film;2.15;0.0;2.15;0.07;Termes archaïques en français;0.0;0.14
Tartufe;Intermédiaire;livre;2.15;2.15;1.0;7.5;Termes littéraires en français;0.14;0.01
aboutissant;Intermédiaire;livre;2.15;2.15;0.0;15.0;Termes littéraires en français;0.14;0.0
admonition;Intermédiaire;livre;2.15;2.15;1.0;7.5;Termes soutenus en français;0.14;0.01
adulateur;Intermédiaire;livre;2.15;2.15;2.0;1.36;"Termes soutenus en français; Termes poétiques en français";0.14;0.1
agathe;Intermédiaire;livre;2.15;2.15;0.0;15.0;Termes archaïques en français;0.14;0.0
appert;Intermédiaire;livre;2.15;2.15;0.0;15.0;Termes littéraires en français;0.14;0.0
borée;Intermédiaire;film;2.15;0.0;2.15;0.07;Termes poétiques en français;0.0;0.14
cascadeur;Intermédiaire;livre;2.15;2.15;3.27;0.08;Termes littéraires en français;0.14;1.88
cétacé;Intermédiaire;livre;2.15;2.15;1.48;3.75;Termes littéraires en français;0.14;0.03
décéder;Intermédiaire;livre;2.15;2.15;2.36;0.62;Termes soutenus en français;0.14;0.23
déhiscence;Intermédiaire;livre;2.15;2.15;1.3;5.0;Termes littéraires en français;0.14;0.02
dériveur;Intermédiaire;livre;2.15;2.15;2.15;1.0;Termes archaïques en français;0.14;0.14
désobligeance;Intermédiaire;livre;2.15;2.15;0.0;15.0;Termes soutenus en français;0.14;0.0
faluche;Intermédiaire;livre;2.15;2.15;0.0;15.0;Termes archaïques en français;0.14;0.0
foucade;Intermédiaire;livre;2.15;2.15;1.0;7.5;Termes littéraires en français;0.14;0.01
gaster;Intermédiaire;livre;2.15;2.15;1.0;7.5;Termes archaïques en français;0.14;0.01
incomestible;Intermédiaire;livre;2.15;2.15;0.0;15.0;Termes soutenus en français;0.14;0.0
incréé;Intermédiaire;film;2.15;0.0;2.15;0.07;Termes littéraires en français;0.0;0.14
longanimité;Intermédiaire;livre;2.15;2.15;0.0;15.0;Termes littéraires en français;0.14;0.0
malandrin;Intermédiaire;livre;2.15;2.15;1.6;3.0;Termes littéraires en français;0.14;0.04
mignardise;Intermédiaire;livre;2.15;2.15;1.3;5.0;Termes littéraires en français;0.14;0.02
modérateur;Intermédiaire;livre;2.15;2.15;1.3;5.0;Termes soutenus en français;0.14;0.02
moutonner;Intermédiaire;livre;2.15;2.15;0.0;15.0;Termes littéraires en français;0.14;0.0
mutiner;Intermédiaire;livre;2.15;2.15;2.26;0.79;Termes poétiques en français;0.14;0.18
nocher;Intermédiaire;livre;2.15;2.15;1.3;5.0;Termes poétiques en français;0.14;0.02
objurgation;Intermédiaire;livre;2.15;2.15;0.0;15.0;Termes littéraires en français;0.14;0.0
panner;Intermédiaire;livre;2.15;2.15;0.0;15.0;Termes archaïques en français;0.14;0.0
profus;Intermédiaire;livre;2.15;2.15;0.0;15.0;Termes littéraires en français;0.14;0.0
pugnace;Intermédiaire;livre;2.15;2.15;1.78;2.14;Termes littéraires en français;0.14;0.06
périphrase;Intermédiaire;livre;2.15;2.15;2.04;1.25;Termes littéraires en français;0.14;0.11
remembrance;Intermédiaire;livre;2.15;2.15;1.0;7.5;Termes poétiques en français;0.14;0.01
rêne;Intermédiaire;livre;2.15;2.15;1.3;5.0;Termes soutenus en français;0.14;0.02
salacité;Intermédiaire;livre;2.15;2.15;0.0;15.0;Termes littéraires en français;0.14;0.0
simarre;Intermédiaire;livre;2.15;2.15;0.0;15.0;Termes poétiques en français;0.14;0.0
sublimer;Intermédiaire;livre;2.15;2.15;2.04;1.25;Termes littéraires en français;0.14;0.11
sylve;Intermédiaire;livre;2.15;2.15;0.0;15.0;Termes poétiques en français;0.14;0.0
thuriféraire;Intermédiaire;livre;2.15;2.15;0.0;15.0;Termes soutenus en français;0.14;0.0
turquin;Intermédiaire;livre;2.15;2.15;0.0;15.0;Termes littéraires en français;0.14;0.0
valétudinaire;Intermédiaire;livre;2.15;2.15;1.0;7.5;Termes soutenus en français;0.14;0.01
émasculer;Intermédiaire;livre;2.15;2.15;2.34;0.65;Termes littéraires en français;0.14;0.22
équanimité;Intermédiaire;livre;2.15;2.15;0.0;15.0;Termes soutenus en français;0.14;0.0
arder;Intermédiaire;film;2.04;0.0;2.04;0.08;Termes archaïques en français;0.0;0.11
prévalence;Intermédiaire;film;2.04;0.0;2.04;0.08;Termes soutenus en français;0.0;0.11
Capulet;Intermédiaire;livre;1.85;1.85;0.0;8.0;Termes littéraires en français;0.07;0.0
Géronte;Intermédiaire;livre;1.85;1.85;0.0;8.0;Termes littéraires en français;0.07;0.0
amphitryon;Intermédiaire;livre;1.85;1.85;2.11;0.57;Termes soutenus en français;0.07;0.13
ardre;Intermédiaire;livre;1.85;1.85;0.0;8.0;Termes archaïques en français;0.07;0.0
arpion;Intermédiaire;livre;1.85;1.85;0.0;8.0;Termes archaïques en français;0.07;0.0
aspre;Intermédiaire;livre;1.85;1.85;0.0;8.0;Termes archaïques en français;0.07;0.0
astreinte;Intermédiaire;livre;1.85;1.85;1.3;2.67;Termes littéraires en français;0.07;0.02
autan;Intermédiaire;livre;1.85;1.85;0.0;8.0;Termes poétiques en français;0.07;0.0
chevaucheur;Intermédiaire;livre;1.85;1.85;0.0;8.0;Termes littéraires en français;0.07;0.0
châtel;Intermédiaire;livre;1.85;1.85;0.0;8.0;Termes archaïques en français;0.07;0.0
corroder;Intermédiaire;livre;1.85;1.85;0.0;8.0;Termes soutenus en français;0.07;0.0
coruscant;Intermédiaire;livre;1.85;1.85;2.11;0.57;Termes littéraires en français;0.07;0.13
darder;Intermédiaire;livre;1.85;1.85;2.0;0.73;Termes poétiques en français;0.07;0.1
difficultueux;Intermédiaire;livre;1.85;1.85;0.0;8.0;Termes littéraires en français;0.07;0.0
dirimant;Intermédiaire;livre;1.85;1.85;0.0;8.0;Termes soutenus en français;0.07;0.0
diurnal;Intermédiaire;livre;1.85;1.85;0.0;8.0;Termes littéraires en français;0.07;0.0
dubitation;Intermédiaire;livre;1.85;1.85;0.0;8.0;Termes littéraires en français;0.07;0.0
ensanglanter;Intermédiaire;livre;1.85;1.85;0.0;8.0;Termes poétiques en français;0.07;0.0
faunesque;Intermédiaire;livre;1.85;1.85;0.0;8.0;Termes littéraires en français;0.07;0.0
faunesse;Intermédiaire;livre;1.85;1.85;0.0;8.0;Termes poétiques en français;0.07;0.0
feintise;Intermédiaire;livre;1.85;1.85;0.0;8.0;Termes littéraires en français;0.07;0.0
fleuronner;Intermédiaire;livre;1.85;1.85;0.0;8.0;Termes littéraires en français;0.07;0.0
flexuosité;Intermédiaire;livre;1.85;1.85;0.0;8.0;Termes littéraires en français;0.07;0.0
flouer;Intermédiaire;film;1.85;0.0;1.85;0.12;Termes littéraires en français;0.0;0.07
futurisme;Intermédiaire;livre;1.85;1.85;0.0;8.0;Termes littéraires en français;0.07;0.0
guéret;Intermédiaire;livre;1.85;1.85;0.0;8.0;Termes poétiques en français;0.07;0.0
helvétien;Intermédiaire;livre;1.85;1.85;0.0;8.0;Termes poétiques en français;0.07;0.0
herbette;Intermédiaire;livre;1.85;1.85;0.0;8.0;Termes poétiques en français;0.07;0.0
immarcescible;Intermédiaire;livre;1.85;1.85;0.0;8.0;Termes littéraires en français;0.07;0.0
impatroniser;Intermédiaire;livre;1.85;1.85;0.0;8.0;Termes littéraires en français;0.07;0.0
impécuniosité;Intermédiaire;livre;1.85;1.85;0.0;8.0;Termes littéraires en français;0.07;0.0
incivil;Intermédiaire;livre;1.85;1.85;0.0;8.0;Termes soutenus en français;0.07;0.0
incurieux;Intermédiaire;livre;1.85;1.85;0.0;8.0;Termes littéraires en français;0.07;0.0
jaculatoire;Intermédiaire;livre;1.85;1.85;0.0;8.0;Termes littéraires en français;0.07;0.0
lange;Intermédiaire;livre;1.85;1.85;2.0;0.73;Termes poétiques en français;0.07;0.1
lare;Intermédiaire;livre;1.85;1.85;0.0;8.0;Termes poétiques en français;0.07;0.0
laudateur;Intermédiaire;livre;1.85;1.85;0.0;8.0;Termes soutenus en français;0.07;0.0
léopardé;Intermédiaire;livre;1.85;1.85;0.0;8.0;Termes littéraires en français;0.07;0.0
mallarméen;Intermédiaire;livre;1.85;1.85;0.0;8.0;Termes littéraires en français;0.07;0.0
matutinal;Intermédiaire;livre;1.85;1.85;0.0;8.0;Termes littéraires en français;0.07;0.0
mercuriale;Intermédiaire;livre;1.85;1.85;0.0;8.0;Termes littéraires en français;0.07;0.0
muser;Intermédiaire;livre;1.85;1.85;2.0;0.73;Termes littéraires en français;0.07;0.1
nautonier;Intermédiaire;livre;1.85;1.85;0.0;8.0;Termes poétiques en français;0.07;0.0
nitre;Intermédiaire;film;1.85;0.0;1.85;0.12;"Termes littéraires en français; Termes poétiques en français";0.0;0.07
oaristys;Intermédiaire;livre;1.85;1.85;0.0;8.0;Termes littéraires en français;0.07;0.0
pagure;Intermédiaire;livre;1.85;1.85;0.0;8.0;Termes soutenus en français;0.07;0.0
paronomasie;Intermédiaire;livre;1.85;1.85;0.0;8.0;Termes archaïques en français;0.07;0.0
poussinière;Intermédiaire;livre;1.85;1.85;0.0;8.0;Termes poétiques en français;0.07;0.0
pulser;Intermédiaire;livre;1.85;1.85;2.04;0.67;Termes littéraires en français;0.07;0.11
pulvérulence;Intermédiaire;livre;1.85;1.85;0.0;8.0;"Termes soutenus en français; Termes littéraires en français";0.07;0.0
recru;Intermédiaire;livre;1.85;1.85;0.0;8.0;"Termes soutenus en français; Termes littéraires en français";0.07;0.0
sangler;Intermédiaire;livre;1.85;1.85;1.85;1.0;Termes archaïques en français;0.07;0.07
saphisme;Intermédiaire;livre;1.85;1.85;0.0;8.0;Termes littéraires en français;0.07;0.0
seing;Intermédiaire;livre;1.85;1.85;1.0;4.0;Termes archaïques en français;0.07;0.01
septante;Intermédiaire;livre;1.85;1.85;0.0;8.0;Termes archaïques en français;0.07;0.0
septentrion;Intermédiaire;livre;1.85;1.85;2.2;0.47;Termes soutenus en français;0.07;0.16
sicaire;Intermédiaire;livre;1.85;1.85;0.0;8.0;Termes littéraires en français;0.07;0.0
signifiance;Intermédiaire;livre;1.85;1.85;2.15;0.53;Termes littéraires en français;0.07;0.14
smaragdin;Intermédiaire;livre;1.85;1.85;0.0;8.0;Termes littéraires en français;0.07;0.0
socque;Intermédiaire;livre;1.85;1.85;0.0;8.0;Termes soutenus en français;0.07;0.0
surréel;Intermédiaire;livre;1.85;1.85;1.6;1.6;Termes littéraires en français;0.07;0.04
tablature;Intermédiaire;livre;1.85;1.85;0.0;8.0;Termes archaïques en français;0.07;0.0
tigrure;Intermédiaire;livre;1.85;1.85;0.0;8.0;Termes soutenus en français;0.07;0.0
tintinnabulement;Intermédiaire;livre;1.85;1.85;0.0;8.0;Termes littéraires en français;0.07;0.0
trémuler;Intermédiaire;livre;1.85;1.85;0.0;8.0;Termes littéraires en français;0.07;0.0
unanimisme;Intermédiaire;livre;1.85;1.85;0.0;8.0;Termes littéraires en français;0.07;0.0
uranisme;Intermédiaire;livre;1.85;1.85;0.0;8.0;Termes littéraires en français;0.07;0.0
varia;Intermédiaire;livre;1.85;1.85;1.3;2.67;Termes littéraires en français;0.07;0.02
vaticination;Intermédiaire;livre;1.85;1.85;0.0;8.0;Termes littéraires en français;0.07;0.0
vermisseau;Intermédiaire;livre;1.85;1.85;2.46;0.27;Termes littéraires en français;0.07;0.29
vespéral;Intermédiaire;livre;1.85;1.85;0.0;8.0;Termes soutenus en français;0.07;0.0
vulpin;Intermédiaire;livre;1.85;1.85;0.0;8.0;Termes soutenus en français;0.07;0.0
éon;Intermédiaire;film;1.85;0.0;1.85;0.12;Termes littéraires en français;0.0;0.07
éonisme;Intermédiaire;livre;1.85;1.85;0.0;8.0;Termes littéraires en français;0.07;0.0
éployer;Intermédiaire;livre;1.85;1.85;0.0;8.0;Termes littéraires en français;0.07;0.0
circonstanciel;Intermédiaire;film;1.7;0.0;1.7;0.17;Termes soutenus en français;0.0;0.05
placentaire;Intermédiaire;film;1.6;0.0;1.6;0.2;Termes littéraires en français;0.0;0.04
vigil;Intermédiaire;film;1.6;0.0;1.6;0.2;Termes archaïques en français;0.0;0.04
comma;Expert;film;1.48;0.0;1.48;0.25;Termes archaïques en français;0.0;0.03
résoluble;Expert;film;1.48;0.0;1.48;0.25;Termes archaïques en français;0.0;0.03
accidenter;Expert;film;1.3;0.0;1.3;0.33;Termes littéraires en français;0.0;0.02
acrimonieux;Expert;film;1.3;0.0;1.3;0.33;Termes soutenus en français;0.0;0.02
brand;Expert;film;1.3;0.0;1.3;0.33;Termes archaïques en français;0.0;0.02
inclément;Expert;film;1.3;0.0;1.3;0.33;Termes soutenus en français;0.0;0.02
quantième;Expert;film;1.3;0.0;1.3;0.33;Termes littéraires en français;0.0;0.02
ratiocination;Expert;film;1.3;0.0;1.3;0.33;Termes littéraires en français;0.0;0.02
sidérer;Expert;film;1.3;0.0;1.3;0.33;Termes soutenus en français;0.0;0.02
sélénite;Expert;film;1.3;0.0;1.3;0.33;Termes littéraires en français;0.0;0.02
uraniste;Expert;film;1.3;0.0;1.3;0.33;Termes littéraires en français;0.0;0.02
Adon;Expert;film;1.0;0.0;1.0;0.5;Termes poétiques en français;0.0;0.01
albe;Expert;film;1.0;0.0;1.0;0.5;Termes littéraires en français;0.0;0.01
cryptique;Expert;film;1.0;0.0;1.0;0.5;Termes soutenus en français;0.0;0.01
félinité;Expert;film;1.0;0.0;1.0;0.5;Termes littéraires en français;0.0;0.01
gramen;Expert;film;1.0;0.0;1.0;0.5;Termes littéraires en français;0.0;0.01
monder;Expert;film;1.0;0.0;1.0;0.5;Termes littéraires en français;0.0;0.01
solipsisme;Expert;film;1.0;0.0;1.0;0.5;Termes littéraires en français;0.0;0.01
synesthésie;Expert;film;1.0;0.0;1.0;0.5;Termes littéraires en français;0.0;0.01
vergeture;Expert;film;1.0;0.0;1.0;0.5;Termes littéraires en français;0.0;0.01
Achéron;À retraiter;aucun;0.0;0.0;0.0;1.0;Termes poétiques en français;0.0;0.0
Agaréenne;À retraiter;aucun;0.0;0.0;0.0;1.0;Termes littéraires en français;0.0;0.0
Albion;À retraiter;aucun;0.0;0.0;0.0;1.0;Termes poétiques en français;0.0;0.0
Alepin;À retraiter;aucun;0.0;0.0;0.0;1.0;Termes archaïques en français;0.0;0.0
Anaïde;À retraiter;aucun;0.0;0.0;0.0;1.0;Termes archaïques en français;0.0;0.0
Anaïtis;À retraiter;aucun;0.0;0.0;0.0;1.0;Termes archaïques en français;0.0;0.0
Anglois;À retraiter;aucun;0.0;0.0;0.0;1.0;Termes archaïques en français;0.0;0.0
Anschluss;À retraiter;aucun;0.0;0.0;0.0;1.0;Termes soutenus en français;0.0;0.0
Arcadie;À retraiter;aucun;0.0;0.0;0.0;1.0;Termes poétiques en français;0.0;0.0
Armes;À retraiter;aucun;0.0;0.0;0.0;1.0;Termes archaïques en français;0.0;0.0
Arya;À retraiter;aucun;0.0;0.0;0.0;1.0;Termes archaïques en français;0.0;0.0
Averne;À retraiter;aucun;0.0;0.0;0.0;1.0;Termes poétiques en français;0.0;0.0
Bacchus;À retraiter;aucun;0.0;0.0;0.0;1.0;Termes poétiques en français;0.0;0.0
Bernarde;À retraiter;aucun;0.0;0.0;0.0;1.0;Termes archaïques en français;0.0;0.0
Bignoniacées;À retraiter;aucun;0.0;0.0;0.0;1.0;Termes soutenus en français;0.0;0.0
Bogny;À retraiter;aucun;0.0;0.0;0.0;1.0;Termes archaïques en français;0.0;0.0
Boristhène;À retraiter;aucun;0.0;0.0;0.0;1.0;Termes archaïques en français;0.0;0.0
Bretaigne;À retraiter;aucun;0.0;0.0;0.0;1.0;Termes archaïques en français;0.0;0.0
Bætique;À retraiter;aucun;0.0;0.0;0.0;1.0;Termes archaïques en français;0.0;0.0
Bœotie;À retraiter;aucun;0.0;0.0;0.0;1.0;Termes archaïques en français;0.0;0.0
CET;À retraiter;aucun;0.0;0.0;0.0;1.0;Termes soutenus en français;0.0;0.0
Cambaluc;À retraiter;aucun;0.0;0.0;0.0;1.0;Termes archaïques en français;0.0;0.0
Canossa;À retraiter;aucun;0.0;0.0;0.0;1.0;Termes soutenus en français;0.0;0.0
Capoue;À retraiter;aucun;0.0;0.0;0.0;1.0;Termes littéraires en français;0.0;0.0
Charbonnelle;À retraiter;aucun;0.0;0.0;0.0;1.0;Termes archaïques en français;0.0;0.0
Chæronée;À retraiter;aucun;0.0;0.0;0.0;1.0;Termes archaïques en français;0.0;0.0
Cochin;À retraiter;aucun;0.0;0.0;0.0;1.0;Termes archaïques en français;0.0;0.0
Colossée;À retraiter;aucun;0.0;0.0;0.0;1.0;Termes archaïques en français;0.0;0.0
Crissé;À retraiter;aucun;0.0;0.0;0.0;1.0;Termes archaïques en français;0.0;0.0
Crœsus;À retraiter;aucun;0.0;0.0;0.0;1.0;Termes archaïques en français;0.0;0.0
Cæsar;À retraiter;aucun;0.0;0.0;0.0;1.0;Termes archaïques en français;0.0;0.0
Cæsarée;À retraiter;aucun;0.0;0.0;0.0;1.0;Termes archaïques en français;0.0;0.0
Cérès;À retraiter;aucun;0.0;0.0;0.0;1.0;Termes poétiques en français;0.0;0.0
Daphnis;À retraiter;aucun;0.0;0.0;0.0;1.0;Termes littéraires en français;0.0;0.0
Dorine;À retraiter;aucun;0.0;0.0;0.0;1.0;Termes littéraires en français;0.0;0.0
Durande;À retraiter;aucun;0.0;0.0;0.0;1.0;Termes archaïques en français;0.0;0.0
Elmire;À retraiter;aucun;0.0;0.0;0.0;1.0;Termes littéraires en français;0.0;0.0
Epnon;À retraiter;aucun;0.0;0.0;0.0;1.0;Termes archaïques en français;0.0;0.0
Eubœe;À retraiter;aucun;0.0;0.0;0.0;1.0;Termes archaïques en français;0.0;0.0
Faublas;À retraiter;aucun;0.0;0.0;0.0;1.0;Termes littéraires en français;0.0;0.0
Françoys;À retraiter;aucun;0.0;0.0;0.0;1.0;Termes archaïques en français;0.0;0.0
Fresnoy;À retraiter;aucun;0.0;0.0;0.0;1.0;Termes archaïques en français;0.0;0.0
Frénoy;À retraiter;aucun;0.0;0.0;0.0;1.0;Termes archaïques en français;0.0;0.0
Galatée;À retraiter;aucun;0.0;0.0;0.0;1.0;Termes littéraires en français;0.0;0.0
Gambier;À retraiter;aucun;0.0;0.0;0.0;1.0;Termes littéraires en français;0.0;0.0
Graminées;À retraiter;aucun;0.0;0.0;0.0;1.0;Termes soutenus en français;0.0;0.0
Græce;À retraiter;aucun;0.0;0.0;0.0;1.0;Termes archaïques en français;0.0;0.0
Hayti;À retraiter;aucun;0.0;0.0;0.0;1.0;Termes archaïques en français;0.0;0.0
Hebraïcque;À retraiter;aucun;0.0;0.0;0.0;1.0;Termes archaïques en français;0.0;0.0
Helvétie;À retraiter;aucun;0.0;0.0;0.0;1.0;Termes poétiques en français;0.0;0.0
Herschel;À retraiter;aucun;0.0;0.0;0.0;1.0;Termes archaïques en français;0.0;0.0
Herschell;À retraiter;aucun;0.0;0.0;0.0;1.0;Termes archaïques en français;0.0;0.0
Hespagne;À retraiter;aucun;0.0;0.0;0.0;1.0;Termes archaïques en français;0.0;0.0
Hippocrate;À retraiter;aucun;0.0;0.0;0.0;1.0;Termes poétiques en français;0.0;0.0
Hippocrates;À retraiter;aucun;0.0;0.0;0.0;1.0;Termes poétiques en français;0.0;0.0
Hypapante;À retraiter;aucun;0.0;0.0;0.0;1.0;Termes archaïques en français;0.0;0.0
Iliade;À retraiter;aucun;0.0;0.0;0.0;1.0;Termes littéraires en français;0.0;0.0
Issel;À retraiter;aucun;0.0;0.0;0.0;1.0;Termes archaïques en français;0.0;0.0
Jemmapes;À retraiter;aucun;0.0;0.0;0.0;1.0;Termes archaïques en français;0.0;0.0
Kachélie;À retraiter;aucun;0.0;0.0;0.0;1.0;Termes archaïques en français;0.0;0.0
Lagide;À retraiter;aucun;0.0;0.0;0.0;1.0;Termes poétiques en français;0.0;0.0
Lamiacées;À retraiter;aucun;0.0;0.0;0.0;1.0;Termes soutenus en français;0.0;0.0
Libreville;À retraiter;aucun;0.0;0.0;0.0;1.0;Termes archaïques en français;0.0;0.0
Linarde;À retraiter;aucun;0.0;0.0;0.0;1.0;Termes archaïques en français;0.0;0.0
Liége;À retraiter;aucun;0.0;0.0;0.0;1.0;Termes archaïques en français;0.0;0.0
Léthé;À retraiter;aucun;0.0;0.0;0.0;1.0;Termes poétiques en français;0.0;0.0
Malthe;À retraiter;aucun;0.0;0.0;0.0;1.0;Termes archaïques en français;0.0;0.0
Masméjan;À retraiter;aucun;0.0;0.0;0.0;1.0;Termes archaïques en français;0.0;0.0
Monomaque;À retraiter;aucun;0.0;0.0;0.0;1.0;Termes poétiques en français;0.0;0.0
Morienne;À retraiter;aucun;0.0;0.0;0.0;1.0;Termes archaïques en français;0.0;0.0
Morvand;À retraiter;aucun;0.0;0.0;0.0;1.0;Termes archaïques en français;0.0;0.0
Nabiri;À retraiter;aucun;0.0;0.0;0.0;1.0;Termes archaïques en français;0.0;0.0
Nanci;À retraiter;aucun;0.0;0.0;0.0;1.0;Termes archaïques en français;0.0;0.0
Neptune;À retraiter;aucun;0.0;0.0;0.0;1.0;Termes poétiques en français;0.0;0.0
Nivernois;À retraiter;aucun;0.0;0.0;0.0;1.0;Termes archaïques en français;0.0;0.0
Ourse;À retraiter;aucun;0.0;0.0;0.0;1.0;Termes poétiques en français;0.0;0.0
Pade;À retraiter;aucun;0.0;0.0;0.0;1.0;Termes archaïques en français;0.0;0.0
Palæstine;À retraiter;aucun;0.0;0.0;0.0;1.0;Termes archaïques en français;0.0;0.0
Philomèle;À retraiter;aucun;0.0;0.0;0.0;1.0;Termes poétiques en français;0.0;0.0
Philomène;À retraiter;aucun;0.0;0.0;0.0;1.0;Termes poétiques en français;0.0;0.0
Phébus;À retraiter;aucun;0.0;0.0;0.0;1.0;Termes poétiques en français;0.0;0.0
Phœnicie;À retraiter;aucun;0.0;0.0;0.0;1.0;Termes archaïques en français;0.0;0.0
Pinde;À retraiter;aucun;0.0;0.0;0.0;1.0;Termes poétiques en français;0.0;0.0
Progné;À retraiter;aucun;0.0;0.0;0.0;1.0;Termes poétiques en français;0.0;0.0
Prusco;À retraiter;aucun;0.0;0.0;0.0;1.0;Termes archaïques en français;0.0;0.0
Rheims;À retraiter;aucun;0.0;0.0;0.0;1.0;Termes archaïques en français;0.0;0.0
Rhætie;À retraiter;aucun;0.0;0.0;0.0;1.0;Termes archaïques en français;0.0;0.0
Rosacées;À retraiter;aucun;0.0;0.0;0.0;1.0;Termes soutenus en français;0.0;0.0
Rutacées;À retraiter;aucun;0.0;0.0;0.0;1.0;Termes soutenus en français;0.0;0.0
Sabrine;À retraiter;aucun;0.0;0.0;0.0;1.0;Termes archaïques en français;0.0;0.0
Sogdian;À retraiter;aucun;0.0;0.0;0.0;1.0;Termes archaïques en français;0.0;0.0
Solarien;À retraiter;aucun;0.0;0.0;0.0;1.0;Termes littéraires en français;0.0;0.0
Solyme;À retraiter;aucun;0.0;0.0;0.0;1.0;Termes poétiques en français;0.0;0.0
Strasbourg;À retraiter;aucun;0.0;0.0;0.0;1.0;Termes archaïques en français;0.0;0.0
Suessonien;À retraiter;aucun;0.0;0.0;0.0;1.0;Termes archaïques en français;0.0;0.0
Sylphirie;À retraiter;aucun;0.0;0.0;0.0;1.0;Termes poétiques en français;0.0;0.0
Sédan;À retraiter;aucun;0.0;0.0;0.0;1.0;Termes archaïques en français;0.0;0.0
Tartuffe;À retraiter;aucun;0.0;0.0;0.0;1.0;Termes littéraires en français;0.0;0.0
Tristan;À retraiter;aucun;0.0;0.0;0.0;1.0;Termes littéraires en français;0.0;0.0
Ténare;À retraiter;aucun;0.0;0.0;0.0;1.0;Termes poétiques en français;0.0;0.0
Vaillante;À retraiter;aucun;0.0;0.0;0.0;1.0;Termes archaïques en français;0.0;0.0
Vimy;À retraiter;aucun;0.0;0.0;0.0;1.0;Termes archaïques en français;0.0;0.0
Yvois;À retraiter;aucun;0.0;0.0;0.0;1.0;Termes archaïques en français;0.0;0.0
Zwin;À retraiter;aucun;0.0;0.0;0.0;1.0;Termes archaïques en français;0.0;0.0
abaisseur;À retraiter;aucun;0.0;0.0;0.0;1.0;Termes archaïques en français;0.0;0.0
abander;À retraiter;aucun;0.0;0.0;0.0;1.0;Termes archaïques en français;0.0;0.0
abbreivateur;À retraiter;aucun;0.0;0.0;0.0;1.0;Termes archaïques en français;0.0;0.0
abbreuver;À retraiter;aucun;0.0;0.0;0.0;1.0;Termes archaïques en français;0.0;0.0
abcisse;À retraiter;aucun;0.0;0.0;0.0;1.0;Termes archaïques en français;0.0;0.0
abjet;À retraiter;aucun;0.0;0.0;0.0;1.0;Termes archaïques en français;0.0;0.0
absalonien;À retraiter;aucun;0.0;0.0;0.0;1.0;Termes littéraires en français;0.0;0.0
absconder;À retraiter;aucun;0.0;0.0;0.0;1.0;Termes archaïques en français;0.0;0.0
absconser;À retraiter;aucun;0.0;0.0;0.0;1.0;Termes archaïques en français;0.0;0.0
absynthe;À retraiter;aucun;0.0;0.0;0.0;1.0;Termes archaïques en français;0.0;0.0
abuseresse;À retraiter;aucun;0.0;0.0;0.0;1.0;Termes archaïques en français;0.0;0.0
abysme;À retraiter;aucun;0.0;0.0;0.0;1.0;Termes archaïques en français;0.0;0.0
abysmer;À retraiter;aucun;0.0;0.0;0.0;1.0;Termes archaïques en français;0.0;0.0
acarin;À retraiter;aucun;0.0;0.0;0.0;1.0;Termes archaïques en français;0.0;0.0
accipitridé;À retraiter;aucun;0.0;0.0;0.0;1.0;Termes soutenus en français;0.0;0.0
accipitriforme;À retraiter;aucun;0.0;0.0;0.0;1.0;Termes soutenus en français;0.0;0.0
accoquiner;À retraiter;aucun;0.0;0.0;0.0;1.0;Termes archaïques en français;0.0;0.0
accordance;À retraiter;aucun;0.0;0.0;0.0;1.0;Termes littéraires en français;0.0;0.0
accravanter;À retraiter;aucun;0.0;0.0;0.0;1.0;Termes archaïques en français;0.0;0.0
acnéique;À retraiter;aucun;0.0;0.0;0.0;1.0;Termes littéraires en français;0.0;0.0
acommoder;À retraiter;aucun;0.0;0.0;0.0;1.0;Termes archaïques en français;0.0;0.0
acquiescence;À retraiter;aucun;0.0;0.0;0.0;1.0;Termes littéraires en français;0.0;0.0
acribie;À retraiter;aucun;0.0;0.0;0.0;1.0;Termes littéraires en français;0.0;0.0
acrimonial;À retraiter;aucun;0.0;0.0;0.0;1.0;Termes archaïques en français;0.0;0.0
actifve;À retraiter;aucun;0.0;0.0;0.0;1.0;Termes archaïques en français;0.0;0.0
acuïté;À retraiter;aucun;0.0;0.0;0.0;1.0;Termes archaïques en français;0.0;0.0
adelphal;À retraiter;aucun;0.0;0.0;0.0;1.0;Termes soutenus en français;0.0;0.0
adhærer;À retraiter;aucun;0.0;0.0;0.0;1.0;Termes archaïques en français;0.0;0.0
adhæsion;À retraiter;aucun;0.0;0.0;0.0;1.0;Termes archaïques en français;0.0;0.0
adhération;À retraiter;aucun;0.0;0.0;0.0;1.0;Termes archaïques en français;0.0;0.0
adjouster;À retraiter;aucun;0.0;0.0;0.0;1.0;Termes archaïques en français;0.0;0.0
admonétation;À retraiter;aucun;0.0;0.0;0.0;1.0;Termes archaïques en français;0.0;0.0
adonc;À retraiter;aucun;0.0;0.0;0.0;1.0;Termes archaïques en français;0.0;0.0
adoncques;À retraiter;aucun;0.0;0.0;0.0;1.0;Termes archaïques en français;0.0;0.0
advenance;À retraiter;aucun;0.0;0.0;0.0;1.0;Termes soutenus en français;0.0;0.0
aedicule;À retraiter;aucun;0.0;0.0;0.0;1.0;Termes archaïques en français;0.0;0.0
aegothélidé;À retraiter;aucun;0.0;0.0;0.0;1.0;Termes soutenus en français;0.0;0.0
affaneur;À retraiter;aucun;0.0;0.0;0.0;1.0;Termes archaïques en français;0.0;0.0
agaréen;À retraiter;aucun;0.0;0.0;0.0;1.0;Termes littéraires en français;0.0;0.0
aggrandir;À retraiter;aucun;0.0;0.0;0.0;1.0;Termes archaïques en français;0.0;0.0
aggrégat;À retraiter;aucun;0.0;0.0;0.0;1.0;Termes archaïques en français;0.0;0.0
aggrégation;À retraiter;aucun;0.0;0.0;0.0;1.0;Termes archaïques en français;0.0;0.0
aggréger;À retraiter;aucun;0.0;0.0;0.0;1.0;Termes archaïques en français;0.0;0.0
aglutination;À retraiter;aucun;0.0;0.0;0.0;1.0;Termes archaïques en français;0.0;0.0
agrapher;À retraiter;aucun;0.0;0.0;0.0;1.0;Termes archaïques en français;0.0;0.0
agravation;À retraiter;aucun;0.0;0.0;0.0;1.0;Termes archaïques en français;0.0;0.0
agréement;À retraiter;aucun;0.0;0.0;0.0;1.0;Termes archaïques en français;0.0;0.0
aheurter;À retraiter;aucun;0.0;0.0;0.0;1.0;Termes littéraires en français;0.0;0.0
aigail;À retraiter;aucun;0.0;0.0;0.0;1.0;Termes poétiques en français;0.0;0.0
aimeur;À retraiter;aucun;0.0;0.0;0.0;1.0;Termes littéraires en français;0.0;0.0
aimeuse;À retraiter;aucun;0.0;0.0;0.0;1.0;Termes littéraires en français;0.0;0.0
ajoûter;À retraiter;aucun;0.0;0.0;0.0;1.0;Termes archaïques en français;0.0;0.0
alburostre;À retraiter;aucun;0.0;0.0;0.0;1.0;Termes littéraires en français;0.0;0.0
alcidé;À retraiter;aucun;0.0;0.0;0.0;1.0;Termes soutenus en français;0.0;0.0
alcédinidé;À retraiter;aucun;0.0;0.0;0.0;1.0;Termes soutenus en français;0.0;0.0
alentour;À retraiter;aucun;0.0;0.0;0.0;1.0;Termes littéraires en français;0.0;0.0
algolagnie;À retraiter;aucun;0.0;0.0;0.0;1.0;Termes soutenus en français;0.0;0.0
alinéaire;À retraiter;aucun;0.0;0.0;0.0;1.0;Termes littéraires en français;0.0;0.0
alkalin;À retraiter;aucun;0.0;0.0;0.0;1.0;Termes archaïques en français;0.0;0.0
alkaline;À retraiter;aucun;0.0;0.0;0.0;1.0;Termes archaïques en français;0.0;0.0
alkalines;À retraiter;aucun;0.0;0.0;0.0;1.0;Termes archaïques en français;0.0;0.0
alkalins;À retraiter;aucun;0.0;0.0;0.0;1.0;Termes archaïques en français;0.0;0.0
alliciant;À retraiter;aucun;0.0;0.0;0.0;1.0;Termes littéraires en français;0.0;0.0
allicier;À retraiter;aucun;0.0;0.0;0.0;1.0;Termes littéraires en français;0.0;0.0
alligner;À retraiter;aucun;0.0;0.0;0.0;1.0;Termes archaïques en français;0.0;0.0
allœopathie;À retraiter;aucun;0.0;0.0;0.0;1.0;Termes archaïques en français;0.0;0.0
alque;À retraiter;aucun;0.0;0.0;0.0;1.0;Termes soutenus en français;0.0;0.0
amade;À retraiter;aucun;0.0;0.0;0.0;1.0;Termes archaïques en français;0.0;0.0
ambage;À retraiter;aucun;0.0;0.0;0.0;1.0;Termes poétiques en français;0.0;0.0
ambedeux;À retraiter;aucun;0.0;0.0;0.0;1.0;Termes archaïques en français;0.0;0.0
amertumer;À retraiter;aucun;0.0;0.0;0.0;1.0;Termes soutenus en français;0.0;0.0
amoureaux;À retraiter;aucun;0.0;0.0;0.0;1.0;Termes poétiques en français;0.0;0.0
amphiblesthroïde;À retraiter;aucun;0.0;0.0;0.0;1.0;Termes archaïques en français;0.0;0.0
amphibraque;À retraiter;aucun;0.0;0.0;0.0;1.0;Termes poétiques en français;0.0;0.0
amphisbæne;À retraiter;aucun;0.0;0.0;0.0;1.0;Termes archaïques en français;0.0;0.0
amphitryonne;À retraiter;aucun;0.0;0.0;0.0;1.0;Termes soutenus en français;0.0;0.0
amuïr;À retraiter;aucun;0.0;0.0;0.0;1.0;Termes littéraires en français;0.0;0.0
amœbe;À retraiter;aucun;0.0;0.0;0.0;1.0;Termes archaïques en français;0.0;0.0
amœbien;À retraiter;aucun;0.0;0.0;0.0;1.0;Termes archaïques en français;0.0;0.0
amœbiforme;À retraiter;aucun;0.0;0.0;0.0;1.0;Termes archaïques en français;0.0;0.0
amœbocyte;À retraiter;aucun;0.0;0.0;0.0;1.0;Termes archaïques en français;0.0;0.0
amœboïde;À retraiter;aucun;0.0;0.0;0.0;1.0;Termes archaïques en français;0.0;0.0
amœne;À retraiter;aucun;0.0;0.0;0.0;1.0;Termes archaïques en français;0.0;0.0
amœnité;À retraiter;aucun;0.0;0.0;0.0;1.0;Termes archaïques en français;0.0;0.0
anacribie;À retraiter;aucun;0.0;0.0;0.0;1.0;Termes littéraires en français;0.0;0.0
anacyclique;À retraiter;aucun;0.0;0.0;0.0;1.0;Termes littéraires en français;0.0;0.0
analecte;À retraiter;aucun;0.0;0.0;0.0;1.0;Termes littéraires en français;0.0;0.0
anapæste;À retraiter;aucun;0.0;0.0;0.0;1.0;Termes archaïques en français;0.0;0.0
anatidé;À retraiter;aucun;0.0;0.0;0.0;1.0;Termes soutenus en français;0.0;0.0
andiner;À retraiter;aucun;0.0;0.0;0.0;1.0;Termes archaïques en français;0.0;0.0
anhimidé;À retraiter;aucun;0.0;0.0;0.0;1.0;Termes soutenus en français;0.0;0.0
anhingidé;À retraiter;aucun;0.0;0.0;0.0;1.0;Termes soutenus en français;0.0;0.0
anil;À retraiter;aucun;0.0;0.0;0.0;1.0;Termes archaïques en français;0.0;0.0
animadversion;À retraiter;aucun;0.0;0.0;0.0;1.0;Termes littéraires en français;0.0;0.0
aniterge;À retraiter;aucun;0.0;0.0;0.0;1.0;Termes soutenus en français;0.0;0.0
annoblir;À retraiter;aucun;0.0;0.0;0.0;1.0;Termes archaïques en français;0.0;0.0
annoblissement;À retraiter;aucun;0.0;0.0;0.0;1.0;Termes archaïques en français;0.0;0.0
annonacée;À retraiter;aucun;0.0;0.0;0.0;1.0;Termes soutenus en français;0.0;0.0
anonchali;À retraiter;aucun;0.0;0.0;0.0;1.0;Termes littéraires en français;0.0;0.0
anonchalir;À retraiter;aucun;0.0;0.0;0.0;1.0;Termes littéraires en français;0.0;0.0
anséranatidé;À retraiter;aucun;0.0;0.0;0.0;1.0;Termes soutenus en français;0.0;0.0
antapodose;À retraiter;aucun;0.0;0.0;0.0;1.0;Termes littéraires en français;0.0;0.0
antenaire;À retraiter;aucun;0.0;0.0;0.0;1.0;Termes archaïques en français;0.0;0.0
anter;À retraiter;aucun;0.0;0.0;0.0;1.0;Termes archaïques en français;0.0;0.0
antidactyle;À retraiter;aucun;0.0;0.0;0.0;1.0;Termes poétiques en français;0.0;0.0
antipaste;À retraiter;aucun;0.0;0.0;0.0;1.0;Termes poétiques en français;0.0;0.0
antiquitez;À retraiter;aucun;0.0;0.0;0.0;1.0;Termes archaïques en français;0.0;0.0
antécien;À retraiter;aucun;0.0;0.0;0.0;1.0;Termes archaïques en français;0.0;0.0
anuité;À retraiter;aucun;0.0;0.0;0.0;1.0;Termes littéraires en français;0.0;0.0
anæmie;À retraiter;aucun;0.0;0.0;0.0;1.0;Termes archaïques en français;0.0;0.0
anæsthésie;À retraiter;aucun;0.0;0.0;0.0;1.0;Termes archaïques en français;0.0;0.0
apagogie;À retraiter;aucun;0.0;0.0;0.0;1.0;Termes littéraires en français;0.0;0.0
apartement;À retraiter;aucun;0.0;0.0;0.0;1.0;Termes archaïques en français;0.0;0.0
apauvrir;À retraiter;aucun;0.0;0.0;0.0;1.0;Termes archaïques en français;0.0;0.0
apert;À retraiter;aucun;0.0;0.0;0.0;1.0;Termes littéraires en français;0.0;0.0
apertement;À retraiter;aucun;0.0;0.0;0.0;1.0;Termes littéraires en français;0.0;0.0
apeurant;À retraiter;aucun;0.0;0.0;0.0;1.0;Termes soutenus en français;0.0;0.0
aphrodité;À retraiter;aucun;0.0;0.0;0.0;1.0;Termes littéraires en français;0.0;0.0
aphærese;À retraiter;aucun;0.0;0.0;0.0;1.0;Termes archaïques en français;0.0;0.0
apodidé;À retraiter;aucun;0.0;0.0;0.0;1.0;Termes soutenus en français;0.0;0.0
apodiforme;À retraiter;aucun;0.0;0.0;0.0;1.0;Termes soutenus en français;0.0;0.0
apodose;À retraiter;aucun;0.0;0.0;0.0;1.0;Termes littéraires en français;0.0;0.0
aporie;À retraiter;aucun;0.0;0.0;0.0;1.0;Termes soutenus en français;0.0;0.0
aporter;À retraiter;aucun;0.0;0.0;0.0;1.0;Termes archaïques en français;0.0;0.0
aposter;À retraiter;aucun;0.0;0.0;0.0;1.0;Termes littéraires en français;0.0;0.0
apotropée;À retraiter;aucun;0.0;0.0;0.0;1.0;Termes poétiques en français;0.0;0.0
appaiser;À retraiter;aucun;0.0;0.0;0.0;1.0;Termes archaïques en français;0.0;0.0
apparoistre;À retraiter;aucun;0.0;0.0;0.0;1.0;Termes archaïques en français;0.0;0.0
apparoître;À retraiter;aucun;0.0;0.0;0.0;1.0;Termes archaïques en français;0.0;0.0
appeller;À retraiter;aucun;0.0;0.0;0.0;1.0;Termes archaïques en français;0.0;0.0
apprentif;À retraiter;aucun;0.0;0.0;0.0;1.0;Termes archaïques en français;0.0;0.0
apprentis;À retraiter;aucun;0.0;0.0;0.0;1.0;Termes archaïques en français;0.0;0.0
apprentisse;À retraiter;aucun;0.0;0.0;0.0;1.0;Termes archaïques en français;0.0;0.0
apprentive;À retraiter;aucun;0.0;0.0;0.0;1.0;Termes archaïques en français;0.0;0.0
aprilin;À retraiter;aucun;0.0;0.0;0.0;1.0;Termes littéraires en français;0.0;0.0
aprés;À retraiter;aucun;0.0;0.0;0.0;1.0;Termes archaïques en français;0.0;0.0
aptérygidé;À retraiter;aucun;0.0;0.0;0.0;1.0;Termes soutenus en français;0.0;0.0
aptérygiforme;À retraiter;aucun;0.0;0.0;0.0;1.0;Termes soutenus en français;0.0;0.0
arabesse;À retraiter;aucun;0.0;0.0;0.0;1.0;Termes archaïques en français;0.0;0.0
aragne;À retraiter;aucun;0.0;0.0;0.0;1.0;Termes archaïques en français;0.0;0.0
araignez;À retraiter;aucun;0.0;0.0;0.0;1.0;Termes archaïques en français;0.0;0.0
aramidé;À retraiter;aucun;0.0;0.0;0.0;1.0;Termes soutenus en français;0.0;0.0
aranéen;À retraiter;aucun;0.0;0.0;0.0;1.0;Termes poétiques en français;0.0;0.0
araucariacée;À retraiter;aucun;0.0;0.0;0.0;1.0;Termes soutenus en français;0.0;0.0
arbalestrille;À retraiter;aucun;0.0;0.0;0.0;1.0;Termes archaïques en français;0.0;0.0
arcbutant;À retraiter;aucun;0.0;0.0;0.0;1.0;Termes archaïques en français;0.0;0.0
archerot;À retraiter;aucun;0.0;0.0;0.0;1.0;Termes poétiques en français;0.0;0.0
archiacolythe;À retraiter;aucun;0.0;0.0;0.0;1.0;Termes archaïques en français;0.0;0.0
archæographe;À retraiter;aucun;0.0;0.0;0.0;1.0;Termes archaïques en français;0.0;0.0
archæographie;À retraiter;aucun;0.0;0.0;0.0;1.0;Termes archaïques en français;0.0;0.0
archæologie;À retraiter;aucun;0.0;0.0;0.0;1.0;Termes archaïques en français;0.0;0.0
archæologique;À retraiter;aucun;0.0;0.0;0.0;1.0;Termes archaïques en français;0.0;0.0
archæologue;À retraiter;aucun;0.0;0.0;0.0;1.0;Termes archaïques en français;0.0;0.0
ardéidé;À retraiter;aucun;0.0;0.0;0.0;1.0;Termes soutenus en français;0.0;0.0
argentement;À retraiter;aucun;0.0;0.0;0.0;1.0;Termes littéraires en français;0.0;0.0
argille;À retraiter;aucun;0.0;0.0;0.0;1.0;Termes archaïques en français;0.0;0.0
argutieusement;À retraiter;aucun;0.0;0.0;0.0;1.0;Termes littéraires en français;0.0;0.0
armoniac;À retraiter;aucun;0.0;0.0;0.0;1.0;Termes archaïques en français;0.0;0.0
arriérages;À retraiter;aucun;0.0;0.0;0.0;1.0;Termes archaïques en français;0.0;0.0
arsis;À retraiter;aucun;0.0;0.0;0.0;1.0;Termes poétiques en français;0.0;0.0
artificieux;À retraiter;aucun;0.0;0.0;0.0;1.0;Termes littéraires en français;0.0;0.0
aræometre;À retraiter;aucun;0.0;0.0;0.0;1.0;Termes archaïques en français;0.0;0.0
asne;À retraiter;aucun;0.0;0.0;0.0;1.0;Termes archaïques en français;0.0;0.0
asnerie;À retraiter;aucun;0.0;0.0;0.0;1.0;Termes archaïques en français;0.0;0.0
asnesse;À retraiter;aucun;0.0;0.0;0.0;1.0;Termes archaïques en français;0.0;0.0
asnon;À retraiter;aucun;0.0;0.0;0.0;1.0;Termes archaïques en français;0.0;0.0
asnonner;À retraiter;aucun;0.0;0.0;0.0;1.0;Termes archaïques en français;0.0;0.0
aspreté;À retraiter;aucun;0.0;0.0;0.0;1.0;Termes archaïques en français;0.0;0.0
asseoiement;À retraiter;aucun;0.0;0.0;0.0;1.0;Termes poétiques en français;0.0;0.0
asseurance;À retraiter;aucun;0.0;0.0;0.0;1.0;Termes archaïques en français;0.0;0.0
asseurement;À retraiter;aucun;0.0;0.0;0.0;1.0;Termes archaïques en français;0.0;0.0
asseurer;À retraiter;aucun;0.0;0.0;0.0;1.0;Termes archaïques en français;0.0;0.0
assujétir;À retraiter;aucun;0.0;0.0;0.0;1.0;Termes archaïques en français;0.0;0.0
astéïsme;À retraiter;aucun;0.0;0.0;0.0;1.0;Termes littéraires en français;0.0;0.0
athenæe;À retraiter;aucun;0.0;0.0;0.0;1.0;Termes archaïques en français;0.0;0.0
atmosphære;À retraiter;aucun;0.0;0.0;0.0;1.0;Termes archaïques en français;0.0;0.0
attiédi;À retraiter;aucun;0.0;0.0;0.0;1.0;Termes littéraires en français;0.0;0.0
auctrice;À retraiter;aucun;0.0;0.0;0.0;1.0;Termes archaïques en français;0.0;0.0
aucun;À retraiter;aucun;0.0;0.0;0.0;1.0;Termes littéraires en français;0.0;0.0
augmentateur;À retraiter;aucun;0.0;0.0;0.0;1.0;Termes littéraires en français;0.0;0.0
aumant;À retraiter;aucun;0.0;0.0;0.0;1.0;Termes archaïques en français;0.0;0.0
aure;À retraiter;aucun;0.0;0.0;0.0;1.0;Termes archaïques en français;0.0;0.0
aureillon;À retraiter;aucun;0.0;0.0;0.0;1.0;Termes archaïques en français;0.0;0.0
aussitost;À retraiter;aucun;0.0;0.0;0.0;1.0;Termes archaïques en français;0.0;0.0
autarchique;À retraiter;aucun;0.0;0.0;0.0;1.0;Termes archaïques en français;0.0;0.0
autheur;À retraiter;aucun;0.0;0.0;0.0;1.0;Termes archaïques en français;0.0;0.0
authrice;À retraiter;aucun;0.0;0.0;0.0;1.0;Termes archaïques en français;0.0;0.0
autochtonyme;À retraiter;aucun;0.0;0.0;0.0;1.0;Termes soutenus en français;0.0;0.0
auxcrinier;À retraiter;aucun;0.0;0.0;0.0;1.0;Termes littéraires en français;0.0;0.0
avalange;À retraiter;aucun;0.0;0.0;0.0;1.0;Termes archaïques en français;0.0;0.0
avanture;À retraiter;aucun;0.0;0.0;0.0;1.0;Termes archaïques en français;0.0;0.0
avecques;À retraiter;aucun;0.0;0.0;0.0;1.0;Termes archaïques en français;0.0;0.0
avette;À retraiter;aucun;0.0;0.0;0.0;1.0;Termes poétiques en français;0.0;0.0
ay;À retraiter;aucun;0.0;0.0;0.0;1.0;Termes archaïques en français;0.0;0.0
ayde;À retraiter;aucun;0.0;0.0;0.0;1.0;Termes archaïques en français;0.0;0.0
aye;À retraiter;aucun;0.0;0.0;0.0;1.0;Termes archaïques en français;0.0;0.0
azotate;À retraiter;aucun;0.0;0.0;0.0;1.0;Termes archaïques en français;0.0;0.0
azoteux;À retraiter;aucun;0.0;0.0;0.0;1.0;Termes archaïques en français;0.0;0.0
azotite;À retraiter;aucun;0.0;0.0;0.0;1.0;Termes archaïques en français;0.0;0.0
azurer;À retraiter;aucun;0.0;0.0;0.0;1.0;Termes poétiques en français;0.0;0.0
azuréen;À retraiter;aucun;0.0;0.0;0.0;1.0;Termes littéraires en français;0.0;0.0
babiner;À retraiter;aucun;0.0;0.0;0.0;1.0;Termes archaïques en français;0.0;0.0
bajocco;À retraiter;aucun;0.0;0.0;0.0;1.0;Termes archaïques en français;0.0;0.0
baladoire;À retraiter;aucun;0.0;0.0;0.0;1.0;Termes archaïques en français;0.0;0.0
balane;À retraiter;aucun;0.0;0.0;0.0;1.0;Termes littéraires en français;0.0;0.0
balaénicipitidé;À retraiter;aucun;0.0;0.0;0.0;1.0;Termes soutenus en français;0.0;0.0
balconier;À retraiter;aucun;0.0;0.0;0.0;1.0;Termes archaïques en français;0.0;0.0
balencer;À retraiter;aucun;0.0;0.0;0.0;1.0;Termes archaïques en français;0.0;0.0
balier;À retraiter;aucun;0.0;0.0;0.0;1.0;Termes archaïques en français;0.0;0.0
baliure;À retraiter;aucun;0.0;0.0;0.0;1.0;Termes archaïques en français;0.0;0.0
bandier;À retraiter;aucun;0.0;0.0;0.0;1.0;Termes archaïques en français;0.0;0.0
bandière;À retraiter;aucun;0.0;0.0;0.0;1.0;Termes archaïques en français;0.0;0.0
bangard;À retraiter;aucun;0.0;0.0;0.0;1.0;Termes archaïques en français;0.0;0.0
bannade;À retraiter;aucun;0.0;0.0;0.0;1.0;Termes archaïques en français;0.0;0.0
bannar;À retraiter;aucun;0.0;0.0;0.0;1.0;Termes archaïques en français;0.0;0.0
banneret;À retraiter;aucun;0.0;0.0;0.0;1.0;Termes archaïques en français;0.0;0.0
banward;À retraiter;aucun;0.0;0.0;0.0;1.0;Termes archaïques en français;0.0;0.0
baptesme;À retraiter;aucun;0.0;0.0;0.0;1.0;Termes archaïques en français;0.0;0.0
barbute;À retraiter;aucun;0.0;0.0;0.0;1.0;Termes archaïques en français;0.0;0.0
bardesse;À retraiter;aucun;0.0;0.0;0.0;1.0;Termes littéraires en français;0.0;0.0
bardolâtre;À retraiter;aucun;0.0;0.0;0.0;1.0;Termes littéraires en français;0.0;0.0
bardolâtrie;À retraiter;aucun;0.0;0.0;0.0;1.0;Termes littéraires en français;0.0;0.0
beauce;À retraiter;aucun;0.0;0.0;0.0;1.0;Termes archaïques en français;0.0;0.0
beausse;À retraiter;aucun;0.0;0.0;0.0;1.0;Termes archaïques en français;0.0;0.0
bellement;À retraiter;aucun;0.0;0.0;0.0;1.0;Termes littéraires en français;0.0;0.0
bellique;À retraiter;aucun;0.0;0.0;0.0;1.0;Termes littéraires en français;0.0;0.0
bergère;À retraiter;aucun;0.0;0.0;0.0;1.0;Termes poétiques en français;0.0;0.0
besacier;À retraiter;aucun;0.0;0.0;0.0;1.0;Termes littéraires en français;0.0;0.0
besacière;À retraiter;aucun;0.0;0.0;0.0;1.0;Termes littéraires en français;0.0;0.0
bestail;À retraiter;aucun;0.0;0.0;0.0;1.0;Termes archaïques en français;0.0;0.0
beste;À retraiter;aucun;0.0;0.0;0.0;1.0;Termes archaïques en français;0.0;0.0
bestion;À retraiter;aucun;0.0;0.0;0.0;1.0;Termes poétiques en français;0.0;0.0
bestise;À retraiter;aucun;0.0;0.0;0.0;1.0;Termes archaïques en français;0.0;0.0
beûrre;À retraiter;aucun;0.0;0.0;0.0;1.0;Termes archaïques en français;0.0;0.0
bibliotheque;À retraiter;aucun;0.0;0.0;0.0;1.0;Termes archaïques en français;0.0;0.0
bibliotheques;À retraiter;aucun;0.0;0.0;0.0;1.0;Termes archaïques en français;0.0;0.0
bicêtre;À retraiter;aucun;0.0;0.0;0.0;1.0;Termes archaïques en français;0.0;0.0
bienveillamment;À retraiter;aucun;0.0;0.0;0.0;1.0;Termes soutenus en français;0.0;0.0
binet;À retraiter;aucun;0.0;0.0;0.0;1.0;Termes archaïques en français;0.0;0.0
biophobie;À retraiter;aucun;0.0;0.0;0.0;1.0;Termes archaïques en français;0.0;0.0
bisaille;À retraiter;aucun;0.0;0.0;0.0;1.0;Termes archaïques en français;0.0;0.0
bisquière;À retraiter;aucun;0.0;0.0;0.0;1.0;Termes archaïques en français;0.0;0.0
blancheastre;À retraiter;aucun;0.0;0.0;0.0;1.0;Termes archaïques en français;0.0;0.0
blasmeront;À retraiter;aucun;0.0;0.0;0.0;1.0;Termes archaïques en français;0.0;0.0
blasphématresse;À retraiter;aucun;0.0;0.0;0.0;1.0;Termes archaïques en français;0.0;0.0
blesme;À retraiter;aucun;0.0;0.0;0.0;1.0;Termes archaïques en français;0.0;0.0
blesmir;À retraiter;aucun;0.0;0.0;0.0;1.0;Termes archaïques en français;0.0;0.0
bleüastre;À retraiter;aucun;0.0;0.0;0.0;1.0;Termes archaïques en français;0.0;0.0
bleüe;À retraiter;aucun;0.0;0.0;0.0;1.0;Termes archaïques en français;0.0;0.0
blondissant;À retraiter;aucun;0.0;0.0;0.0;1.0;Termes poétiques en français;0.0;0.0
blondoyer;À retraiter;aucun;0.0;0.0;0.0;1.0;Termes littéraires en français;0.0;0.0
bobelineur;À retraiter;aucun;0.0;0.0;0.0;1.0;Termes archaïques en français;0.0;0.0
bocager;À retraiter;aucun;0.0;0.0;0.0;1.0;"Termes littéraires en français; Termes poétiques en français";0.0;0.0
boucaille;À retraiter;aucun;0.0;0.0;0.0;1.0;Termes archaïques en français;0.0;0.0
bouin;À retraiter;aucun;0.0;0.0;0.0;1.0;Termes archaïques en français;0.0;0.0
bourdonneur;À retraiter;aucun;0.0;0.0;0.0;1.0;Termes soutenus en français;0.0;0.0
bouscassier;À retraiter;aucun;0.0;0.0;0.0;1.0;Termes archaïques en français;0.0;0.0
boïdé;À retraiter;aucun;0.0;0.0;0.0;1.0;Termes soutenus en français;0.0;0.0
brachychorée;À retraiter;aucun;0.0;0.0;0.0;1.0;Termes poétiques en français;0.0;0.0
brachyptéraciidé;À retraiter;aucun;0.0;0.0;0.0;1.0;Termes soutenus en français;0.0;0.0
branchure;À retraiter;aucun;0.0;0.0;0.0;1.0;Termes littéraires en français;0.0;0.0
bril;À retraiter;aucun;0.0;0.0;0.0;1.0;Termes archaïques en français;0.0;0.0
brusler;À retraiter;aucun;0.0;0.0;0.0;1.0;Termes archaïques en français;0.0;0.0
bucconidé;À retraiter;aucun;0.0;0.0;0.0;1.0;Termes soutenus en français;0.0;0.0
bucorvidé;À retraiter;aucun;0.0;0.0;0.0;1.0;Termes soutenus en français;0.0;0.0
bucérotidé;À retraiter;aucun;0.0;0.0;0.0;1.0;Termes soutenus en français;0.0;0.0
bucérotiforme;À retraiter;aucun;0.0;0.0;0.0;1.0;Termes soutenus en français;0.0;0.0
burhinidé;À retraiter;aucun;0.0;0.0;0.0;1.0;Termes soutenus en français;0.0;0.0
bédéique;À retraiter;aucun;0.0;0.0;0.0;1.0;Termes soutenus en français;0.0;0.0
bénévolent;À retraiter;aucun;0.0;0.0;0.0;1.0;Termes littéraires en français;0.0;0.0
böcklinien;À retraiter;aucun;0.0;0.0;0.0;1.0;Termes littéraires en français;0.0;0.0
bœotien;À retraiter;aucun;0.0;0.0;0.0;1.0;Termes archaïques en français;0.0;0.0
bœuf;À retraiter;aucun;0.0;0.0;0.0;1.0;Termes littéraires en français;0.0;0.0
cacatuidé;À retraiter;aucun;0.0;0.0;0.0;1.0;Termes soutenus en français;0.0;0.0
caffé;À retraiter;aucun;0.0;0.0;0.0;1.0;Termes archaïques en français;0.0;0.0
calcarifère;À retraiter;aucun;0.0;0.0;0.0;1.0;Termes archaïques en français;0.0;0.0
caligaresque;À retraiter;aucun;0.0;0.0;0.0;1.0;Termes soutenus en français;0.0;0.0
caligineux;À retraiter;aucun;0.0;0.0;0.0;1.0;Termes littéraires en français;0.0;0.0
calycanthe;À retraiter;aucun;0.0;0.0;0.0;1.0;Termes poétiques en français;0.0;0.0
calyptophilidé;À retraiter;aucun;0.0;0.0;0.0;1.0;Termes soutenus en français;0.0;0.0
calyptre;À retraiter;aucun;0.0;0.0;0.0;1.0;Termes soutenus en français;0.0;0.0
caméral;À retraiter;aucun;0.0;0.0;0.0;1.0;Termes littéraires en français;0.0;0.0
canardier;À retraiter;aucun;0.0;0.0;0.0;1.0;Termes archaïques en français;0.0;0.0
caniard;À retraiter;aucun;0.0;0.0;0.0;1.0;Termes archaïques en français;0.0;0.0
caniart;À retraiter;aucun;0.0;0.0;0.0;1.0;Termes archaïques en français;0.0;0.0
caninerie;À retraiter;aucun;0.0;0.0;0.0;1.0;Termes littéraires en français;0.0;0.0
canjard;À retraiter;aucun;0.0;0.0;0.0;1.0;Termes archaïques en français;0.0;0.0
capitonidé;À retraiter;aucun;0.0;0.0;0.0;1.0;Termes soutenus en français;0.0;0.0
caprimulge;À retraiter;aucun;0.0;0.0;0.0;1.0;Termes archaïques en français;0.0;0.0
caprimulgidé;À retraiter;aucun;0.0;0.0;0.0;1.0;Termes soutenus en français;0.0;0.0
caprimulgiforme;À retraiter;aucun;0.0;0.0;0.0;1.0;Termes soutenus en français;0.0;0.0
capripède;À retraiter;aucun;0.0;0.0;0.0;1.0;Termes poétiques en français;0.0;0.0
caractere;À retraiter;aucun;0.0;0.0;0.0;1.0;Termes archaïques en français;0.0;0.0
caramboller;À retraiter;aucun;0.0;0.0;0.0;1.0;Termes archaïques en français;0.0;0.0
cardinalidé;À retraiter;aucun;0.0;0.0;0.0;1.0;Termes soutenus en français;0.0;0.0
cariamidé;À retraiter;aucun;0.0;0.0;0.0;1.0;Termes soutenus en français;0.0;0.0
cariamiforme;À retraiter;aucun;0.0;0.0;0.0;1.0;Termes soutenus en français;0.0;0.0
carminophile;À retraiter;aucun;0.0;0.0;0.0;1.0;Termes littéraires en français;0.0;0.0
carosse;À retraiter;aucun;0.0;0.0;0.0;1.0;Termes archaïques en français;0.0;0.0
carriere;À retraiter;aucun;0.0;0.0;0.0;1.0;Termes archaïques en français;0.0;0.0
carriére;À retraiter;aucun;0.0;0.0;0.0;1.0;Termes archaïques en français;0.0;0.0
castalien;À retraiter;aucun;0.0;0.0;0.0;1.0;Termes poétiques en français;0.0;0.0
casuariidé;À retraiter;aucun;0.0;0.0;0.0;1.0;Termes soutenus en français;0.0;0.0
casuariiforme;À retraiter;aucun;0.0;0.0;0.0;1.0;Termes soutenus en français;0.0;0.0
cataglottisme;À retraiter;aucun;0.0;0.0;0.0;1.0;Termes littéraires en français;0.0;0.0
cathartidé;À retraiter;aucun;0.0;0.0;0.0;1.0;Termes soutenus en français;0.0;0.0
caudataire;À retraiter;aucun;0.0;0.0;0.0;1.0;Termes soutenus en français;0.0;0.0
cautere;À retraiter;aucun;0.0;0.0;0.0;1.0;Termes archaïques en français;0.0;0.0
cecy;À retraiter;aucun;0.0;0.0;0.0;1.0;Termes archaïques en français;0.0;0.0
cephalæe;À retraiter;aucun;0.0;0.0;0.0;1.0;Termes archaïques en français;0.0;0.0
chaloir;À retraiter;aucun;0.0;0.0;0.0;1.0;Termes littéraires en français;0.0;0.0
champestre;À retraiter;aucun;0.0;0.0;0.0;1.0;Termes archaïques en français;0.0;0.0
chamæleon;À retraiter;aucun;0.0;0.0;0.0;1.0;Termes archaïques en français;0.0;0.0
chamæléon;À retraiter;aucun;0.0;0.0;0.0;1.0;Termes archaïques en français;0.0;0.0
chantepleure;À retraiter;aucun;0.0;0.0;0.0;1.0;Termes poétiques en français;0.0;0.0
chanteresse;À retraiter;aucun;0.0;0.0;0.0;1.0;Termes poétiques en français;0.0;0.0
charactère;À retraiter;aucun;0.0;0.0;0.0;1.0;Termes archaïques en français;0.0;0.0
charadriidé;À retraiter;aucun;0.0;0.0;0.0;1.0;Termes soutenus en français;0.0;0.0
charadriiforme;À retraiter;aucun;0.0;0.0;0.0;1.0;Termes soutenus en français;0.0;0.0
charrière;À retraiter;aucun;0.0;0.0;0.0;1.0;Termes poétiques en français;0.0;0.0
chasseresse;À retraiter;aucun;0.0;0.0;0.0;1.0;Termes poétiques en français;0.0;0.0
chastaigne;À retraiter;aucun;0.0;0.0;0.0;1.0;Termes archaïques en français;0.0;0.0
chastaigner;À retraiter;aucun;0.0;0.0;0.0;1.0;Termes archaïques en français;0.0;0.0
chastaignier;À retraiter;aucun;0.0;0.0;0.0;1.0;Termes archaïques en français;0.0;0.0
chastain;À retraiter;aucun;0.0;0.0;0.0;1.0;Termes archaïques en français;0.0;0.0
chasteau;À retraiter;aucun;0.0;0.0;0.0;1.0;Termes archaïques en français;0.0;0.0
chastet;À retraiter;aucun;0.0;0.0;0.0;1.0;Termes archaïques en français;0.0;0.0
chastier;À retraiter;aucun;0.0;0.0;0.0;1.0;Termes archaïques en français;0.0;0.0
chastiment;À retraiter;aucun;0.0;0.0;0.0;1.0;Termes archaïques en français;0.0;0.0
chattemitesse;À retraiter;aucun;0.0;0.0;0.0;1.0;Termes archaïques en français;0.0;0.0
chevaleresse;À retraiter;aucun;0.0;0.0;0.0;1.0;Termes archaïques en français;0.0;0.0
chevaucheuse;À retraiter;aucun;0.0;0.0;0.0;1.0;Termes littéraires en français;0.0;0.0
chevre;À retraiter;aucun;0.0;0.0;0.0;1.0;Termes archaïques en français;0.0;0.0
chevres;À retraiter;aucun;0.0;0.0;0.0;1.0;Termes archaïques en français;0.0;0.0
chibriape;À retraiter;aucun;0.0;0.0;0.0;1.0;Termes littéraires en français;0.0;0.0
chionidé;À retraiter;aucun;0.0;0.0;0.0;1.0;Termes soutenus en français;0.0;0.0
chite;À retraiter;aucun;0.0;0.0;0.0;1.0;Termes archaïques en français;0.0;0.0
chrysocale;À retraiter;aucun;0.0;0.0;0.0;1.0;Termes soutenus en français;0.0;0.0
chrysogomphe;À retraiter;aucun;0.0;0.0;0.0;1.0;Termes littéraires en français;0.0;0.0
churchillien;À retraiter;aucun;0.0;0.0;0.0;1.0;Termes soutenus en français;0.0;0.0
chymie;À retraiter;aucun;0.0;0.0;0.0;1.0;Termes archaïques en français;0.0;0.0
chymies;À retraiter;aucun;0.0;0.0;0.0;1.0;Termes archaïques en français;0.0;0.0
ci;À retraiter;aucun;0.0;0.0;0.0;1.0;Termes archaïques en français;0.0;0.0
ciconiidé;À retraiter;aucun;0.0;0.0;0.0;1.0;Termes soutenus en français;0.0;0.0
ciconiiforme;À retraiter;aucun;0.0;0.0;0.0;1.0;Termes soutenus en français;0.0;0.0
cilindre;À retraiter;aucun;0.0;0.0;0.0;1.0;Termes archaïques en français;0.0;0.0
cilindrique;À retraiter;aucun;0.0;0.0;0.0;1.0;Termes archaïques en français;0.0;0.0
cinédologique;À retraiter;aucun;0.0;0.0;0.0;1.0;Termes littéraires en français;0.0;0.0
cisellement;À retraiter;aucun;0.0;0.0;0.0;1.0;Termes archaïques en français;0.0;0.0
citharœde;À retraiter;aucun;0.0;0.0;0.0;1.0;Termes archaïques en français;0.0;0.0
civilement;À retraiter;aucun;0.0;0.0;0.0;1.0;Termes archaïques en français;0.0;0.0
cliséomètre;À retraiter;aucun;0.0;0.0;0.0;1.0;Termes archaïques en français;0.0;0.0
cloistre;À retraiter;aucun;0.0;0.0;0.0;1.0;Termes archaïques en français;0.0;0.0
clouaison;À retraiter;aucun;0.0;0.0;0.0;1.0;Termes archaïques en français;0.0;0.0
cloux;À retraiter;aucun;0.0;0.0;0.0;1.0;Termes archaïques en français;0.0;0.0
clouz;À retraiter;aucun;0.0;0.0;0.0;1.0;Termes archaïques en français;0.0;0.0
cognoistre;À retraiter;aucun;0.0;0.0;0.0;1.0;Termes archaïques en français;0.0;0.0
cohæsion;À retraiter;aucun;0.0;0.0;0.0;1.0;Termes archaïques en français;0.0;0.0
coie;À retraiter;aucun;0.0;0.0;0.0;1.0;Termes archaïques en français;0.0;0.0
coies;À retraiter;aucun;0.0;0.0;0.0;1.0;Termes archaïques en français;0.0;0.0
coife;À retraiter;aucun;0.0;0.0;0.0;1.0;Termes archaïques en français;0.0;0.0
coindication;À retraiter;aucun;0.0;0.0;0.0;1.0;Termes archaïques en français;0.0;0.0
cois;À retraiter;aucun;0.0;0.0;0.0;1.0;Termes archaïques en français;0.0;0.0
coliidé;À retraiter;aucun;0.0;0.0;0.0;1.0;Termes soutenus en français;0.0;0.0
coliiforme;À retraiter;aucun;0.0;0.0;0.0;1.0;Termes soutenus en français;0.0;0.0
colombiforme;À retraiter;aucun;0.0;0.0;0.0;1.0;Termes soutenus en français;0.0;0.0
colométrie;À retraiter;aucun;0.0;0.0;0.0;1.0;Termes littéraires en français;0.0;0.0
colonelle;À retraiter;aucun;0.0;0.0;0.0;1.0;Termes archaïques en français;0.0;0.0
columbidé;À retraiter;aucun;0.0;0.0;0.0;1.0;Termes soutenus en français;0.0;0.0
columbiforme;À retraiter;aucun;0.0;0.0;0.0;1.0;Termes soutenus en français;0.0;0.0
compain;À retraiter;aucun;0.0;0.0;0.0;1.0;Termes archaïques en français;0.0;0.0
compaing;À retraiter;aucun;0.0;0.0;0.0;1.0;Termes archaïques en français;0.0;0.0
comœdie;À retraiter;aucun;0.0;0.0;0.0;1.0;Termes archaïques en français;0.0;0.0
concréter;À retraiter;aucun;0.0;0.0;0.0;1.0;Termes littéraires en français;0.0;0.0
confin;À retraiter;aucun;0.0;0.0;0.0;1.0;Termes littéraires en français;0.0;0.0
confœderation;À retraiter;aucun;0.0;0.0;0.0;1.0;Termes archaïques en français;0.0;0.0
congru;À retraiter;aucun;0.0;0.0;0.0;1.0;Termes soutenus en français;0.0;0.0
connoist;À retraiter;aucun;0.0;0.0;0.0;1.0;Termes archaïques en français;0.0;0.0
connoistre;À retraiter;aucun;0.0;0.0;0.0;1.0;Termes archaïques en français;0.0;0.0
conseilleur;À retraiter;aucun;0.0;0.0;0.0;1.0;Termes littéraires en français;0.0;0.0
conseilleuse;À retraiter;aucun;0.0;0.0;0.0;1.0;Termes littéraires en français;0.0;0.0
consoloit;À retraiter;aucun;0.0;0.0;0.0;1.0;Termes archaïques en français;0.0;0.0
contemption;À retraiter;aucun;0.0;0.0;0.0;1.0;Termes soutenus en français;0.0;0.0
contractation;À retraiter;aucun;0.0;0.0;0.0;1.0;Termes archaïques en français;0.0;0.0
conviendroit;À retraiter;aucun;0.0;0.0;0.0;1.0;Termes archaïques en français;0.0;0.0
cophin;À retraiter;aucun;0.0;0.0;0.0;1.0;Termes archaïques en français;0.0;0.0
coquebine;À retraiter;aucun;0.0;0.0;0.0;1.0;Termes littéraires en français;0.0;0.0
coquecigrue;À retraiter;aucun;0.0;0.0;0.0;1.0;Termes littéraires en français;0.0;0.0
coquotte;À retraiter;aucun;0.0;0.0;0.0;1.0;Termes archaïques en français;0.0;0.0
coraciadidé;À retraiter;aucun;0.0;0.0;0.0;1.0;Termes soutenus en français;0.0;0.0
coraciadiforme;À retraiter;aucun;0.0;0.0;0.0;1.0;Termes soutenus en français;0.0;0.0
coraciidé;À retraiter;aucun;0.0;0.0;0.0;1.0;Termes soutenus en français;0.0;0.0
coraciiforme;À retraiter;aucun;0.0;0.0;0.0;1.0;Termes soutenus en français;0.0;0.0
cordouanier;À retraiter;aucun;0.0;0.0;0.0;1.0;Termes littéraires en français;0.0;0.0
corlieu;À retraiter;aucun;0.0;0.0;0.0;1.0;Termes archaïques en français;0.0;0.0
cornegidouille;À retraiter;aucun;0.0;0.0;0.0;1.0;Termes soutenus en français;0.0;0.0
coronel;À retraiter;aucun;0.0;0.0;0.0;1.0;Termes archaïques en français;0.0;0.0
cortiqué;À retraiter;aucun;0.0;0.0;0.0;1.0;Termes poétiques en français;0.0;0.0
corythaeoliné;À retraiter;aucun;0.0;0.0;0.0;1.0;Termes soutenus en français;0.0;0.0
coste;À retraiter;aucun;0.0;0.0;0.0;1.0;Termes archaïques en français;0.0;0.0
costé;À retraiter;aucun;0.0;0.0;0.0;1.0;Termes archaïques en français;0.0;0.0
coupille;À retraiter;aucun;0.0;0.0;0.0;1.0;Termes archaïques en français;0.0;0.0
couroyer;À retraiter;aucun;0.0;0.0;0.0;1.0;Termes archaïques en français;0.0;0.0
courtil;À retraiter;aucun;0.0;0.0;0.0;1.0;Termes poétiques en français;0.0;0.0
courtisane;À retraiter;aucun;0.0;0.0;0.0;1.0;Termes soutenus en français;0.0;0.0
courtisanne;À retraiter;aucun;0.0;0.0;0.0;1.0;Termes archaïques en français;0.0;0.0
coëfe;À retraiter;aucun;0.0;0.0;0.0;1.0;Termes archaïques en français;0.0;0.0
coëfer;À retraiter;aucun;0.0;0.0;0.0;1.0;Termes archaïques en français;0.0;0.0
coëffe;À retraiter;aucun;0.0;0.0;0.0;1.0;Termes archaïques en français;0.0;0.0
coëffer;À retraiter;aucun;0.0;0.0;0.0;1.0;Termes archaïques en français;0.0;0.0
coëffure;À retraiter;aucun;0.0;0.0;0.0;1.0;Termes archaïques en français;0.0;0.0
coîffe;À retraiter;aucun;0.0;0.0;0.0;1.0;Termes archaïques en français;0.0;0.0
coûtance;À retraiter;aucun;0.0;0.0;0.0;1.0;Termes archaïques en français;0.0;0.0
coûtume;À retraiter;aucun;0.0;0.0;0.0;1.0;Termes archaïques en français;0.0;0.0
cracidé;À retraiter;aucun;0.0;0.0;0.0;1.0;Termes soutenus en français;0.0;0.0
cramailler;À retraiter;aucun;0.0;0.0;0.0;1.0;Termes archaïques en français;0.0;0.0
crapau;À retraiter;aucun;0.0;0.0;0.0;1.0;Termes archaïques en français;0.0;0.0
crespeler;À retraiter;aucun;0.0;0.0;0.0;1.0;Termes archaïques en français;0.0;0.0
crespelure;À retraiter;aucun;0.0;0.0;0.0;1.0;Termes archaïques en français;0.0;0.0
crespé;À retraiter;aucun;0.0;0.0;0.0;1.0;Termes archaïques en français;0.0;0.0
crinifériné;À retraiter;aucun;0.0;0.0;0.0;1.0;Termes soutenus en français;0.0;0.0
crocos;À retraiter;aucun;0.0;0.0;0.0;1.0;Termes littéraires en français;0.0;0.0
croyent;À retraiter;aucun;0.0;0.0;0.0;1.0;Termes archaïques en français;0.0;0.0
croyois;À retraiter;aucun;0.0;0.0;0.0;1.0;Termes archaïques en français;0.0;0.0
croïent;À retraiter;aucun;0.0;0.0;0.0;1.0;Termes archaïques en français;0.0;0.0
crépusculin;À retraiter;aucun;0.0;0.0;0.0;1.0;"Termes soutenus en français; Termes poétiques en français";0.0;0.0
crîra;À retraiter;aucun;0.0;0.0;0.0;1.0;Termes archaïques en français;0.0;0.0
crîrons;À retraiter;aucun;0.0;0.0;0.0;1.0;Termes archaïques en français;0.0;0.0
crîront;À retraiter;aucun;0.0;0.0;0.0;1.0;Termes archaïques en français;0.0;0.0
cuculidé;À retraiter;aucun;0.0;0.0;0.0;1.0;Termes soutenus en français;0.0;0.0
cuculiforme;À retraiter;aucun;0.0;0.0;0.0;1.0;Termes soutenus en français;0.0;0.0
cullerier;À retraiter;aucun;0.0;0.0;0.0;1.0;Termes archaïques en français;0.0;0.0
cupidique;À retraiter;aucun;0.0;0.0;0.0;1.0;Termes poétiques en français;0.0;0.0
cupressacée;À retraiter;aucun;0.0;0.0;0.0;1.0;Termes soutenus en français;0.0;0.0
cynède;À retraiter;aucun;0.0;0.0;0.0;1.0;Termes littéraires en français;0.0;0.0
cynégète;À retraiter;aucun;0.0;0.0;0.0;1.0;Termes soutenus en français;0.0;0.0
cythéréen;À retraiter;aucun;0.0;0.0;0.0;1.0;Termes littéraires en français;0.0;0.0
cæcité;À retraiter;aucun;0.0;0.0;0.0;1.0;Termes archaïques en français;0.0;0.0
cæleste;À retraiter;aucun;0.0;0.0;0.0;1.0;Termes archaïques en français;0.0;0.0
célicole;À retraiter;aucun;0.0;0.0;0.0;1.0;Termes poétiques en français;0.0;0.0
célère;À retraiter;aucun;0.0;0.0;0.0;1.0;Termes littéraires en français;0.0;0.0
célèrement;À retraiter;aucun;0.0;0.0;0.0;1.0;Termes littéraires en français;0.0;0.0
cœmetiere;À retraiter;aucun;0.0;0.0;0.0;1.0;Termes archaïques en français;0.0;0.0
cœmetière;À retraiter;aucun;0.0;0.0;0.0;1.0;Termes archaïques en français;0.0;0.0
dahoméen;À retraiter;aucun;0.0;0.0;0.0;1.0;Termes archaïques en français;0.0;0.0
danqueulle;À retraiter;aucun;0.0;0.0;0.0;1.0;Termes archaïques en français;0.0;0.0
danseresse;À retraiter;aucun;0.0;0.0;0.0;1.0;Termes archaïques en français;0.0;0.0
dardanaire;À retraiter;aucun;0.0;0.0;0.0;1.0;Termes archaïques en français;0.0;0.0
degast;À retraiter;aucun;0.0;0.0;0.0;1.0;Termes archaïques en français;0.0;0.0
demanderesse;À retraiter;aucun;0.0;0.0;0.0;1.0;"Termes littéraires en français; Termes archaïques en français";0.0;0.0
demoiselle;À retraiter;aucun;0.0;0.0;0.0;1.0;Termes archaïques en français;0.0;0.0
demonstrer;À retraiter;aucun;0.0;0.0;0.0;1.0;Termes archaïques en français;0.0;0.0
derechef;À retraiter;aucun;0.0;0.0;0.0;1.0;Termes littéraires en français;0.0;0.0
desgoust;À retraiter;aucun;0.0;0.0;0.0;1.0;Termes archaïques en français;0.0;0.0
desgouster;À retraiter;aucun;0.0;0.0;0.0;1.0;Termes archaïques en français;0.0;0.0
deshonneste;À retraiter;aucun;0.0;0.0;0.0;1.0;Termes archaïques en français;0.0;0.0
deshonnestement;À retraiter;aucun;0.0;0.0;0.0;1.0;Termes archaïques en français;0.0;0.0
deshonnesteté;À retraiter;aucun;0.0;0.0;0.0;1.0;Termes archaïques en français;0.0;0.0
destinez;À retraiter;aucun;0.0;0.0;0.0;1.0;Termes archaïques en français;0.0;0.0
deutoxide;À retraiter;aucun;0.0;0.0;0.0;1.0;Termes archaïques en français;0.0;0.0
deutoxyde;À retraiter;aucun;0.0;0.0;0.0;1.0;Termes archaïques en français;0.0;0.0
devestir;À retraiter;aucun;0.0;0.0;0.0;1.0;Termes archaïques en français;0.0;0.0
devine;À retraiter;aucun;0.0;0.0;0.0;1.0;Termes archaïques en français;0.0;0.0
diarrhœe;À retraiter;aucun;0.0;0.0;0.0;1.0;Termes archaïques en français;0.0;0.0
diatomique;À retraiter;aucun;0.0;0.0;0.0;1.0;Termes archaïques en français;0.0;0.0
dictionaire;À retraiter;aucun;0.0;0.0;0.0;1.0;Termes archaïques en français;0.0;0.0
diligemment;À retraiter;aucun;0.0;0.0;0.0;1.0;Termes soutenus en français;0.0;0.0
dimidier;À retraiter;aucun;0.0;0.0;0.0;1.0;Termes littéraires en français;0.0;0.0
diomédéidé;À retraiter;aucun;0.0;0.0;0.0;1.0;Termes soutenus en français;0.0;0.0
dioscurique;À retraiter;aucun;0.0;0.0;0.0;1.0;Termes littéraires en français;0.0;0.0
dioscurisme;À retraiter;aucun;0.0;0.0;0.0;1.0;Termes littéraires en français;0.0;0.0
diptérocarpacée;À retraiter;aucun;0.0;0.0;0.0;1.0;Termes soutenus en français;0.0;0.0
diroit;À retraiter;aucun;0.0;0.0;0.0;1.0;Termes archaïques en français;0.0;0.0
disabilité;À retraiter;aucun;0.0;0.0;0.0;1.0;Termes archaïques en français;0.0;0.0
discordial;À retraiter;aucun;0.0;0.0;0.0;1.0;Termes archaïques en français;0.0;0.0
disner;À retraiter;aucun;0.0;0.0;0.0;1.0;Termes archaïques en français;0.0;0.0
disoit;À retraiter;aucun;0.0;0.0;0.0;1.0;Termes archaïques en français;0.0;0.0
disparoitre;À retraiter;aucun;0.0;0.0;0.0;1.0;Termes archaïques en français;0.0;0.0
disparoître;À retraiter;aucun;0.0;0.0;0.0;1.0;Termes archaïques en français;0.0;0.0
diærese;À retraiter;aucun;0.0;0.0;0.0;1.0;Termes archaïques en français;0.0;0.0
diæte;À retraiter;aucun;0.0;0.0;0.0;1.0;Termes archaïques en français;0.0;0.0
diætetique;À retraiter;aucun;0.0;0.0;0.0;1.0;Termes archaïques en français;0.0;0.0
diætétique;À retraiter;aucun;0.0;0.0;0.0;1.0;Termes archaïques en français;0.0;0.0
diœcese;À retraiter;aucun;0.0;0.0;0.0;1.0;Termes archaïques en français;0.0;0.0
documens;À retraiter;aucun;0.0;0.0;0.0;1.0;Termes archaïques en français;0.0;0.0
dolence;À retraiter;aucun;0.0;0.0;0.0;1.0;Termes littéraires en français;0.0;0.0
dolmin;À retraiter;aucun;0.0;0.0;0.0;1.0;Termes archaïques en français;0.0;0.0
domta;À retraiter;aucun;0.0;0.0;0.0;1.0;Termes archaïques en français;0.0;0.0
domtai;À retraiter;aucun;0.0;0.0;0.0;1.0;Termes archaïques en français;0.0;0.0
domtaient;À retraiter;aucun;0.0;0.0;0.0;1.0;Termes archaïques en français;0.0;0.0
domtais;À retraiter;aucun;0.0;0.0;0.0;1.0;Termes archaïques en français;0.0;0.0
domtait;À retraiter;aucun;0.0;0.0;0.0;1.0;Termes archaïques en français;0.0;0.0
domtant;À retraiter;aucun;0.0;0.0;0.0;1.0;Termes archaïques en français;0.0;0.0
domtas;À retraiter;aucun;0.0;0.0;0.0;1.0;Termes archaïques en français;0.0;0.0
domtasse;À retraiter;aucun;0.0;0.0;0.0;1.0;Termes archaïques en français;0.0;0.0
domtassent;À retraiter;aucun;0.0;0.0;0.0;1.0;Termes archaïques en français;0.0;0.0
domtasses;À retraiter;aucun;0.0;0.0;0.0;1.0;Termes archaïques en français;0.0;0.0
domtassiez;À retraiter;aucun;0.0;0.0;0.0;1.0;Termes archaïques en français;0.0;0.0
domtassions;À retraiter;aucun;0.0;0.0;0.0;1.0;Termes archaïques en français;0.0;0.0
domte;À retraiter;aucun;0.0;0.0;0.0;1.0;Termes archaïques en français;0.0;0.0
domtent;À retraiter;aucun;0.0;0.0;0.0;1.0;Termes archaïques en français;0.0;0.0
domter;À retraiter;aucun;0.0;0.0;0.0;1.0;Termes archaïques en français;0.0;0.0
domtera;À retraiter;aucun;0.0;0.0;0.0;1.0;Termes archaïques en français;0.0;0.0
domterai;À retraiter;aucun;0.0;0.0;0.0;1.0;Termes archaïques en français;0.0;0.0
domteraient;À retraiter;aucun;0.0;0.0;0.0;1.0;Termes archaïques en français;0.0;0.0
domterais;À retraiter;aucun;0.0;0.0;0.0;1.0;Termes archaïques en français;0.0;0.0
domterait;À retraiter;aucun;0.0;0.0;0.0;1.0;Termes archaïques en français;0.0;0.0
domteras;À retraiter;aucun;0.0;0.0;0.0;1.0;Termes archaïques en français;0.0;0.0
domterez;À retraiter;aucun;0.0;0.0;0.0;1.0;Termes archaïques en français;0.0;0.0
domteriez;À retraiter;aucun;0.0;0.0;0.0;1.0;Termes archaïques en français;0.0;0.0
domterions;À retraiter;aucun;0.0;0.0;0.0;1.0;Termes archaïques en français;0.0;0.0
domterons;À retraiter;aucun;0.0;0.0;0.0;1.0;Termes archaïques en français;0.0;0.0
domteront;À retraiter;aucun;0.0;0.0;0.0;1.0;Termes archaïques en français;0.0;0.0
domtes;À retraiter;aucun;0.0;0.0;0.0;1.0;Termes archaïques en français;0.0;0.0
domtez;À retraiter;aucun;0.0;0.0;0.0;1.0;Termes archaïques en français;0.0;0.0
domtiez;À retraiter;aucun;0.0;0.0;0.0;1.0;Termes archaïques en français;0.0;0.0
domtions;À retraiter;aucun;0.0;0.0;0.0;1.0;Termes archaïques en français;0.0;0.0
domtâmes;À retraiter;aucun;0.0;0.0;0.0;1.0;Termes archaïques en français;0.0;0.0
domtât;À retraiter;aucun;0.0;0.0;0.0;1.0;Termes archaïques en français;0.0;0.0
domtâtes;À retraiter;aucun;0.0;0.0;0.0;1.0;Termes archaïques en français;0.0;0.0
domtèrent;À retraiter;aucun;0.0;0.0;0.0;1.0;Termes archaïques en français;0.0;0.0
domté;À retraiter;aucun;0.0;0.0;0.0;1.0;Termes archaïques en français;0.0;0.0
donillage;À retraiter;aucun;0.0;0.0;0.0;1.0;Termes archaïques en français;0.0;0.0
donilleux;À retraiter;aucun;0.0;0.0;0.0;1.0;Termes archaïques en français;0.0;0.0
dormoit;À retraiter;aucun;0.0;0.0;0.0;1.0;Termes archaïques en français;0.0;0.0
dossage;À retraiter;aucun;0.0;0.0;0.0;1.0;Termes archaïques en français;0.0;0.0
doubte;À retraiter;aucun;0.0;0.0;0.0;1.0;Termes archaïques en français;0.0;0.0
douteur;À retraiter;aucun;0.0;0.0;0.0;1.0;Termes littéraires en français;0.0;0.0
douteuse;À retraiter;aucun;0.0;0.0;0.0;1.0;Termes littéraires en français;0.0;0.0
driller;À retraiter;aucun;0.0;0.0;0.0;1.0;Termes poétiques en français;0.0;0.0
drole;À retraiter;aucun;0.0;0.0;0.0;1.0;"Termes littéraires en français; Termes archaïques en français";0.0;0.0
drolesse;À retraiter;aucun;0.0;0.0;0.0;1.0;"Termes littéraires en français; Termes archaïques en français";0.0;0.0
drolle;À retraiter;aucun;0.0;0.0;0.0;1.0;Termes archaïques en français;0.0;0.0
dromadidé;À retraiter;aucun;0.0;0.0;0.0;1.0;Termes soutenus en français;0.0;0.0
dromaïidé;À retraiter;aucun;0.0;0.0;0.0;1.0;Termes soutenus en français;0.0;0.0
drosle;À retraiter;aucun;0.0;0.0;0.0;1.0;Termes archaïques en français;0.0;0.0
duement;À retraiter;aucun;0.0;0.0;0.0;1.0;Termes archaïques en français;0.0;0.0
duire;À retraiter;aucun;0.0;0.0;0.0;1.0;Termes littéraires en français;0.0;0.0
durassien;À retraiter;aucun;0.0;0.0;0.0;1.0;Termes littéraires en français;0.0;0.0
dvornik;À retraiter;aucun;0.0;0.0;0.0;1.0;Termes archaïques en français;0.0;0.0
dyspnœe;À retraiter;aucun;0.0;0.0;0.0;1.0;Termes archaïques en français;0.0;0.0
dysæsthésie;À retraiter;aucun;0.0;0.0;0.0;1.0;Termes archaïques en français;0.0;0.0
dzêta;À retraiter;aucun;0.0;0.0;0.0;1.0;Termes soutenus en français;0.0;0.0
dæmon;À retraiter;aucun;0.0;0.0;0.0;1.0;Termes archaïques en français;0.0;0.0
décevance;À retraiter;aucun;0.0;0.0;0.0;1.0;Termes littéraires en français;0.0;0.0
décombre;À retraiter;aucun;0.0;0.0;0.0;1.0;Termes littéraires en français;0.0;0.0
déconcert;À retraiter;aucun;0.0;0.0;0.0;1.0;Termes littéraires en français;0.0;0.0
défioient;À retraiter;aucun;0.0;0.0;0.0;1.0;Termes archaïques en français;0.0;0.0
dégouziller;À retraiter;aucun;0.0;0.0;0.0;1.0;Termes archaïques en français;0.0;0.0
déhiscent;À retraiter;aucun;0.0;0.0;0.0;1.0;Termes littéraires en français;0.0;0.0
déjeusner;À retraiter;aucun;0.0;0.0;0.0;1.0;Termes archaïques en français;0.0;0.0
délices;À retraiter;aucun;0.0;0.0;0.0;1.0;Termes littéraires en français;0.0;0.0
délot;À retraiter;aucun;0.0;0.0;0.0;1.0;Termes archaïques en français;0.0;0.0
dépeauter;À retraiter;aucun;0.0;0.0;0.0;1.0;Termes soutenus en français;0.0;0.0
dépost;À retraiter;aucun;0.0;0.0;0.0;1.0;Termes archaïques en français;0.0;0.0
dérade;À retraiter;aucun;0.0;0.0;0.0;1.0;"Termes littéraires en français; Termes poétiques en français";0.0;0.0
dés;À retraiter;aucun;0.0;0.0;0.0;1.0;Termes archaïques en français;0.0;0.0
désembrayer;À retraiter;aucun;0.0;0.0;0.0;1.0;Termes soutenus en français;0.0;0.0
désoccupation;À retraiter;aucun;0.0;0.0;0.0;1.0;Termes littéraires en français;0.0;0.0
désâmé;À retraiter;aucun;0.0;0.0;0.0;1.0;Termes poétiques en français;0.0;0.0
déthroner;À retraiter;aucun;0.0;0.0;0.0;1.0;Termes archaïques en français;0.0;0.0
détrenché;À retraiter;aucun;0.0;0.0;0.0;1.0;Termes archaïques en français;0.0;0.0
dévotieux;À retraiter;aucun;0.0;0.0;0.0;1.0;Termes littéraires en français;0.0;0.0
dîmeur;À retraiter;aucun;0.0;0.0;0.0;1.0;Termes archaïques en français;0.0;0.0
ectique;À retraiter;aucun;0.0;0.0;0.0;1.0;Termes archaïques en français;0.0;0.0
ectiques;À retraiter;aucun;0.0;0.0;0.0;1.0;Termes archaïques en français;0.0;0.0
effleur;À retraiter;aucun;0.0;0.0;0.0;1.0;Termes poétiques en français;0.0;0.0
effusif;À retraiter;aucun;0.0;0.0;0.0;1.0;Termes littéraires en français;0.0;0.0
embroquement;À retraiter;aucun;0.0;0.0;0.0;1.0;Termes archaïques en français;0.0;0.0
embucquer;À retraiter;aucun;0.0;0.0;0.0;1.0;Termes archaïques en français;0.0;0.0
empescher;À retraiter;aucun;0.0;0.0;0.0;1.0;Termes archaïques en français;0.0;0.0
encensière;À retraiter;aucun;0.0;0.0;0.0;1.0;Termes archaïques en français;0.0;0.0
encloser;À retraiter;aucun;0.0;0.0;0.0;1.0;Termes poétiques en français;0.0;0.0
encor;À retraiter;aucun;0.0;0.0;0.0;1.0;Termes poétiques en français;0.0;0.0
encyclopædie;À retraiter;aucun;0.0;0.0;0.0;1.0;Termes archaïques en français;0.0;0.0
enfoirer;À retraiter;aucun;0.0;0.0;0.0;1.0;Termes archaïques en français;0.0;0.0
engendration;À retraiter;aucun;0.0;0.0;0.0;1.0;Termes archaïques en français;0.0;0.0
entestement;À retraiter;aucun;0.0;0.0;0.0;1.0;Termes archaïques en français;0.0;0.0
entester;À retraiter;aucun;0.0;0.0;0.0;1.0;Termes archaïques en français;0.0;0.0
entretènement;À retraiter;aucun;0.0;0.0;0.0;1.0;Termes archaïques en français;0.0;0.0
entéléchie;À retraiter;aucun;0.0;0.0;0.0;1.0;Termes littéraires en français;0.0;0.0
environ;À retraiter;aucun;0.0;0.0;0.0;1.0;Termes littéraires en français;0.0;0.0
envoierai;À retraiter;aucun;0.0;0.0;0.0;1.0;Termes archaïques en français;0.0;0.0
envoye;À retraiter;aucun;0.0;0.0;0.0;1.0;Termes archaïques en français;0.0;0.0
ergastulaire;À retraiter;aucun;0.0;0.0;0.0;1.0;Termes littéraires en français;0.0;0.0
errable;À retraiter;aucun;0.0;0.0;0.0;1.0;Termes archaïques en français;0.0;0.0
erronné;À retraiter;aucun;0.0;0.0;0.0;1.0;Termes archaïques en français;0.0;0.0
escharre;À retraiter;aucun;0.0;0.0;0.0;1.0;Termes archaïques en français;0.0;0.0
eschauffer;À retraiter;aucun;0.0;0.0;0.0;1.0;Termes archaïques en français;0.0;0.0
escheoir;À retraiter;aucun;0.0;0.0;0.0;1.0;Termes archaïques en français;0.0;0.0
eschoir;À retraiter;aucun;0.0;0.0;0.0;1.0;Termes archaïques en français;0.0;0.0
esclop;À retraiter;aucun;0.0;0.0;0.0;1.0;Termes archaïques en français;0.0;0.0
escorce;À retraiter;aucun;0.0;0.0;0.0;1.0;Termes archaïques en français;0.0;0.0
escorcher;À retraiter;aucun;0.0;0.0;0.0;1.0;Termes archaïques en français;0.0;0.0
escriture;À retraiter;aucun;0.0;0.0;0.0;1.0;Termes archaïques en français;0.0;0.0
esgallement;À retraiter;aucun;0.0;0.0;0.0;1.0;Termes archaïques en français;0.0;0.0
esjouir;À retraiter;aucun;0.0;0.0;0.0;1.0;Termes archaïques en français;0.0;0.0
esseuler;À retraiter;aucun;0.0;0.0;0.0;1.0;Termes littéraires en français;0.0;0.0
establir;À retraiter;aucun;0.0;0.0;0.0;1.0;Termes archaïques en français;0.0;0.0
estang;À retraiter;aucun;0.0;0.0;0.0;1.0;Termes archaïques en français;0.0;0.0
estendre;À retraiter;aucun;0.0;0.0;0.0;1.0;Termes archaïques en français;0.0;0.0
esternument;À retraiter;aucun;0.0;0.0;0.0;1.0;Termes archaïques en français;0.0;0.0
esternuëment;À retraiter;aucun;0.0;0.0;0.0;1.0;Termes archaïques en français;0.0;0.0
esternûment;À retraiter;aucun;0.0;0.0;0.0;1.0;Termes archaïques en français;0.0;0.0
estiez;À retraiter;aucun;0.0;0.0;0.0;1.0;Termes archaïques en français;0.0;0.0
estoffe;À retraiter;aucun;0.0;0.0;0.0;1.0;Termes archaïques en français;0.0;0.0
estomach;À retraiter;aucun;0.0;0.0;0.0;1.0;Termes archaïques en français;0.0;0.0
estonner;À retraiter;aucun;0.0;0.0;0.0;1.0;Termes archaïques en français;0.0;0.0
estre;À retraiter;aucun;0.0;0.0;0.0;1.0;Termes archaïques en français;0.0;0.0
eternument;À retraiter;aucun;0.0;0.0;0.0;1.0;Termes archaïques en français;0.0;0.0
euphuisme;À retraiter;aucun;0.0;0.0;0.0;1.0;Termes littéraires en français;0.0;0.0
eurypygidé;À retraiter;aucun;0.0;0.0;0.0;1.0;Termes soutenus en français;0.0;0.0
eurypygiforme;À retraiter;aucun;0.0;0.0;0.0;1.0;Termes soutenus en français;0.0;0.0
exactinio;À retraiter;aucun;0.0;0.0;0.0;1.0;Termes archaïques en français;0.0;0.0
excluse;À retraiter;aucun;0.0;0.0;0.0;1.0;Termes archaïques en français;0.0;0.0
excusation;À retraiter;aucun;0.0;0.0;0.0;1.0;Termes archaïques en français;0.0;0.0
exhortoit;À retraiter;aucun;0.0;0.0;0.0;1.0;Termes archaïques en français;0.0;0.0
exradio;À retraiter;aucun;0.0;0.0;0.0;1.0;Termes archaïques en français;0.0;0.0
exthorio;À retraiter;aucun;0.0;0.0;0.0;1.0;Termes archaïques en français;0.0;0.0
extumescence;À retraiter;aucun;0.0;0.0;0.0;1.0;Termes littéraires en français;0.0;0.0
facticité;À retraiter;aucun;0.0;0.0;0.0;1.0;Termes littéraires en français;0.0;0.0
faict;À retraiter;aucun;0.0;0.0;0.0;1.0;Termes archaïques en français;0.0;0.0
failloit;À retraiter;aucun;0.0;0.0;0.0;1.0;Termes archaïques en français;0.0;0.0
faiz;À retraiter;aucun;0.0;0.0;0.0;1.0;Termes archaïques en français;0.0;0.0
falaiseux;À retraiter;aucun;0.0;0.0;0.0;1.0;Termes littéraires en français;0.0;0.0
falconidé;À retraiter;aucun;0.0;0.0;0.0;1.0;Termes soutenus en français;0.0;0.0
falconiforme;À retraiter;aucun;0.0;0.0;0.0;1.0;Termes soutenus en français;0.0;0.0
falloit;À retraiter;aucun;0.0;0.0;0.0;1.0;Termes archaïques en français;0.0;0.0
fanfrelucheux;À retraiter;aucun;0.0;0.0;0.0;1.0;Termes littéraires en français;0.0;0.0
fantasquement;À retraiter;aucun;0.0;0.0;0.0;1.0;Termes littéraires en français;0.0;0.0
faquine;À retraiter;aucun;0.0;0.0;0.0;1.0;Termes littéraires en français;0.0;0.0
fascher;À retraiter;aucun;0.0;0.0;0.0;1.0;Termes archaïques en français;0.0;0.0
fascheux;À retraiter;aucun;0.0;0.0;0.0;1.0;Termes archaïques en français;0.0;0.0
faulx;À retraiter;aucun;0.0;0.0;0.0;1.0;Termes archaïques en français;0.0;0.0
fenestre;À retraiter;aucun;0.0;0.0;0.0;1.0;Termes archaïques en français;0.0;0.0
feuil;À retraiter;aucun;0.0;0.0;0.0;1.0;Termes soutenus en français;0.0;0.0
feuillans;À retraiter;aucun;0.0;0.0;0.0;1.0;Termes archaïques en français;0.0;0.0
feüille;À retraiter;aucun;0.0;0.0;0.0;1.0;Termes archaïques en français;0.0;0.0
fidellement;À retraiter;aucun;0.0;0.0;0.0;1.0;Termes archaïques en français;0.0;0.0
fierton;À retraiter;aucun;0.0;0.0;0.0;1.0;Termes archaïques en français;0.0;0.0
filandière;À retraiter;aucun;0.0;0.0;0.0;1.0;Termes poétiques en français;0.0;0.0
filatier;À retraiter;aucun;0.0;0.0;0.0;1.0;Termes archaïques en français;0.0;0.0
filatière;À retraiter;aucun;0.0;0.0;0.0;1.0;Termes archaïques en français;0.0;0.0
fimbrié;À retraiter;aucun;0.0;0.0;0.0;1.0;Termes archaïques en français;0.0;0.0
finyr;À retraiter;aucun;0.0;0.0;0.0;1.0;Termes archaïques en français;0.0;0.0
flagrer;À retraiter;aucun;0.0;0.0;0.0;1.0;Termes poétiques en français;0.0;0.0
flatteresse;À retraiter;aucun;0.0;0.0;0.0;1.0;"Termes littéraires en français; Termes archaïques en français";0.0;0.0
flavescent;À retraiter;aucun;0.0;0.0;0.0;1.0;Termes poétiques en français;0.0;0.0
flesche;À retraiter;aucun;0.0;0.0;0.0;1.0;Termes archaïques en français;0.0;0.0
floconnade;À retraiter;aucun;0.0;0.0;0.0;1.0;Termes poétiques en français;0.0;0.0
floflotter;À retraiter;aucun;0.0;0.0;0.0;1.0;Termes poétiques en français;0.0;0.0
floraître;À retraiter;aucun;0.0;0.0;0.0;1.0;Termes poétiques en français;0.0;0.0
fluent;À retraiter;aucun;0.0;0.0;0.0;1.0;Termes archaïques en français;0.0;0.0
fluer;À retraiter;aucun;0.0;0.0;0.0;1.0;Termes littéraires en français;0.0;0.0
fluir;À retraiter;aucun;0.0;0.0;0.0;1.0;Termes archaïques en français;0.0;0.0
fluë;À retraiter;aucun;0.0;0.0;0.0;1.0;Termes archaïques en français;0.0;0.0
fléche;À retraiter;aucun;0.0;0.0;0.0;1.0;Termes archaïques en français;0.0;0.0
fonduë;À retraiter;aucun;0.0;0.0;0.0;1.0;Termes archaïques en français;0.0;0.0
font;À retraiter;aucun;0.0;0.0;0.0;1.0;Termes poétiques en français;0.0;0.0
forest;À retraiter;aucun;0.0;0.0;0.0;1.0;Termes archaïques en français;0.0;0.0
forgerie;À retraiter;aucun;0.0;0.0;0.0;1.0;Termes littéraires en français;0.0;0.0
formose;À retraiter;aucun;0.0;0.0;0.0;1.0;Termes poétiques en français;0.0;0.0
fornage;À retraiter;aucun;0.0;0.0;0.0;1.0;Termes archaïques en français;0.0;0.0
fortrait;À retraiter;aucun;0.0;0.0;0.0;1.0;Termes littéraires en français;0.0;0.0
fraische;À retraiter;aucun;0.0;0.0;0.0;1.0;Termes archaïques en français;0.0;0.0
frank;À retraiter;aucun;0.0;0.0;0.0;1.0;Termes littéraires en français;0.0;0.0
freindre;À retraiter;aucun;0.0;0.0;0.0;1.0;Termes archaïques en français;0.0;0.0
fripperie;À retraiter;aucun;0.0;0.0;0.0;1.0;Termes archaïques en français;0.0;0.0
frippier;À retraiter;aucun;0.0;0.0;0.0;1.0;Termes archaïques en français;0.0;0.0
frumental;À retraiter;aucun;0.0;0.0;0.0;1.0;Termes soutenus en français;0.0;0.0
frégatidé;À retraiter;aucun;0.0;0.0;0.0;1.0;Termes soutenus en français;0.0;0.0
fus;À retraiter;aucun;0.0;0.0;0.0;1.0;Termes archaïques en français;0.0;0.0
fust;À retraiter;aucun;0.0;0.0;0.0;1.0;Termes archaïques en français;0.0;0.0
fustaie;À retraiter;aucun;0.0;0.0;0.0;1.0;Termes archaïques en français;0.0;0.0
fæcal;À retraiter;aucun;0.0;0.0;0.0;1.0;Termes archaïques en français;0.0;0.0
fæces;À retraiter;aucun;0.0;0.0;0.0;1.0;Termes archaïques en français;0.0;0.0
félinerie;À retraiter;aucun;0.0;0.0;0.0;1.0;Termes littéraires en français;0.0;0.0
féminaire;À retraiter;aucun;0.0;0.0;0.0;1.0;"Termes littéraires en français; Termes poétiques en français";0.0;0.0
fî;À retraiter;aucun;0.0;0.0;0.0;1.0;Termes archaïques en français;0.0;0.0
fœderal;À retraiter;aucun;0.0;0.0;0.0;1.0;Termes archaïques en français;0.0;0.0
fœderale;À retraiter;aucun;0.0;0.0;0.0;1.0;Termes archaïques en français;0.0;0.0
fœderales;À retraiter;aucun;0.0;0.0;0.0;1.0;Termes archaïques en français;0.0;0.0
fœderation;À retraiter;aucun;0.0;0.0;0.0;1.0;Termes archaïques en français;0.0;0.0
fœderaux;À retraiter;aucun;0.0;0.0;0.0;1.0;Termes archaïques en français;0.0;0.0
fœdité;À retraiter;aucun;0.0;0.0;0.0;1.0;Termes archaïques en français;0.0;0.0
gabelant;À retraiter;aucun;0.0;0.0;0.0;1.0;Termes archaïques en français;0.0;0.0
gadiforme;À retraiter;aucun;0.0;0.0;0.0;1.0;Termes soutenus en français;0.0;0.0
galbulidé;À retraiter;aucun;0.0;0.0;0.0;1.0;Termes soutenus en français;0.0;0.0
galete;À retraiter;aucun;0.0;0.0;0.0;1.0;Termes archaïques en français;0.0;0.0
gandouse;À retraiter;aucun;0.0;0.0;0.0;1.0;Termes soutenus en français;0.0;0.0
gangræne;À retraiter;aucun;0.0;0.0;0.0;1.0;Termes archaïques en français;0.0;0.0
gausserie;À retraiter;aucun;0.0;0.0;0.0;1.0;Termes soutenus en français;0.0;0.0
gaviidé;À retraiter;aucun;0.0;0.0;0.0;1.0;Termes soutenus en français;0.0;0.0
gaviiforme;À retraiter;aucun;0.0;0.0;0.0;1.0;Termes soutenus en français;0.0;0.0
gaye;À retraiter;aucun;0.0;0.0;0.0;1.0;Termes archaïques en français;0.0;0.0
gayes;À retraiter;aucun;0.0;0.0;0.0;1.0;Termes archaïques en français;0.0;0.0
gays;À retraiter;aucun;0.0;0.0;0.0;1.0;Termes archaïques en français;0.0;0.0
geodæsie;À retraiter;aucun;0.0;0.0;0.0;1.0;Termes archaïques en français;0.0;0.0
gerberie;À retraiter;aucun;0.0;0.0;0.0;1.0;Termes archaïques en français;0.0;0.0
gerrai;À retraiter;aucun;0.0;0.0;0.0;1.0;Termes archaïques en français;0.0;0.0
gerras;À retraiter;aucun;0.0;0.0;0.0;1.0;Termes archaïques en français;0.0;0.0
gerray;À retraiter;aucun;0.0;0.0;0.0;1.0;Termes archaïques en français;0.0;0.0
ghiaber;À retraiter;aucun;0.0;0.0;0.0;1.0;Termes archaïques en français;0.0;0.0
girofla;À retraiter;aucun;0.0;0.0;0.0;1.0;Termes poétiques en français;0.0;0.0
girovague;À retraiter;aucun;0.0;0.0;0.0;1.0;Termes littéraires en français;0.0;0.0
gitanelle;À retraiter;aucun;0.0;0.0;0.0;1.0;Termes littéraires en français;0.0;0.0
glaineur;À retraiter;aucun;0.0;0.0;0.0;1.0;Termes archaïques en français;0.0;0.0
glaineuse;À retraiter;aucun;0.0;0.0;0.0;1.0;Termes archaïques en français;0.0;0.0
glaréolidé;À retraiter;aucun;0.0;0.0;0.0;1.0;Termes soutenus en français;0.0;0.0
glottisme;À retraiter;aucun;0.0;0.0;0.0;1.0;Termes poétiques en français;0.0;0.0
gomphe;À retraiter;aucun;0.0;0.0;0.0;1.0;Termes littéraires en français;0.0;0.0
gonorrhœe;À retraiter;aucun;0.0;0.0;0.0;1.0;Termes archaïques en français;0.0;0.0
gorgonien;À retraiter;aucun;0.0;0.0;0.0;1.0;Termes littéraires en français;0.0;0.0
goust;À retraiter;aucun;0.0;0.0;0.0;1.0;Termes archaïques en français;0.0;0.0
gouster;À retraiter;aucun;0.0;0.0;0.0;1.0;Termes archaïques en français;0.0;0.0
goute;À retraiter;aucun;0.0;0.0;0.0;1.0;Termes archaïques en français;0.0;0.0
goutelette;À retraiter;aucun;0.0;0.0;0.0;1.0;Termes archaïques en français;0.0;0.0
goï;À retraiter;aucun;0.0;0.0;0.0;1.0;Termes archaïques en français;0.0;0.0
grans;À retraiter;aucun;0.0;0.0;0.0;1.0;Termes archaïques en français;0.0;0.0
grantécrivain;À retraiter;aucun;0.0;0.0;0.0;1.0;Termes littéraires en français;0.0;0.0
grapignan;À retraiter;aucun;0.0;0.0;0.0;1.0;Termes archaïques en français;0.0;0.0
graveure;À retraiter;aucun;0.0;0.0;0.0;1.0;Termes archaïques en français;0.0;0.0
gravûre;À retraiter;aucun;0.0;0.0;0.0;1.0;Termes archaïques en français;0.0;0.0
gresler;À retraiter;aucun;0.0;0.0;0.0;1.0;Termes archaïques en français;0.0;0.0
grisard;À retraiter;aucun;0.0;0.0;0.0;1.0;Termes archaïques en français;0.0;0.0
grollerie;À retraiter;aucun;0.0;0.0;0.0;1.0;Termes archaïques en français;0.0;0.0
gromphe;À retraiter;aucun;0.0;0.0;0.0;1.0;Termes littéraires en français;0.0;0.0
gruidé;À retraiter;aucun;0.0;0.0;0.0;1.0;Termes soutenus en français;0.0;0.0
gruiforme;À retraiter;aucun;0.0;0.0;0.0;1.0;Termes soutenus en français;0.0;0.0
græc;À retraiter;aucun;0.0;0.0;0.0;1.0;Termes archaïques en français;0.0;0.0
guespe;À retraiter;aucun;0.0;0.0;0.0;1.0;Termes archaïques en français;0.0;0.0
guillée;À retraiter;aucun;0.0;0.0;0.0;1.0;Termes archaïques en français;0.0;0.0
guérillère;À retraiter;aucun;0.0;0.0;0.0;1.0;Termes archaïques en français;0.0;0.0
gynæcocratie;À retraiter;aucun;0.0;0.0;0.0;1.0;Termes archaïques en français;0.0;0.0
gynæcologie;À retraiter;aucun;0.0;0.0;0.0;1.0;Termes archaïques en français;0.0;0.0
gynæcologique;À retraiter;aucun;0.0;0.0;0.0;1.0;Termes archaïques en français;0.0;0.0
gynæconome;À retraiter;aucun;0.0;0.0;0.0;1.0;Termes archaïques en français;0.0;0.0
gyrovague;À retraiter;aucun;0.0;0.0;0.0;1.0;Termes littéraires en français;0.0;0.0
gélide;À retraiter;aucun;0.0;0.0;0.0;1.0;Termes poétiques en français;0.0;0.0
génitoires;À retraiter;aucun;0.0;0.0;0.0;1.0;Termes archaïques en français;0.0;0.0
hai;À retraiter;aucun;0.0;0.0;0.0;1.0;Termes archaïques en français;0.0;0.0
haillette;À retraiter;aucun;0.0;0.0;0.0;1.0;Termes archaïques en français;0.0;0.0
harpailler;À retraiter;aucun;0.0;0.0;0.0;1.0;Termes archaïques en français;0.0;0.0
harpion;À retraiter;aucun;0.0;0.0;0.0;1.0;Termes archaïques en français;0.0;0.0
haster;À retraiter;aucun;0.0;0.0;0.0;1.0;Termes archaïques en français;0.0;0.0
hastif;À retraiter;aucun;0.0;0.0;0.0;1.0;Termes archaïques en français;0.0;0.0
hastivement;À retraiter;aucun;0.0;0.0;0.0;1.0;Termes archaïques en français;0.0;0.0
havoir;À retraiter;aucun;0.0;0.0;0.0;1.0;Termes archaïques en français;0.0;0.0
haytien;À retraiter;aucun;0.0;0.0;0.0;1.0;Termes archaïques en français;0.0;0.0
hazard;À retraiter;aucun;0.0;0.0;0.0;1.0;Termes archaïques en français;0.0;0.0
heimweh;À retraiter;aucun;0.0;0.0;0.0;1.0;Termes littéraires en français;0.0;0.0
hemisphære;À retraiter;aucun;0.0;0.0;0.0;1.0;Termes archaïques en français;0.0;0.0
hermitesse;À retraiter;aucun;0.0;0.0;0.0;1.0;Termes archaïques en français;0.0;0.0
herpaille;À retraiter;aucun;0.0;0.0;0.0;1.0;Termes archaïques en français;0.0;0.0
hespagnol;À retraiter;aucun;0.0;0.0;0.0;1.0;Termes archaïques en français;0.0;0.0
hispide;À retraiter;aucun;0.0;0.0;0.0;1.0;Termes littéraires en français;0.0;0.0
hiémal;À retraiter;aucun;0.0;0.0;0.0;1.0;Termes soutenus en français;0.0;0.0
honneste;À retraiter;aucun;0.0;0.0;0.0;1.0;Termes archaïques en français;0.0;0.0
honnestement;À retraiter;aucun;0.0;0.0;0.0;1.0;Termes archaïques en français;0.0;0.0
honnesteté;À retraiter;aucun;0.0;0.0;0.0;1.0;Termes archaïques en français;0.0;0.0
hospital;À retraiter;aucun;0.0;0.0;0.0;1.0;Termes archaïques en français;0.0;0.0
houzée;À retraiter;aucun;0.0;0.0;0.0;1.0;Termes archaïques en français;0.0;0.0
huitante;À retraiter;aucun;0.0;0.0;0.0;1.0;Termes archaïques en français;0.0;0.0
hydrobatidé;À retraiter;aucun;0.0;0.0;0.0;1.0;Termes soutenus en français;0.0;0.0
hydromèle;À retraiter;aucun;0.0;0.0;0.0;1.0;Termes archaïques en français;0.0;0.0
hypæthre;À retraiter;aucun;0.0;0.0;0.0;1.0;Termes archaïques en français;0.0;0.0
hyrcanien;À retraiter;aucun;0.0;0.0;0.0;1.0;Termes littéraires en français;0.0;0.0
hyver;À retraiter;aucun;0.0;0.0;0.0;1.0;Termes archaïques en français;0.0;0.0
hyæne;À retraiter;aucun;0.0;0.0;0.0;1.0;Termes archaïques en français;0.0;0.0
hyéroglyphe;À retraiter;aucun;0.0;0.0;0.0;1.0;Termes archaïques en français;0.0;0.0
hæmatose;À retraiter;aucun;0.0;0.0;0.0;1.0;Termes archaïques en français;0.0;0.0
hæmaturie;À retraiter;aucun;0.0;0.0;0.0;1.0;Termes archaïques en français;0.0;0.0
hæmorrhagie;À retraiter;aucun;0.0;0.0;0.0;1.0;Termes archaïques en français;0.0;0.0
hæresie;À retraiter;aucun;0.0;0.0;0.0;1.0;Termes archaïques en français;0.0;0.0
hæretique;À retraiter;aucun;0.0;0.0;0.0;1.0;Termes archaïques en français;0.0;0.0
hæsiter;À retraiter;aucun;0.0;0.0;0.0;1.0;Termes archaïques en français;0.0;0.0
héez;À retraiter;aucun;0.0;0.0;0.0;1.0;Termes archaïques en français;0.0;0.0
héliornithidé;À retraiter;aucun;0.0;0.0;0.0;1.0;Termes soutenus en français;0.0;0.0
hématopodidé;À retraiter;aucun;0.0;0.0;0.0;1.0;Termes soutenus en français;0.0;0.0
hémichordé;À retraiter;aucun;0.0;0.0;0.0;1.0;Termes soutenus en français;0.0;0.0
hémiprocnidé;À retraiter;aucun;0.0;0.0;0.0;1.0;Termes soutenus en français;0.0;0.0
hémétique;À retraiter;aucun;0.0;0.0;0.0;1.0;Termes archaïques en français;0.0;0.0
hölderlinien;À retraiter;aucun;0.0;0.0;0.0;1.0;Termes littéraires en français;0.0;0.0
ibidorhynchidé;À retraiter;aucun;0.0;0.0;0.0;1.0;Termes soutenus en français;0.0;0.0
idolâtresse;À retraiter;aucun;0.0;0.0;0.0;1.0;Termes archaïques en français;0.0;0.0
ignoroit;À retraiter;aucun;0.0;0.0;0.0;1.0;Termes archaïques en français;0.0;0.0
illuner;À retraiter;aucun;0.0;0.0;0.0;1.0;"Termes littéraires en français; Termes poétiques en français";0.0;0.0
illèse;À retraiter;aucun;0.0;0.0;0.0;1.0;Termes archaïques en français;0.0;0.0
imbelle;À retraiter;aucun;0.0;0.0;0.0;1.0;Termes littéraires en français;0.0;0.0
imbiffable;À retraiter;aucun;0.0;0.0;0.0;1.0;Termes littéraires en français;0.0;0.0
immémoré;À retraiter;aucun;0.0;0.0;0.0;1.0;Termes littéraires en français;0.0;0.0
impavidement;À retraiter;aucun;0.0;0.0;0.0;1.0;Termes littéraires en français;0.0;0.0
inadmettable;À retraiter;aucun;0.0;0.0;0.0;1.0;Termes poétiques en français;0.0;0.0
inadvenu;À retraiter;aucun;0.0;0.0;0.0;1.0;Termes littéraires en français;0.0;0.0
inadversion;À retraiter;aucun;0.0;0.0;0.0;1.0;Termes poétiques en français;0.0;0.0
inamissible;À retraiter;aucun;0.0;0.0;0.0;1.0;"Termes soutenus en français; Termes littéraires en français";0.0;0.0
inattingible;À retraiter;aucun;0.0;0.0;0.0;1.0;Termes soutenus en français;0.0;0.0
inconsutile;À retraiter;aucun;0.0;0.0;0.0;1.0;Termes littéraires en français;0.0;0.0
incontenté;À retraiter;aucun;0.0;0.0;0.0;1.0;Termes soutenus en français;0.0;0.0
incunnabule;À retraiter;aucun;0.0;0.0;0.0;1.0;Termes littéraires en français;0.0;0.0
indicatoridé;À retraiter;aucun;0.0;0.0;0.0;1.0;Termes soutenus en français;0.0;0.0
inexaucé;À retraiter;aucun;0.0;0.0;0.0;1.0;Termes soutenus en français;0.0;0.0
inexercé;À retraiter;aucun;0.0;0.0;0.0;1.0;Termes soutenus en français;0.0;0.0
inexhaustible;À retraiter;aucun;0.0;0.0;0.0;1.0;Termes soutenus en français;0.0;0.0
infortunée;À retraiter;aucun;0.0;0.0;0.0;1.0;Termes soutenus en français;0.0;0.0
infrahumanisation;À retraiter;aucun;0.0;0.0;0.0;1.0;Termes soutenus en français;0.0;0.0
infundibuliforme;À retraiter;aucun;0.0;0.0;0.0;1.0;Termes archaïques en français;0.0;0.0
ingéniaire;À retraiter;aucun;0.0;0.0;0.0;1.0;Termes archaïques en français;0.0;0.0
inhæsion;À retraiter;aucun;0.0;0.0;0.0;1.0;Termes archaïques en français;0.0;0.0
inobédient;À retraiter;aucun;0.0;0.0;0.0;1.0;Termes littéraires en français;0.0;0.0
inouïr;À retraiter;aucun;0.0;0.0;0.0;1.0;Termes littéraires en français;0.0;0.0
instrumens;À retraiter;aucun;0.0;0.0;0.0;1.0;Termes archaïques en français;0.0;0.0
interressant;À retraiter;aucun;0.0;0.0;0.0;1.0;Termes archaïques en français;0.0;0.0
intêret;À retraiter;aucun;0.0;0.0;0.0;1.0;Termes archaïques en français;0.0;0.0
invengé;À retraiter;aucun;0.0;0.0;0.0;1.0;Termes soutenus en français;0.0;0.0
invigorant;À retraiter;aucun;0.0;0.0;0.0;1.0;Termes soutenus en français;0.0;0.0
invigorer;À retraiter;aucun;0.0;0.0;0.0;1.0;Termes soutenus en français;0.0;0.0
invocateresse;À retraiter;aucun;0.0;0.0;0.0;1.0;Termes archaïques en français;0.0;0.0
inægalité;À retraiter;aucun;0.0;0.0;0.0;1.0;Termes archaïques en français;0.0;0.0
inébriant;À retraiter;aucun;0.0;0.0;0.0;1.0;Termes soutenus en français;0.0;0.0
inébrier;À retraiter;aucun;0.0;0.0;0.0;1.0;Termes soutenus en français;0.0;0.0
irretrouvable;À retraiter;aucun;0.0;0.0;0.0;1.0;Termes soutenus en français;0.0;0.0
irrécapitulable;À retraiter;aucun;0.0;0.0;0.0;1.0;Termes littéraires en français;0.0;0.0
irrésoluble;À retraiter;aucun;0.0;0.0;0.0;1.0;Termes archaïques en français;0.0;0.0
isle;À retraiter;aucun;0.0;0.0;0.0;1.0;Termes archaïques en français;0.0;0.0
itinérance;À retraiter;aucun;0.0;0.0;0.0;1.0;Termes littéraires en français;0.0;0.0
içi;À retraiter;aucun;0.0;0.0;0.0;1.0;Termes archaïques en français;0.0;0.0
jacanidé;À retraiter;aucun;0.0;0.0;0.0;1.0;Termes soutenus en français;0.0;0.0
jamais;À retraiter;aucun;0.0;0.0;0.0;1.0;Termes littéraires en français;0.0;0.0
jaquerie;À retraiter;aucun;0.0;0.0;0.0;1.0;Termes archaïques en français;0.0;0.0
jardu;À retraiter;aucun;0.0;0.0;0.0;1.0;Termes archaïques en français;0.0;0.0
jaunastre;À retraiter;aucun;0.0;0.0;0.0;1.0;Termes archaïques en français;0.0;0.0
jetter;À retraiter;aucun;0.0;0.0;0.0;1.0;Termes archaïques en français;0.0;0.0
jeux;À retraiter;aucun;0.0;0.0;0.0;1.0;Termes poétiques en français;0.0;0.0
jobelin;À retraiter;aucun;0.0;0.0;0.0;1.0;Termes littéraires en français;0.0;0.0
jocrisserie;À retraiter;aucun;0.0;0.0;0.0;1.0;Termes soutenus en français;0.0;0.0
jouvente;À retraiter;aucun;0.0;0.0;0.0;1.0;Termes poétiques en français;0.0;0.0
joye;À retraiter;aucun;0.0;0.0;0.0;1.0;Termes archaïques en français;0.0;0.0
joûra;À retraiter;aucun;0.0;0.0;0.0;1.0;Termes archaïques en français;0.0;0.0
jubis;À retraiter;aucun;0.0;0.0;0.0;1.0;Termes archaïques en français;0.0;0.0
juché;À retraiter;aucun;0.0;0.0;0.0;1.0;Termes littéraires en français;0.0;0.0
juvénaliser;À retraiter;aucun;0.0;0.0;0.0;1.0;Termes soutenus en français;0.0;0.0
jà;À retraiter;aucun;0.0;0.0;0.0;1.0;Termes archaïques en français;0.0;0.0
kabaïl;À retraiter;aucun;0.0;0.0;0.0;1.0;Termes archaïques en français;0.0;0.0
kanguroo;À retraiter;aucun;0.0;0.0;0.0;1.0;Termes archaïques en français;0.0;0.0
kermès;À retraiter;aucun;0.0;0.0;0.0;1.0;Termes archaïques en français;0.0;0.0
lacquais;À retraiter;aucun;0.0;0.0;0.0;1.0;Termes archaïques en français;0.0;0.0
laideronne;À retraiter;aucun;0.0;0.0;0.0;1.0;Termes littéraires en français;0.0;0.0
landsknechtement;À retraiter;aucun;0.0;0.0;0.0;1.0;Termes littéraires en français;0.0;0.0
laridé;À retraiter;aucun;0.0;0.0;0.0;1.0;Termes soutenus en français;0.0;0.0
larronne;À retraiter;aucun;0.0;0.0;0.0;1.0;Termes littéraires en français;0.0;0.0
lasche;À retraiter;aucun;0.0;0.0;0.0;1.0;Termes archaïques en français;0.0;0.0
lascher;À retraiter;aucun;0.0;0.0;0.0;1.0;Termes archaïques en français;0.0;0.0
lascheté;À retraiter;aucun;0.0;0.0;0.0;1.0;Termes archaïques en français;0.0;0.0
laudatif;À retraiter;aucun;0.0;0.0;0.0;1.0;Termes soutenus en français;0.0;0.0
laudativement;À retraiter;aucun;0.0;0.0;0.0;1.0;Termes soutenus en français;0.0;0.0
leptosomatidé;À retraiter;aucun;0.0;0.0;0.0;1.0;Termes soutenus en français;0.0;0.0
leptosomatiforme;À retraiter;aucun;0.0;0.0;0.0;1.0;Termes soutenus en français;0.0;0.0
leptosomidé;À retraiter;aucun;0.0;0.0;0.0;1.0;Termes soutenus en français;0.0;0.0
leptosomiforme;À retraiter;aucun;0.0;0.0;0.0;1.0;Termes soutenus en français;0.0;0.0
lez;À retraiter;aucun;0.0;0.0;0.0;1.0;Termes archaïques en français;0.0;0.0
libertez;À retraiter;aucun;0.0;0.0;0.0;1.0;Termes archaïques en français;0.0;0.0
libertés;À retraiter;aucun;0.0;0.0;0.0;1.0;Termes archaïques en français;0.0;0.0
lieutenande;À retraiter;aucun;0.0;0.0;0.0;1.0;Termes archaïques en français;0.0;0.0
limphe;À retraiter;aucun;0.0;0.0;0.0;1.0;Termes archaïques en français;0.0;0.0
linguicide;À retraiter;aucun;0.0;0.0;0.0;1.0;Termes soutenus en français;0.0;0.0
logiste;À retraiter;aucun;0.0;0.0;0.0;1.0;Termes archaïques en français;0.0;0.0
lointainement;À retraiter;aucun;0.0;0.0;0.0;1.0;Termes littéraires en français;0.0;0.0
loix;À retraiter;aucun;0.0;0.0;0.0;1.0;Termes archaïques en français;0.0;0.0
longævité;À retraiter;aucun;0.0;0.0;0.0;1.0;Termes archaïques en français;0.0;0.0
lonine;À retraiter;aucun;0.0;0.0;0.0;1.0;Termes archaïques en français;0.0;0.0
lophophorate;À retraiter;aucun;0.0;0.0;0.0;1.0;Termes soutenus en français;0.0;0.0
lophophoridé;À retraiter;aucun;0.0;0.0;0.0;1.0;Termes soutenus en français;0.0;0.0
lophophorien;À retraiter;aucun;0.0;0.0;0.0;1.0;Termes soutenus en français;0.0;0.0
lophophoronidé;À retraiter;aucun;0.0;0.0;0.0;1.0;Termes soutenus en français;0.0;0.0
lophophoré;À retraiter;aucun;0.0;0.0;0.0;1.0;Termes soutenus en français;0.0;0.0
loy;À retraiter;aucun;0.0;0.0;0.0;1.0;Termes archaïques en français;0.0;0.0
loys;À retraiter;aucun;0.0;0.0;0.0;1.0;Termes archaïques en français;0.0;0.0
lumiere;À retraiter;aucun;0.0;0.0;0.0;1.0;Termes archaïques en français;0.0;0.0
lusitain;À retraiter;aucun;0.0;0.0;0.0;1.0;Termes littéraires en français;0.0;0.0
lybiidé;À retraiter;aucun;0.0;0.0;0.0;1.0;Termes soutenus en français;0.0;0.0
lycantropie;À retraiter;aucun;0.0;0.0;0.0;1.0;Termes archaïques en français;0.0;0.0
lycopode;À retraiter;aucun;0.0;0.0;0.0;1.0;Termes archaïques en français;0.0;0.0
læsion;À retraiter;aucun;0.0;0.0;0.0;1.0;Termes archaïques en français;0.0;0.0
lævogyre;À retraiter;aucun;0.0;0.0;0.0;1.0;Termes archaïques en français;0.0;0.0
lævorotatoire;À retraiter;aucun;0.0;0.0;0.0;1.0;Termes archaïques en français;0.0;0.0
légomane;À retraiter;aucun;0.0;0.0;0.0;1.0;Termes littéraires en français;0.0;0.0
lépidier;À retraiter;aucun;0.0;0.0;0.0;1.0;Termes soutenus en français;0.0;0.0
lésineur;À retraiter;aucun;0.0;0.0;0.0;1.0;Termes soutenus en français;0.0;0.0
lésineuse;À retraiter;aucun;0.0;0.0;0.0;1.0;Termes soutenus en français;0.0;0.0
lônine;À retraiter;aucun;0.0;0.0;0.0;1.0;Termes archaïques en français;0.0;0.0
lû;À retraiter;aucun;0.0;0.0;0.0;1.0;Termes archaïques en français;0.0;0.0
macaronée;À retraiter;aucun;0.0;0.0;0.0;1.0;Termes littéraires en français;0.0;0.0
macellier;À retraiter;aucun;0.0;0.0;0.0;1.0;Termes archaïques en français;0.0;0.0
machiavéliquement;À retraiter;aucun;0.0;0.0;0.0;1.0;Termes littéraires en français;0.0;0.0
macroglosse;À retraiter;aucun;0.0;0.0;0.0;1.0;Termes archaïques en français;0.0;0.0
madagasse;À retraiter;aucun;0.0;0.0;0.0;1.0;Termes archaïques en français;0.0;0.0
madécasse;À retraiter;aucun;0.0;0.0;0.0;1.0;Termes archaïques en français;0.0;0.0
madégasse;À retraiter;aucun;0.0;0.0;0.0;1.0;Termes archaïques en français;0.0;0.0
magazin;À retraiter;aucun;0.0;0.0;0.0;1.0;Termes archaïques en français;0.0;0.0
magnoliale;À retraiter;aucun;0.0;0.0;0.0;1.0;Termes soutenus en français;0.0;0.0
maint;À retraiter;aucun;0.0;0.0;0.0;1.0;Termes littéraires en français;0.0;0.0
maishui;À retraiter;aucun;0.0;0.0;0.0;1.0;Termes archaïques en français;0.0;0.0
malay;À retraiter;aucun;0.0;0.0;0.0;1.0;Termes archaïques en français;0.0;0.0
malgré;À retraiter;aucun;0.0;0.0;0.0;1.0;"Termes soutenus en français; Termes archaïques en français";0.0;0.0
malhonneste;À retraiter;aucun;0.0;0.0;0.0;1.0;Termes archaïques en français;0.0;0.0
malhonnestement;À retraiter;aucun;0.0;0.0;0.0;1.0;Termes archaïques en français;0.0;0.0
malhonnesteté;À retraiter;aucun;0.0;0.0;0.0;1.0;Termes archaïques en français;0.0;0.0
malivole;À retraiter;aucun;0.0;0.0;0.0;1.0;Termes littéraires en français;0.0;0.0
malévole;À retraiter;aucun;0.0;0.0;0.0;1.0;Termes littéraires en français;0.0;0.0
malévolent;À retraiter;aucun;0.0;0.0;0.0;1.0;Termes littéraires en français;0.0;0.0
maniment;À retraiter;aucun;0.0;0.0;0.0;1.0;Termes archaïques en français;0.0;0.0
manuducteur;À retraiter;aucun;0.0;0.0;0.0;1.0;Termes littéraires en français;0.0;0.0
manîment;À retraiter;aucun;0.0;0.0;0.0;1.0;Termes archaïques en français;0.0;0.0
maraine;À retraiter;aucun;0.0;0.0;0.0;1.0;Termes archaïques en français;0.0;0.0
maraut;À retraiter;aucun;0.0;0.0;0.0;1.0;Termes archaïques en français;0.0;0.0
marauts;À retraiter;aucun;0.0;0.0;0.0;1.0;Termes archaïques en français;0.0;0.0
marengote;À retraiter;aucun;0.0;0.0;0.0;1.0;Termes archaïques en français;0.0;0.0
marengotte;À retraiter;aucun;0.0;0.0;0.0;1.0;Termes archaïques en français;0.0;0.0
marer;À retraiter;aucun;0.0;0.0;0.0;1.0;Termes archaïques en français;0.0;0.0
martyriseur;À retraiter;aucun;0.0;0.0;0.0;1.0;Termes soutenus en français;0.0;0.0
matrône;À retraiter;aucun;0.0;0.0;0.0;1.0;Termes archaïques en français;0.0;0.0
matutin;À retraiter;aucun;0.0;0.0;0.0;1.0;Termes littéraires en français;0.0;0.0
matutineux;À retraiter;aucun;0.0;0.0;0.0;1.0;Termes littéraires en français;0.0;0.0
melancholie;À retraiter;aucun;0.0;0.0;0.0;1.0;Termes archaïques en français;0.0;0.0
melancolie;À retraiter;aucun;0.0;0.0;0.0;1.0;Termes archaïques en français;0.0;0.0
melliflue;À retraiter;aucun;0.0;0.0;0.0;1.0;Termes littéraires en français;0.0;0.0
memoire;À retraiter;aucun;0.0;0.0;0.0;1.0;Termes archaïques en français;0.0;0.0
menteresse;À retraiter;aucun;0.0;0.0;0.0;1.0;Termes littéraires en français;0.0;0.0
meshui;À retraiter;aucun;0.0;0.0;0.0;1.0;"Termes littéraires en français; Termes archaïques en français";0.0;0.0
meslange;À retraiter;aucun;0.0;0.0;0.0;1.0;Termes archaïques en français;0.0;0.0
meslanger;À retraiter;aucun;0.0;0.0;0.0;1.0;Termes archaïques en français;0.0;0.0
mesler;À retraiter;aucun;0.0;0.0;0.0;1.0;Termes archaïques en français;0.0;0.0
meslée;À retraiter;aucun;0.0;0.0;0.0;1.0;Termes archaïques en français;0.0;0.0
mesme;À retraiter;aucun;0.0;0.0;0.0;1.0;Termes archaïques en français;0.0;0.0
messeoir;À retraiter;aucun;0.0;0.0;0.0;1.0;Termes littéraires en français;0.0;0.0
metre;À retraiter;aucun;0.0;0.0;0.0;1.0;Termes archaïques en français;0.0;0.0
meure;À retraiter;aucun;0.0;0.0;0.0;1.0;Termes archaïques en français;0.0;0.0
meusnier;À retraiter;aucun;0.0;0.0;0.0;1.0;Termes archaïques en français;0.0;0.0
mew;À retraiter;aucun;0.0;0.0;0.0;1.0;Termes poétiques en français;0.0;0.0
meûnier;À retraiter;aucun;0.0;0.0;0.0;1.0;Termes archaïques en français;0.0;0.0
miellerie;À retraiter;aucun;0.0;0.0;0.0;1.0;Termes littéraires en français;0.0;0.0
millourt;À retraiter;aucun;0.0;0.0;0.0;1.0;Termes archaïques en français;0.0;0.0
ministral;À retraiter;aucun;0.0;0.0;0.0;1.0;Termes archaïques en français;0.0;0.0
mirailler;À retraiter;aucun;0.0;0.0;0.0;1.0;Termes archaïques en français;0.0;0.0
mithridatisme;À retraiter;aucun;0.0;0.0;0.0;1.0;Termes littéraires en français;0.0;0.0
mitrospingidé;À retraiter;aucun;0.0;0.0;0.0;1.0;Termes soutenus en français;0.0;0.0
mitta;À retraiter;aucun;0.0;0.0;0.0;1.0;Termes poétiques en français;0.0;0.0
modératrice;À retraiter;aucun;0.0;0.0;0.0;1.0;Termes soutenus en français;0.0;0.0
moindrement;À retraiter;aucun;0.0;0.0;0.0;1.0;Termes littéraires en français;0.0;0.0
momotidé;À retraiter;aucun;0.0;0.0;0.0;1.0;Termes soutenus en français;0.0;0.0
mon;À retraiter;aucun;0.0;0.0;0.0;1.0;Termes archaïques en français;0.0;0.0
monnoye;À retraiter;aucun;0.0;0.0;0.0;1.0;Termes archaïques en français;0.0;0.0
monogomphe;À retraiter;aucun;0.0;0.0;0.0;1.0;Termes littéraires en français;0.0;0.0
montain;À retraiter;aucun;0.0;0.0;0.0;1.0;Termes archaïques en français;0.0;0.0
mophète;À retraiter;aucun;0.0;0.0;0.0;1.0;Termes archaïques en français;0.0;0.0
morné;À retraiter;aucun;0.0;0.0;0.0;1.0;Termes archaïques en français;0.0;0.0
morphonyme;À retraiter;aucun;0.0;0.0;0.0;1.0;Termes soutenus en français;0.0;0.0
mortillon;À retraiter;aucun;0.0;0.0;0.0;1.0;Termes poétiques en français;0.0;0.0
mourrir;À retraiter;aucun;0.0;0.0;0.0;1.0;Termes archaïques en français;0.0;0.0
moy;À retraiter;aucun;0.0;0.0;0.0;1.0;Termes archaïques en français;0.0;0.0
muflisme;À retraiter;aucun;0.0;0.0;0.0;1.0;Termes littéraires en français;0.0;0.0
muleter;À retraiter;aucun;0.0;0.0;0.0;1.0;Termes archaïques en français;0.0;0.0
multitudineux;À retraiter;aucun;0.0;0.0;0.0;1.0;Termes littéraires en français;0.0;0.0
multitudinous;À retraiter;aucun;0.0;0.0;0.0;1.0;Termes littéraires en français;0.0;0.0
mundick;À retraiter;aucun;0.0;0.0;0.0;1.0;Termes archaïques en français;0.0;0.0
murmureux;À retraiter;aucun;0.0;0.0;0.0;1.0;Termes poétiques en français;0.0;0.0
musaragne;À retraiter;aucun;0.0;0.0;0.0;1.0;Termes archaïques en français;0.0;0.0
musophagidé;À retraiter;aucun;0.0;0.0;0.0;1.0;Termes soutenus en français;0.0;0.0
musophagiforme;À retraiter;aucun;0.0;0.0;0.0;1.0;Termes soutenus en français;0.0;0.0
musophaginé;À retraiter;aucun;0.0;0.0;0.0;1.0;Termes soutenus en français;0.0;0.0
mynheer;À retraiter;aucun;0.0;0.0;0.0;1.0;Termes archaïques en français;0.0;0.0
myrteux;À retraiter;aucun;0.0;0.0;0.0;1.0;Termes littéraires en français;0.0;0.0
mæandre;À retraiter;aucun;0.0;0.0;0.0;1.0;Termes archaïques en français;0.0;0.0
méchanicien;À retraiter;aucun;0.0;0.0;0.0;1.0;Termes archaïques en français;0.0;0.0
méchanique;À retraiter;aucun;0.0;0.0;0.0;1.0;Termes archaïques en français;0.0;0.0
méfaire;À retraiter;aucun;0.0;0.0;0.0;1.0;Termes soutenus en français;0.0;0.0
mégalaimidé;À retraiter;aucun;0.0;0.0;0.0;1.0;Termes soutenus en français;0.0;0.0
mégapodiidé;À retraiter;aucun;0.0;0.0;0.0;1.0;Termes soutenus en français;0.0;0.0
méger;À retraiter;aucun;0.0;0.0;0.0;1.0;Termes archaïques en français;0.0;0.0
mélancholie;À retraiter;aucun;0.0;0.0;0.0;1.0;Termes archaïques en français;0.0;0.0
ménestrelle;À retraiter;aucun;0.0;0.0;0.0;1.0;Termes soutenus en français;0.0;0.0
ménestrier;À retraiter;aucun;0.0;0.0;0.0;1.0;Termes archaïques en français;0.0;0.0
méprisance;À retraiter;aucun;0.0;0.0;0.0;1.0;Termes archaïques en français;0.0;0.0
méropidé;À retraiter;aucun;0.0;0.0;0.0;1.0;Termes soutenus en français;0.0;0.0
méshui;À retraiter;aucun;0.0;0.0;0.0;1.0;Termes littéraires en français;0.0;0.0
mésitornithidé;À retraiter;aucun;0.0;0.0;0.0;1.0;Termes soutenus en français;0.0;0.0
mésitornithiforme;À retraiter;aucun;0.0;0.0;0.0;1.0;Termes soutenus en français;0.0;0.0
mûreté;À retraiter;aucun;0.0;0.0;0.0;1.0;Termes archaïques en français;0.0;0.0
naphthe;À retraiter;aucun;0.0;0.0;0.0;1.0;Termes archaïques en français;0.0;0.0
naphtène;À retraiter;aucun;0.0;0.0;0.0;1.0;Termes archaïques en français;0.0;0.0
narratologie;À retraiter;aucun;0.0;0.0;0.0;1.0;Termes littéraires en français;0.0;0.0
narratologue;À retraiter;aucun;0.0;0.0;0.0;1.0;Termes littéraires en français;0.0;0.0
natroïde;À retraiter;aucun;0.0;0.0;0.0;1.0;Termes archaïques en français;0.0;0.0
nautonière;À retraiter;aucun;0.0;0.0;0.0;1.0;Termes poétiques en français;0.0;0.0
ne;À retraiter;aucun;0.0;0.0;0.0;1.0;Termes soutenus en français;0.0;0.0
neigeur;À retraiter;aucun;0.0;0.0;0.0;1.0;Termes poétiques en français;0.0;0.0
nestoridé;À retraiter;aucun;0.0;0.0;0.0;1.0;Termes soutenus en français;0.0;0.0
nettoyement;À retraiter;aucun;0.0;0.0;0.0;1.0;Termes archaïques en français;0.0;0.0
niagara;À retraiter;aucun;0.0;0.0;0.0;1.0;Termes archaïques en français;0.0;0.0
nipponophile;À retraiter;aucun;0.0;0.0;0.0;1.0;Termes soutenus en français;0.0;0.0
noirastre;À retraiter;aucun;0.0;0.0;0.0;1.0;Termes archaïques en français;0.0;0.0
noircisseure;À retraiter;aucun;0.0;0.0;0.0;1.0;Termes archaïques en français;0.0;0.0
noircisseures;À retraiter;aucun;0.0;0.0;0.0;1.0;Termes archaïques en français;0.0;0.0
nombreuse;À retraiter;aucun;0.0;0.0;0.0;1.0;Termes soutenus en français;0.0;0.0
nonante;À retraiter;aucun;0.0;0.0;0.0;1.0;Termes archaïques en français;0.0;0.0
nonchaloir;À retraiter;aucun;0.0;0.0;0.0;1.0;Termes littéraires en français;0.0;0.0
nonobstant;À retraiter;aucun;0.0;0.0;0.0;1.0;Termes soutenus en français;0.0;0.0
nonpareil;À retraiter;aucun;0.0;0.0;0.0;1.0;Termes littéraires en français;0.0;0.0
nopces;À retraiter;aucun;0.0;0.0;0.0;1.0;Termes archaïques en français;0.0;0.0
nostre;À retraiter;aucun;0.0;0.0;0.0;1.0;Termes archaïques en français;0.0;0.0
nouveautez;À retraiter;aucun;0.0;0.0;0.0;1.0;Termes archaïques en français;0.0;0.0
nouër;À retraiter;aucun;0.0;0.0;0.0;1.0;Termes archaïques en français;0.0;0.0
noëlien;À retraiter;aucun;0.0;0.0;0.0;1.0;Termes littéraires en français;0.0;0.0
nue;À retraiter;aucun;0.0;0.0;0.0;1.0;"Termes poétiques en français; Termes archaïques en français";0.0;0.0
numididé;À retraiter;aucun;0.0;0.0;0.0;1.0;Termes soutenus en français;0.0;0.0
nyctibiidé;À retraiter;aucun;0.0;0.0;0.0;1.0;Termes soutenus en français;0.0;0.0
néoclassicisme;À retraiter;aucun;0.0;0.0;0.0;1.0;"Termes littéraires en français; Termes poétiques en français";0.0;0.0
oariste;À retraiter;aucun;0.0;0.0;0.0;1.0;Termes littéraires en français;0.0;0.0
oaristes;À retraiter;aucun;0.0;0.0;0.0;1.0;Termes littéraires en français;0.0;0.0
oarystis;À retraiter;aucun;0.0;0.0;0.0;1.0;Termes littéraires en français;0.0;0.0
obduration;À retraiter;aucun;0.0;0.0;0.0;1.0;Termes littéraires en français;0.0;0.0
oblivieux;À retraiter;aucun;0.0;0.0;0.0;1.0;Termes poétiques en français;0.0;0.0
obombrer;À retraiter;aucun;0.0;0.0;0.0;1.0;Termes littéraires en français;0.0;0.0
obæré;À retraiter;aucun;0.0;0.0;0.0;1.0;Termes archaïques en français;0.0;0.0
obédient;À retraiter;aucun;0.0;0.0;0.0;1.0;Termes littéraires en français;0.0;0.0
occurence;À retraiter;aucun;0.0;0.0;0.0;1.0;Termes archaïques en français;0.0;0.0
océanitidé;À retraiter;aucun;0.0;0.0;0.0;1.0;Termes soutenus en français;0.0;0.0
odontophoridé;À retraiter;aucun;0.0;0.0;0.0;1.0;Termes soutenus en français;0.0;0.0
offençant;À retraiter;aucun;0.0;0.0;0.0;1.0;Termes archaïques en français;0.0;0.0
oiseleuse;À retraiter;aucun;0.0;0.0;0.0;1.0;Termes littéraires en français;0.0;0.0
oloir;À retraiter;aucun;0.0;0.0;0.0;1.0;Termes archaïques en français;0.0;0.0
ondain;À retraiter;aucun;0.0;0.0;0.0;1.0;Termes archaïques en français;0.0;0.0
onérer;À retraiter;aucun;0.0;0.0;0.0;1.0;Termes soutenus en français;0.0;0.0
ophthalmographie;À retraiter;aucun;0.0;0.0;0.0;1.0;Termes archaïques en français;0.0;0.0
ophélisation;À retraiter;aucun;0.0;0.0;0.0;1.0;Termes poétiques en français;0.0;0.0
opisthocomidé;À retraiter;aucun;0.0;0.0;0.0;1.0;Termes soutenus en français;0.0;0.0
opisthocomiforme;À retraiter;aucun;0.0;0.0;0.0;1.0;Termes soutenus en français;0.0;0.0
opulemment;À retraiter;aucun;0.0;0.0;0.0;1.0;Termes littéraires en français;0.0;0.0
opératrice;À retraiter;aucun;0.0;0.0;0.0;1.0;Termes archaïques en français;0.0;0.0
ordoncque;À retraiter;aucun;0.0;0.0;0.0;1.0;Termes archaïques en français;0.0;0.0
ordoncques;À retraiter;aucun;0.0;0.0;0.0;1.0;Termes archaïques en français;0.0;0.0
orloge;À retraiter;aucun;0.0;0.0;0.0;1.0;Termes archaïques en français;0.0;0.0
ormoie;À retraiter;aucun;0.0;0.0;0.0;1.0;Termes archaïques en français;0.0;0.0
ors;À retraiter;aucun;0.0;0.0;0.0;1.0;Termes littéraires en français;0.0;0.0
orthopnœe;À retraiter;aucun;0.0;0.0;0.0;1.0;Termes archaïques en français;0.0;0.0
osculaire;À retraiter;aucun;0.0;0.0;0.0;1.0;Termes littéraires en français;0.0;0.0
oster;À retraiter;aucun;0.0;0.0;0.0;1.0;Termes archaïques en français;0.0;0.0
oter;À retraiter;aucun;0.0;0.0;0.0;1.0;Termes archaïques en français;0.0;0.0
otididé;À retraiter;aucun;0.0;0.0;0.0;1.0;Termes soutenus en français;0.0;0.0
otidiforme;À retraiter;aucun;0.0;0.0;0.0;1.0;Termes soutenus en français;0.0;0.0
ouater;À retraiter;aucun;0.0;0.0;0.0;1.0;Termes littéraires en français;0.0;0.0
oublieusement;À retraiter;aucun;0.0;0.0;0.0;1.0;Termes littéraires en français;0.0;0.0
outreciel;À retraiter;aucun;0.0;0.0;0.0;1.0;Termes poétiques en français;0.0;0.0
owerture;À retraiter;aucun;0.0;0.0;0.0;1.0;Termes archaïques en français;0.0;0.0
pact;À retraiter;aucun;0.0;0.0;0.0;1.0;Termes archaïques en français;0.0;0.0
palsambleu;À retraiter;aucun;0.0;0.0;0.0;1.0;Termes archaïques en français;0.0;0.0
palæographie;À retraiter;aucun;0.0;0.0;0.0;1.0;Termes archaïques en français;0.0;0.0
palæographique;À retraiter;aucun;0.0;0.0;0.0;1.0;Termes archaïques en français;0.0;0.0
palæologie;À retraiter;aucun;0.0;0.0;0.0;1.0;Termes archaïques en français;0.0;0.0
pancher;À retraiter;aucun;0.0;0.0;0.0;1.0;Termes archaïques en français;0.0;0.0
pandionidé;À retraiter;aucun;0.0;0.0;0.0;1.0;Termes soutenus en français;0.0;0.0
panerée;À retraiter;aucun;0.0;0.0;0.0;1.0;Termes littéraires en français;0.0;0.0
papelardise;À retraiter;aucun;0.0;0.0;0.0;1.0;Termes littéraires en français;0.0;0.0
paradonnée;À retraiter;aucun;0.0;0.0;0.0;1.0;Termes soutenus en français;0.0;0.0
paralipomènes;À retraiter;aucun;0.0;0.0;0.0;1.0;Termes soutenus en français;0.0;0.0
parleresse;À retraiter;aucun;0.0;0.0;0.0;1.0;"Termes littéraires en français; Termes archaïques en français";0.0;0.0
parmi;À retraiter;aucun;0.0;0.0;0.0;1.0;Termes littéraires en français;0.0;0.0
paroistre;À retraiter;aucun;0.0;0.0;0.0;1.0;Termes archaïques en français;0.0;0.0
particulierement;À retraiter;aucun;0.0;0.0;0.0;1.0;Termes archaïques en français;0.0;0.0
parulidé;À retraiter;aucun;0.0;0.0;0.0;1.0;Termes soutenus en français;0.0;0.0
parænese;À retraiter;aucun;0.0;0.0;0.0;1.0;Termes archaïques en français;0.0;0.0
parænetique;À retraiter;aucun;0.0;0.0;0.0;1.0;Termes archaïques en français;0.0;0.0
pasle;À retraiter;aucun;0.0;0.0;0.0;1.0;Termes archaïques en français;0.0;0.0
pasleur;À retraiter;aucun;0.0;0.0;0.0;1.0;Termes archaïques en français;0.0;0.0
paslir;À retraiter;aucun;0.0;0.0;0.0;1.0;Termes archaïques en français;0.0;0.0
pasmer;À retraiter;aucun;0.0;0.0;0.0;1.0;Termes archaïques en français;0.0;0.0
pasmoison;À retraiter;aucun;0.0;0.0;0.0;1.0;Termes archaïques en français;0.0;0.0
passerellidé;À retraiter;aucun;0.0;0.0;0.0;1.0;Termes soutenus en français;0.0;0.0
passériforme;À retraiter;aucun;0.0;0.0;0.0;1.0;Termes soutenus en français;0.0;0.0
paste;À retraiter;aucun;0.0;0.0;0.0;1.0;Termes archaïques en français;0.0;0.0
pastoure;À retraiter;aucun;0.0;0.0;0.0;1.0;Termes littéraires en français;0.0;0.0
pastourelle;À retraiter;aucun;0.0;0.0;0.0;1.0;Termes littéraires en français;0.0;0.0
pasté;À retraiter;aucun;0.0;0.0;0.0;1.0;Termes archaïques en français;0.0;0.0
patrigot;À retraiter;aucun;0.0;0.0;0.0;1.0;Termes littéraires en français;0.0;0.0
payen;À retraiter;aucun;0.0;0.0;0.0;1.0;Termes archaïques en français;0.0;0.0
payenne;À retraiter;aucun;0.0;0.0;0.0;1.0;Termes archaïques en français;0.0;0.0
payens;À retraiter;aucun;0.0;0.0;0.0;1.0;Termes archaïques en français;0.0;0.0
païennie;À retraiter;aucun;0.0;0.0;0.0;1.0;Termes archaïques en français;0.0;0.0
pensois;À retraiter;aucun;0.0;0.0;0.0;1.0;Termes archaïques en français;0.0;0.0
pentoufle;À retraiter;aucun;0.0;0.0;0.0;1.0;Termes archaïques en français;0.0;0.0
perdiciné;À retraiter;aucun;0.0;0.0;0.0;1.0;Termes soutenus en français;0.0;0.0
perinæe;À retraiter;aucun;0.0;0.0;0.0;1.0;Termes archaïques en français;0.0;0.0
periscelis;À retraiter;aucun;0.0;0.0;0.0;1.0;Termes littéraires en français;0.0;0.0
perne;À retraiter;aucun;0.0;0.0;0.0;1.0;Termes archaïques en français;0.0;0.0
perpétuement;À retraiter;aucun;0.0;0.0;0.0;1.0;Termes littéraires en français;0.0;0.0
pertuisanier;À retraiter;aucun;0.0;0.0;0.0;1.0;Termes archaïques en français;0.0;0.0
pesche;À retraiter;aucun;0.0;0.0;0.0;1.0;Termes archaïques en français;0.0;0.0
pescher;À retraiter;aucun;0.0;0.0;0.0;1.0;Termes archaïques en français;0.0;0.0
pescheur;À retraiter;aucun;0.0;0.0;0.0;1.0;Termes archaïques en français;0.0;0.0
phaenicophilidé;À retraiter;aucun;0.0;0.0;0.0;1.0;Termes soutenus en français;0.0;0.0
phaethornithiné;À retraiter;aucun;0.0;0.0;0.0;1.0;Termes soutenus en français;0.0;0.0
phalacrocoracidé;À retraiter;aucun;0.0;0.0;0.0;1.0;Termes soutenus en français;0.0;0.0
phalle;À retraiter;aucun;0.0;0.0;0.0;1.0;Termes soutenus en français;0.0;0.0
phanal;À retraiter;aucun;0.0;0.0;0.0;1.0;Termes archaïques en français;0.0;0.0
phantaisie;À retraiter;aucun;0.0;0.0;0.0;1.0;Termes poétiques en français;0.0;0.0
phantastique;À retraiter;aucun;0.0;0.0;0.0;1.0;Termes archaïques en français;0.0;0.0
pharmacopœe;À retraiter;aucun;0.0;0.0;0.0;1.0;Termes archaïques en français;0.0;0.0
phasianidé;À retraiter;aucun;0.0;0.0;0.0;1.0;Termes soutenus en français;0.0;0.0
phasianiné;À retraiter;aucun;0.0;0.0;0.0;1.0;Termes soutenus en français;0.0;0.0
phaéthontidé;À retraiter;aucun;0.0;0.0;0.0;1.0;Termes soutenus en français;0.0;0.0
phaéthontiforme;À retraiter;aucun;0.0;0.0;0.0;1.0;Termes soutenus en français;0.0;0.0
philavtie;À retraiter;aucun;0.0;0.0;0.0;1.0;Termes archaïques en français;0.0;0.0
phoronide;À retraiter;aucun;0.0;0.0;0.0;1.0;Termes soutenus en français;0.0;0.0
phoronidien;À retraiter;aucun;0.0;0.0;0.0;1.0;Termes soutenus en français;0.0;0.0
phthisie;À retraiter;aucun;0.0;0.0;0.0;1.0;Termes archaïques en français;0.0;0.0
phycophyte;À retraiter;aucun;0.0;0.0;0.0;1.0;Termes soutenus en français;0.0;0.0
phytopharmaceutique;À retraiter;aucun;0.0;0.0;0.0;1.0;Termes soutenus en français;0.0;0.0
phænomene;À retraiter;aucun;0.0;0.0;0.0;1.0;Termes archaïques en français;0.0;0.0
phœnicien;À retraiter;aucun;0.0;0.0;0.0;1.0;Termes archaïques en français;0.0;0.0
picidé;À retraiter;aucun;0.0;0.0;0.0;1.0;Termes soutenus en français;0.0;0.0
piciforme;À retraiter;aucun;0.0;0.0;0.0;1.0;Termes soutenus en français;0.0;0.0
picquer;À retraiter;aucun;0.0;0.0;0.0;1.0;Termes archaïques en français;0.0;0.0
picqueure;À retraiter;aucun;0.0;0.0;0.0;1.0;Termes archaïques en français;0.0;0.0
pierrette;À retraiter;aucun;0.0;0.0;0.0;1.0;Termes archaïques en français;0.0;0.0
pilistromate;À retraiter;aucun;0.0;0.0;0.0;1.0;Termes soutenus en français;0.0;0.0
pinacée;À retraiter;aucun;0.0;0.0;0.0;1.0;Termes soutenus en français;0.0;0.0
pinale;À retraiter;aucun;0.0;0.0;0.0;1.0;Termes soutenus en français;0.0;0.0
pioler;À retraiter;aucun;0.0;0.0;0.0;1.0;Termes archaïques en français;0.0;0.0
piperesse;À retraiter;aucun;0.0;0.0;0.0;1.0;Termes littéraires en français;0.0;0.0
pipolé;À retraiter;aucun;0.0;0.0;0.0;1.0;Termes archaïques en français;0.0;0.0
piquans;À retraiter;aucun;0.0;0.0;0.0;1.0;Termes archaïques en français;0.0;0.0
piquure;À retraiter;aucun;0.0;0.0;0.0;1.0;Termes archaïques en français;0.0;0.0
pié;À retraiter;aucun;0.0;0.0;0.0;1.0;Termes archaïques en français;0.0;0.0
plaisable;À retraiter;aucun;0.0;0.0;0.0;1.0;Termes archaïques en français;0.0;0.0
plancheur;À retraiter;aucun;0.0;0.0;0.0;1.0;Termes archaïques en français;0.0;0.0
planetique;À retraiter;aucun;0.0;0.0;0.0;1.0;Termes archaïques en français;0.0;0.0
platin;À retraiter;aucun;0.0;0.0;0.0;1.0;Termes archaïques en français;0.0;0.0
platisme;À retraiter;aucun;0.0;0.0;0.0;1.0;Termes archaïques en français;0.0;0.0
playe;À retraiter;aucun;0.0;0.0;0.0;1.0;Termes archaïques en français;0.0;0.0
pluspart;À retraiter;aucun;0.0;0.0;0.0;1.0;Termes archaïques en français;0.0;0.0
plustost;À retraiter;aucun;0.0;0.0;0.0;1.0;Termes archaïques en français;0.0;0.0
pluvianellidé;À retraiter;aucun;0.0;0.0;0.0;1.0;Termes soutenus en français;0.0;0.0
pluvianidé;À retraiter;aucun;0.0;0.0;0.0;1.0;Termes soutenus en français;0.0;0.0
pluye;À retraiter;aucun;0.0;0.0;0.0;1.0;Termes archaïques en français;0.0;0.0
plûpart;À retraiter;aucun;0.0;0.0;0.0;1.0;Termes archaïques en français;0.0;0.0
plûssent;À retraiter;aucun;0.0;0.0;0.0;1.0;Termes archaïques en français;0.0;0.0
plûtost;À retraiter;aucun;0.0;0.0;0.0;1.0;Termes archaïques en français;0.0;0.0
podargidé;À retraiter;aucun;0.0;0.0;0.0;1.0;Termes soutenus en français;0.0;0.0
podocarpacée;À retraiter;aucun;0.0;0.0;0.0;1.0;Termes soutenus en français;0.0;0.0
ponctuaire;À retraiter;aucun;0.0;0.0;0.0;1.0;Termes littéraires en français;0.0;0.0
ponneresse;À retraiter;aucun;0.0;0.0;0.0;1.0;Termes archaïques en français;0.0;0.0
porphyrogénète;À retraiter;aucun;0.0;0.0;0.0;1.0;Termes littéraires en français;0.0;0.0
portugaisisme;À retraiter;aucun;0.0;0.0;0.0;1.0;Termes archaïques en français;0.0;0.0
portugallois;À retraiter;aucun;0.0;0.0;0.0;1.0;Termes archaïques en français;0.0;0.0
postcrépusculaire;À retraiter;aucun;0.0;0.0;0.0;1.0;Termes littéraires en français;0.0;0.0
pourceque;À retraiter;aucun;0.0;0.0;0.0;1.0;Termes archaïques en français;0.0;0.0
pourque;À retraiter;aucun;0.0;0.0;0.0;1.0;Termes archaïques en français;0.0;0.0
poètride;À retraiter;aucun;0.0;0.0;0.0;1.0;Termes archaïques en français;0.0;0.0
poëme;À retraiter;aucun;0.0;0.0;0.0;1.0;Termes littéraires en français;0.0;0.0
poësie;À retraiter;aucun;0.0;0.0;0.0;1.0;Termes archaïques en français;0.0;0.0
poëtes;À retraiter;aucun;0.0;0.0;0.0;1.0;Termes archaïques en français;0.0;0.0
poëtesse;À retraiter;aucun;0.0;0.0;0.0;1.0;Termes archaïques en français;0.0;0.0
poëtiquement;À retraiter;aucun;0.0;0.0;0.0;1.0;Termes archaïques en français;0.0;0.0
poëtrice;À retraiter;aucun;0.0;0.0;0.0;1.0;Termes archaïques en français;0.0;0.0
premierement;À retraiter;aucun;0.0;0.0;0.0;1.0;Termes archaïques en français;0.0;0.0
prendroit;À retraiter;aucun;0.0;0.0;0.0;1.0;Termes archaïques en français;0.0;0.0
prest;À retraiter;aucun;0.0;0.0;0.0;1.0;Termes archaïques en français;0.0;0.0
preveu;À retraiter;aucun;0.0;0.0;0.0;1.0;Termes archaïques en français;0.0;0.0
prevoir;À retraiter;aucun;0.0;0.0;0.0;1.0;Termes archaïques en français;0.0;0.0
priapée;À retraiter;aucun;0.0;0.0;0.0;1.0;Termes littéraires en français;0.0;0.0
problême;À retraiter;aucun;0.0;0.0;0.0;1.0;Termes archaïques en français;0.0;0.0
procellariidé;À retraiter;aucun;0.0;0.0;0.0;1.0;Termes soutenus en français;0.0;0.0
procellariiforme;À retraiter;aucun;0.0;0.0;0.0;1.0;Termes soutenus en français;0.0;0.0
procillon;À retraiter;aucun;0.0;0.0;0.0;1.0;Termes poétiques en français;0.0;0.0
procrastiner;À retraiter;aucun;0.0;0.0;0.0;1.0;Termes soutenus en français;0.0;0.0
proctodæum;À retraiter;aucun;0.0;0.0;0.0;1.0;Termes archaïques en français;0.0;0.0
promenois;À retraiter;aucun;0.0;0.0;0.0;1.0;Termes archaïques en français;0.0;0.0
proprieté;À retraiter;aucun;0.0;0.0;0.0;1.0;Termes archaïques en français;0.0;0.0
propræteur;À retraiter;aucun;0.0;0.0;0.0;1.0;Termes archaïques en français;0.0;0.0
prosopopœe;À retraiter;aucun;0.0;0.0;0.0;1.0;Termes archaïques en français;0.0;0.0
prostibulaire;À retraiter;aucun;0.0;0.0;0.0;1.0;Termes soutenus en français;0.0;0.0
protoconque;À retraiter;aucun;0.0;0.0;0.0;1.0;Termes soutenus en français;0.0;0.0
protoxide;À retraiter;aucun;0.0;0.0;0.0;1.0;Termes archaïques en français;0.0;0.0
protoxides;À retraiter;aucun;0.0;0.0;0.0;1.0;Termes archaïques en français;0.0;0.0
protée;À retraiter;aucun;0.0;0.0;0.0;1.0;Termes littéraires en français;0.0;0.0
proye;À retraiter;aucun;0.0;0.0;0.0;1.0;Termes archaïques en français;0.0;0.0
proéminer;À retraiter;aucun;0.0;0.0;0.0;1.0;Termes littéraires en français;0.0;0.0
præbende;À retraiter;aucun;0.0;0.0;0.0;1.0;Termes archaïques en français;0.0;0.0
præcedent;À retraiter;aucun;0.0;0.0;0.0;1.0;Termes archaïques en français;0.0;0.0
præceder;À retraiter;aucun;0.0;0.0;0.0;1.0;Termes archaïques en français;0.0;0.0
præcepte;À retraiter;aucun;0.0;0.0;0.0;1.0;Termes archaïques en français;0.0;0.0
præcepteur;À retraiter;aucun;0.0;0.0;0.0;1.0;Termes archaïques en français;0.0;0.0
præcipitation;À retraiter;aucun;0.0;0.0;0.0;1.0;Termes archaïques en français;0.0;0.0
prædecesseur;À retraiter;aucun;0.0;0.0;0.0;1.0;Termes archaïques en français;0.0;0.0
prædestination;À retraiter;aucun;0.0;0.0;0.0;1.0;Termes archaïques en français;0.0;0.0
prædiction;À retraiter;aucun;0.0;0.0;0.0;1.0;Termes archaïques en français;0.0;0.0
prædire;À retraiter;aucun;0.0;0.0;0.0;1.0;Termes archaïques en français;0.0;0.0
præface;À retraiter;aucun;0.0;0.0;0.0;1.0;Termes archaïques en français;0.0;0.0
præfect;À retraiter;aucun;0.0;0.0;0.0;1.0;Termes archaïques en français;0.0;0.0
præfecture;À retraiter;aucun;0.0;0.0;0.0;1.0;Termes archaïques en français;0.0;0.0
præferer;À retraiter;aucun;0.0;0.0;0.0;1.0;Termes archaïques en français;0.0;0.0
præjudice;À retraiter;aucun;0.0;0.0;0.0;1.0;Termes archaïques en français;0.0;0.0
præmunir;À retraiter;aucun;0.0;0.0;0.0;1.0;Termes archaïques en français;0.0;0.0
prænom;À retraiter;aucun;0.0;0.0;0.0;1.0;Termes archaïques en français;0.0;0.0
præposition;À retraiter;aucun;0.0;0.0;0.0;1.0;Termes archaïques en français;0.0;0.0
præsence;À retraiter;aucun;0.0;0.0;0.0;1.0;Termes archaïques en français;0.0;0.0
præsent;À retraiter;aucun;0.0;0.0;0.0;1.0;Termes archaïques en français;0.0;0.0
præsentement;À retraiter;aucun;0.0;0.0;0.0;1.0;Termes archaïques en français;0.0;0.0
præsenter;À retraiter;aucun;0.0;0.0;0.0;1.0;Termes archaïques en français;0.0;0.0
præsident;À retraiter;aucun;0.0;0.0;0.0;1.0;Termes archaïques en français;0.0;0.0
præsider;À retraiter;aucun;0.0;0.0;0.0;1.0;Termes archaïques en français;0.0;0.0
præsomption;À retraiter;aucun;0.0;0.0;0.0;1.0;Termes archaïques en français;0.0;0.0
præsomptueux;À retraiter;aucun;0.0;0.0;0.0;1.0;Termes archaïques en français;0.0;0.0
præster;À retraiter;aucun;0.0;0.0;0.0;1.0;Termes archaïques en français;0.0;0.0
præstige;À retraiter;aucun;0.0;0.0;0.0;1.0;Termes archaïques en français;0.0;0.0
præsumer;À retraiter;aucun;0.0;0.0;0.0;1.0;Termes archaïques en français;0.0;0.0
prætendre;À retraiter;aucun;0.0;0.0;0.0;1.0;Termes archaïques en français;0.0;0.0
præteur;À retraiter;aucun;0.0;0.0;0.0;1.0;Termes archaïques en français;0.0;0.0
prætexte;À retraiter;aucun;0.0;0.0;0.0;1.0;Termes archaïques en français;0.0;0.0
près;À retraiter;aucun;0.0;0.0;0.0;1.0;Termes soutenus en français;0.0;0.0
prédatif;À retraiter;aucun;0.0;0.0;0.0;1.0;Termes soutenus en français;0.0;0.0
prégnante;À retraiter;aucun;0.0;0.0;0.0;1.0;Termes archaïques en français;0.0;0.0
prévarication;À retraiter;aucun;0.0;0.0;0.0;1.0;Termes littéraires en français;0.0;0.0
préveu;À retraiter;aucun;0.0;0.0;0.0;1.0;Termes archaïques en français;0.0;0.0
pseaume;À retraiter;aucun;0.0;0.0;0.0;1.0;Termes archaïques en français;0.0;0.0
pseautier;À retraiter;aucun;0.0;0.0;0.0;1.0;Termes archaïques en français;0.0;0.0
psithurisme;À retraiter;aucun;0.0;0.0;0.0;1.0;Termes littéraires en français;0.0;0.0
psittacidé;À retraiter;aucun;0.0;0.0;0.0;1.0;Termes soutenus en français;0.0;0.0
psittaciforme;À retraiter;aucun;0.0;0.0;0.0;1.0;Termes soutenus en français;0.0;0.0
psittacisme;À retraiter;aucun;0.0;0.0;0.0;1.0;Termes soutenus en français;0.0;0.0
psittaculidé;À retraiter;aucun;0.0;0.0;0.0;1.0;Termes soutenus en français;0.0;0.0
psittrichasiidé;À retraiter;aucun;0.0;0.0;0.0;1.0;Termes soutenus en français;0.0;0.0
psophiidé;À retraiter;aucun;0.0;0.0;0.0;1.0;Termes soutenus en français;0.0;0.0
ptéroclididé;À retraiter;aucun;0.0;0.0;0.0;1.0;Termes soutenus en français;0.0;0.0
ptéroclidiforme;À retraiter;aucun;0.0;0.0;0.0;1.0;Termes soutenus en français;0.0;0.0
ptéroclidé;À retraiter;aucun;0.0;0.0;0.0;1.0;Termes soutenus en français;0.0;0.0
ptérocliforme;À retraiter;aucun;0.0;0.0;0.0;1.0;Termes soutenus en français;0.0;0.0
puffisme;À retraiter;aucun;0.0;0.0;0.0;1.0;Termes littéraires en français;0.0;0.0
puis;À retraiter;aucun;0.0;0.0;0.0;1.0;Termes soutenus en français;0.0;0.0
puit;À retraiter;aucun;0.0;0.0;0.0;1.0;Termes archaïques en français;0.0;0.0
pulchre;À retraiter;aucun;0.0;0.0;0.0;1.0;Termes poétiques en français;0.0;0.0
punctum;À retraiter;aucun;0.0;0.0;0.0;1.0;Termes littéraires en français;0.0;0.0
purent;À retraiter;aucun;0.0;0.0;0.0;1.0;Termes archaïques en français;0.0;0.0
put;À retraiter;aucun;0.0;0.0;0.0;1.0;Termes archaïques en français;0.0;0.0
pyrate;À retraiter;aucun;0.0;0.0;0.0;1.0;Termes archaïques en français;0.0;0.0
pâtiment;À retraiter;aucun;0.0;0.0;0.0;1.0;Termes littéraires en français;0.0;0.0
pædagogique;À retraiter;aucun;0.0;0.0;0.0;1.0;Termes archaïques en français;0.0;0.0
pædagogue;À retraiter;aucun;0.0;0.0;0.0;1.0;Termes archaïques en français;0.0;0.0
pæderastie;À retraiter;aucun;0.0;0.0;0.0;1.0;Termes archaïques en français;0.0;0.0
pædiatrie;À retraiter;aucun;0.0;0.0;0.0;1.0;Termes archaïques en français;0.0;0.0
pædiatrique;À retraiter;aucun;0.0;0.0;0.0;1.0;Termes archaïques en français;0.0;0.0
pédionomidé;À retraiter;aucun;0.0;0.0;0.0;1.0;Termes soutenus en français;0.0;0.0
pélécanidé;À retraiter;aucun;0.0;0.0;0.0;1.0;Termes soutenus en français;0.0;0.0
pélécaniforme;À retraiter;aucun;0.0;0.0;0.0;1.0;Termes soutenus en français;0.0;0.0
pérennel;À retraiter;aucun;0.0;0.0;0.0;1.0;Termes littéraires en français;0.0;0.0
périculeux;À retraiter;aucun;0.0;0.0;0.0;1.0;Termes soutenus en français;0.0;0.0
périlleusement;À retraiter;aucun;0.0;0.0;0.0;1.0;Termes soutenus en français;0.0;0.0
pétrarquisant;À retraiter;aucun;0.0;0.0;0.0;1.0;Termes littéraires en français;0.0;0.0
pêcheresse;À retraiter;aucun;0.0;0.0;0.0;1.0;Termes poétiques en français;0.0;0.0
pû;À retraiter;aucun;0.0;0.0;0.0;1.0;Termes archaïques en français;0.0;0.0
pût;À retraiter;aucun;0.0;0.0;0.0;1.0;Termes archaïques en français;0.0;0.0
pûtes;À retraiter;aucun;0.0;0.0;0.0;1.0;Termes archaïques en français;0.0;0.0
pœnal;À retraiter;aucun;0.0;0.0;0.0;1.0;Termes archaïques en français;0.0;0.0
pœnale;À retraiter;aucun;0.0;0.0;0.0;1.0;Termes archaïques en français;0.0;0.0
pœnales;À retraiter;aucun;0.0;0.0;0.0;1.0;Termes archaïques en français;0.0;0.0
pœnaux;À retraiter;aucun;0.0;0.0;0.0;1.0;Termes archaïques en français;0.0;0.0
pœne;À retraiter;aucun;0.0;0.0;0.0;1.0;Termes archaïques en français;0.0;0.0
quacre;À retraiter;aucun;0.0;0.0;0.0;1.0;Termes archaïques en français;0.0;0.0
quadrans;À retraiter;aucun;0.0;0.0;0.0;1.0;Termes archaïques en français;0.0;0.0
qualifîrai;À retraiter;aucun;0.0;0.0;0.0;1.0;Termes archaïques en français;0.0;0.0
que;À retraiter;aucun;0.0;0.0;0.0;1.0;Termes littéraires en français;0.0;0.0
quelque;À retraiter;aucun;0.0;0.0;0.0;1.0;Termes littéraires en français;0.0;0.0
querir;À retraiter;aucun;0.0;0.0;0.0;1.0;Termes archaïques en français;0.0;0.0
queste;À retraiter;aucun;0.0;0.0;0.0;1.0;Termes archaïques en français;0.0;0.0
questresse;À retraiter;aucun;0.0;0.0;0.0;1.0;Termes archaïques en français;0.0;0.0
qui;À retraiter;aucun;0.0;0.0;0.0;1.0;Termes littéraires en français;0.0;0.0
quotepart;À retraiter;aucun;0.0;0.0;0.0;1.0;Termes archaïques en français;0.0;0.0
quæsteur;À retraiter;aucun;0.0;0.0;0.0;1.0;Termes archaïques en français;0.0;0.0
quæstion;À retraiter;aucun;0.0;0.0;0.0;1.0;Termes archaïques en français;0.0;0.0
raffraîchir;À retraiter;aucun;0.0;0.0;0.0;1.0;Termes archaïques en français;0.0;0.0
rafinage;À retraiter;aucun;0.0;0.0;0.0;1.0;Termes archaïques en français;0.0;0.0
raiz;À retraiter;aucun;0.0;0.0;0.0;1.0;Termes archaïques en français;0.0;0.0
rallidé;À retraiter;aucun;0.0;0.0;0.0;1.0;Termes soutenus en français;0.0;0.0
ramphastidé;À retraiter;aucun;0.0;0.0;0.0;1.0;Termes soutenus en français;0.0;0.0
rappatriement;À retraiter;aucun;0.0;0.0;0.0;1.0;Termes archaïques en français;0.0;0.0
rasiette;À retraiter;aucun;0.0;0.0;0.0;1.0;Termes archaïques en français;0.0;0.0
rassener;À retraiter;aucun;0.0;0.0;0.0;1.0;Termes archaïques en français;0.0;0.0
ratrapper;À retraiter;aucun;0.0;0.0;0.0;1.0;Termes archaïques en français;0.0;0.0
rebours;À retraiter;aucun;0.0;0.0;0.0;1.0;Termes archaïques en français;0.0;0.0
receu;À retraiter;aucun;0.0;0.0;0.0;1.0;Termes archaïques en français;0.0;0.0
rechet;À retraiter;aucun;0.0;0.0;0.0;1.0;Termes archaïques en français;0.0;0.0
reconnoissance;À retraiter;aucun;0.0;0.0;0.0;1.0;Termes archaïques en français;0.0;0.0
reconnoistre;À retraiter;aucun;0.0;0.0;0.0;1.0;Termes archaïques en français;0.0;0.0
reconnoître;À retraiter;aucun;0.0;0.0;0.0;1.0;Termes archaïques en français;0.0;0.0
recoëffer;À retraiter;aucun;0.0;0.0;0.0;1.0;Termes archaïques en français;0.0;0.0
refluïr;À retraiter;aucun;0.0;0.0;0.0;1.0;Termes archaïques en français;0.0;0.0
releu;À retraiter;aucun;0.0;0.0;0.0;1.0;Termes archaïques en français;0.0;0.0
relicte;À retraiter;aucun;0.0;0.0;0.0;1.0;Termes archaïques en français;0.0;0.0
remerciment;À retraiter;aucun;0.0;0.0;0.0;1.0;Termes archaïques en français;0.0;0.0
renseignemens;À retraiter;aucun;0.0;0.0;0.0;1.0;Termes archaïques en français;0.0;0.0
repassable;À retraiter;aucun;0.0;0.0;0.0;1.0;Termes poétiques en français;0.0;0.0
repræsenter;À retraiter;aucun;0.0;0.0;0.0;1.0;Termes archaïques en français;0.0;0.0
requeste;À retraiter;aucun;0.0;0.0;0.0;1.0;Termes archaïques en français;0.0;0.0
restaur;À retraiter;aucun;0.0;0.0;0.0;1.0;Termes archaïques en français;0.0;0.0
restraindre;À retraiter;aucun;0.0;0.0;0.0;1.0;Termes archaïques en français;0.0;0.0
resve;À retraiter;aucun;0.0;0.0;0.0;1.0;Termes archaïques en français;0.0;0.0
resverie;À retraiter;aucun;0.0;0.0;0.0;1.0;Termes archaïques en français;0.0;0.0
resveur;À retraiter;aucun;0.0;0.0;0.0;1.0;Termes archaïques en français;0.0;0.0
revuider;À retraiter;aucun;0.0;0.0;0.0;1.0;Termes archaïques en français;0.0;0.0
reyne;À retraiter;aucun;0.0;0.0;0.0;1.0;Termes archaïques en français;0.0;0.0
rez;À retraiter;aucun;0.0;0.0;0.0;1.0;Termes littéraires en français;0.0;0.0
reçeu;À retraiter;aucun;0.0;0.0;0.0;1.0;Termes archaïques en français;0.0;0.0
rhodinocichlidé;À retraiter;aucun;0.0;0.0;0.0;1.0;Termes soutenus en français;0.0;0.0
rhynochétidé;À retraiter;aucun;0.0;0.0;0.0;1.0;Termes soutenus en français;0.0;0.0
rhætien;À retraiter;aucun;0.0;0.0;0.0;1.0;Termes archaïques en français;0.0;0.0
rhéidé;À retraiter;aucun;0.0;0.0;0.0;1.0;Termes soutenus en français;0.0;0.0
rhéiforme;À retraiter;aucun;0.0;0.0;0.0;1.0;Termes soutenus en français;0.0;0.0
rhétoriqueur;À retraiter;aucun;0.0;0.0;0.0;1.0;Termes littéraires en français;0.0;0.0
ridiculité;À retraiter;aucun;0.0;0.0;0.0;1.0;Termes archaïques en français;0.0;0.0
risave;À retraiter;aucun;0.0;0.0;0.0;1.0;Termes archaïques en français;0.0;0.0
rogir;À retraiter;aucun;0.0;0.0;0.0;1.0;Termes archaïques en français;0.0;0.0
rogum;À retraiter;aucun;0.0;0.0;0.0;1.0;Termes archaïques en français;0.0;0.0
roix;À retraiter;aucun;0.0;0.0;0.0;1.0;Termes archaïques en français;0.0;0.0
romphe;À retraiter;aucun;0.0;0.0;0.0;1.0;Termes littéraires en français;0.0;0.0
rondel;À retraiter;aucun;0.0;0.0;0.0;1.0;Termes archaïques en français;0.0;0.0
rondelier;À retraiter;aucun;0.0;0.0;0.0;1.0;Termes archaïques en français;0.0;0.0
rostratulidé;À retraiter;aucun;0.0;0.0;0.0;1.0;Termes soutenus en français;0.0;0.0
rougeastre;À retraiter;aucun;0.0;0.0;0.0;1.0;Termes archaïques en français;0.0;0.0
rousseaulâtre;À retraiter;aucun;0.0;0.0;0.0;1.0;Termes littéraires en français;0.0;0.0
royne;À retraiter;aucun;0.0;0.0;0.0;1.0;Termes archaïques en français;0.0;0.0
royx;À retraiter;aucun;0.0;0.0;0.0;1.0;Termes archaïques en français;0.0;0.0
ruissel;À retraiter;aucun;0.0;0.0;0.0;1.0;Termes poétiques en français;0.0;0.0
ruminans;À retraiter;aucun;0.0;0.0;0.0;1.0;Termes archaïques en français;0.0;0.0
récalcitrer;À retraiter;aucun;0.0;0.0;0.0;1.0;Termes littéraires en français;0.0;0.0
récurvirostridé;À retraiter;aucun;0.0;0.0;0.0;1.0;Termes soutenus en français;0.0;0.0
réenquérir;À retraiter;aucun;0.0;0.0;0.0;1.0;Termes archaïques en français;0.0;0.0
réfulgent;À retraiter;aucun;0.0;0.0;0.0;1.0;Termes littéraires en français;0.0;0.0
répudiatoire;À retraiter;aucun;0.0;0.0;0.0;1.0;Termes littéraires en français;0.0;0.0
résoud;À retraiter;aucun;0.0;0.0;0.0;1.0;Termes archaïques en français;0.0;0.0
résurrectionniste;À retraiter;aucun;0.0;0.0;0.0;1.0;Termes soutenus en français;0.0;0.0
rétinofuge;À retraiter;aucun;0.0;0.0;0.0;1.0;Termes soutenus en français;0.0;0.0
sacquetier;À retraiter;aucun;0.0;0.0;0.0;1.0;Termes littéraires en français;0.0;0.0
sacrant;À retraiter;aucun;0.0;0.0;0.0;1.0;Termes littéraires en français;0.0;0.0
sade;À retraiter;aucun;0.0;0.0;0.0;1.0;Termes poétiques en français;0.0;0.0
sagette;À retraiter;aucun;0.0;0.0;0.0;1.0;Termes poétiques en français;0.0;0.0
sagittariidé;À retraiter;aucun;0.0;0.0;0.0;1.0;Termes soutenus en français;0.0;0.0
saloppe;À retraiter;aucun;0.0;0.0;0.0;1.0;Termes archaïques en français;0.0;0.0
saqué;À retraiter;aucun;0.0;0.0;0.0;1.0;Termes archaïques en français;0.0;0.0
sardanapalesque;À retraiter;aucun;0.0;0.0;0.0;1.0;Termes littéraires en français;0.0;0.0
sardanapalisme;À retraiter;aucun;0.0;0.0;0.0;1.0;Termes littéraires en français;0.0;0.0
sarothruridé;À retraiter;aucun;0.0;0.0;0.0;1.0;Termes soutenus en français;0.0;0.0
sarrasinois;À retraiter;aucun;0.0;0.0;0.0;1.0;Termes archaïques en français;0.0;0.0
satisfacteur;À retraiter;aucun;0.0;0.0;0.0;1.0;Termes littéraires en français;0.0;0.0
saïnète;À retraiter;aucun;0.0;0.0;0.0;1.0;Termes archaïques en français;0.0;0.0
schirre;À retraiter;aucun;0.0;0.0;0.0;1.0;Termes archaïques en français;0.0;0.0
schirreux;À retraiter;aucun;0.0;0.0;0.0;1.0;Termes archaïques en français;0.0;0.0
scholaire;À retraiter;aucun;0.0;0.0;0.0;1.0;Termes archaïques en français;0.0;0.0
scholarité;À retraiter;aucun;0.0;0.0;0.0;1.0;Termes archaïques en français;0.0;0.0
scolopacidé;À retraiter;aucun;0.0;0.0;0.0;1.0;Termes soutenus en français;0.0;0.0
scopidé;À retraiter;aucun;0.0;0.0;0.0;1.0;Termes soutenus en français;0.0;0.0
seche;À retraiter;aucun;0.0;0.0;0.0;1.0;Termes archaïques en français;0.0;0.0
secher;À retraiter;aucun;0.0;0.0;0.0;1.0;Termes archaïques en français;0.0;0.0
seché;À retraiter;aucun;0.0;0.0;0.0;1.0;Termes archaïques en français;0.0;0.0
secourant;À retraiter;aucun;0.0;0.0;0.0;1.0;Termes littéraires en français;0.0;0.0
secoûrir;À retraiter;aucun;0.0;0.0;0.0;1.0;Termes archaïques en français;0.0;0.0
seize;À retraiter;aucun;0.0;0.0;0.0;1.0;Termes archaïques en français;0.0;0.0
selles;À retraiter;aucun;0.0;0.0;0.0;1.0;Termes soutenus en français;0.0;0.0
semnornithidé;À retraiter;aucun;0.0;0.0;0.0;1.0;Termes soutenus en français;0.0;0.0
seoir;À retraiter;aucun;0.0;0.0;0.0;1.0;"Termes soutenus en français; Termes littéraires en français";0.0;0.0
serois;À retraiter;aucun;0.0;0.0;0.0;1.0;Termes archaïques en français;0.0;0.0
sibilement;À retraiter;aucun;0.0;0.0;0.0;1.0;Termes littéraires en français;0.0;0.0
siecle;À retraiter;aucun;0.0;0.0;0.0;1.0;Termes archaïques en français;0.0;0.0
silencer;À retraiter;aucun;0.0;0.0;0.0;1.0;Termes littéraires en français;0.0;0.0
silencier;À retraiter;aucun;0.0;0.0;0.0;1.0;Termes littéraires en français;0.0;0.0
silve;À retraiter;aucun;0.0;0.0;0.0;1.0;Termes poétiques en français;0.0;0.0
sincere;À retraiter;aucun;0.0;0.0;0.0;1.0;Termes archaïques en français;0.0;0.0
sinonime;À retraiter;aucun;0.0;0.0;0.0;1.0;Termes archaïques en français;0.0;0.0
situër;À retraiter;aucun;0.0;0.0;0.0;1.0;Termes archaïques en français;0.0;0.0
sodalité;À retraiter;aucun;0.0;0.0;0.0;1.0;Termes littéraires en français;0.0;0.0
soldatesse;À retraiter;aucun;0.0;0.0;0.0;1.0;Termes archaïques en français;0.0;0.0
solemniser;À retraiter;aucun;0.0;0.0;0.0;1.0;Termes archaïques en français;0.0;0.0
solemnité;À retraiter;aucun;0.0;0.0;0.0;1.0;Termes archaïques en français;0.0;0.0
solemnités;À retraiter;aucun;0.0;0.0;0.0;1.0;Termes archaïques en français;0.0;0.0
solœcisme;À retraiter;aucun;0.0;0.0;0.0;1.0;Termes archaïques en français;0.0;0.0
sombreur;À retraiter;aucun;0.0;0.0;0.0;1.0;Termes littéraires en français;0.0;0.0
somnanbule;À retraiter;aucun;0.0;0.0;0.0;1.0;Termes archaïques en français;0.0;0.0
sonipède;À retraiter;aucun;0.0;0.0;0.0;1.0;Termes poétiques en français;0.0;0.0
soubs;À retraiter;aucun;0.0;0.0;0.0;1.0;Termes archaïques en français;0.0;0.0
soulais;À retraiter;aucun;0.0;0.0;0.0;1.0;Termes archaïques en français;0.0;0.0
soulait;À retraiter;aucun;0.0;0.0;0.0;1.0;Termes archaïques en français;0.0;0.0
souloir;À retraiter;aucun;0.0;0.0;0.0;1.0;Termes archaïques en français;0.0;0.0
sourissiere;À retraiter;aucun;0.0;0.0;0.0;1.0;Termes archaïques en français;0.0;0.0
soutillesse;À retraiter;aucun;0.0;0.0;0.0;1.0;Termes archaïques en français;0.0;0.0
souventefois;À retraiter;aucun;0.0;0.0;0.0;1.0;Termes archaïques en français;0.0;0.0
soyent;À retraiter;aucun;0.0;0.0;0.0;1.0;Termes archaïques en français;0.0;0.0
soüilleure;À retraiter;aucun;0.0;0.0;0.0;1.0;Termes archaïques en français;0.0;0.0
sphære;À retraiter;aucun;0.0;0.0;0.0;1.0;Termes archaïques en français;0.0;0.0
sphærique;À retraiter;aucun;0.0;0.0;0.0;1.0;Termes archaïques en français;0.0;0.0
sphæriste;À retraiter;aucun;0.0;0.0;0.0;1.0;Termes archaïques en français;0.0;0.0
sphæroïde;À retraiter;aucun;0.0;0.0;0.0;1.0;Termes archaïques en français;0.0;0.0
sphéniscidé;À retraiter;aucun;0.0;0.0;0.0;1.0;Termes soutenus en français;0.0;0.0
sphénisciforme;À retraiter;aucun;0.0;0.0;0.0;1.0;Termes soutenus en français;0.0;0.0
spleenétique;À retraiter;aucun;0.0;0.0;0.0;1.0;Termes littéraires en français;0.0;0.0
spondée;À retraiter;aucun;0.0;0.0;0.0;1.0;Termes littéraires en français;0.0;0.0
sporade;À retraiter;aucun;0.0;0.0;0.0;1.0;Termes littéraires en français;0.0;0.0
sportule;À retraiter;aucun;0.0;0.0;0.0;1.0;Termes littéraires en français;0.0;0.0
stagnance;À retraiter;aucun;0.0;0.0;0.0;1.0;Termes littéraires en français;0.0;0.0
stercorariidé;À retraiter;aucun;0.0;0.0;0.0;1.0;Termes soutenus en français;0.0;0.0
stolide;À retraiter;aucun;0.0;0.0;0.0;1.0;Termes archaïques en français;0.0;0.0
stomodæum;À retraiter;aucun;0.0;0.0;0.0;1.0;Termes archaïques en français;0.0;0.0
stribord;À retraiter;aucun;0.0;0.0;0.0;1.0;Termes archaïques en français;0.0;0.0
strigidé;À retraiter;aucun;0.0;0.0;0.0;1.0;Termes soutenus en français;0.0;0.0
strigopidé;À retraiter;aucun;0.0;0.0;0.0;1.0;Termes soutenus en français;0.0;0.0
struthioniforme;À retraiter;aucun;0.0;0.0;0.0;1.0;Termes soutenus en français;0.0;0.0
stygieux;À retraiter;aucun;0.0;0.0;0.0;1.0;Termes poétiques en français;0.0;0.0
stygmate;À retraiter;aucun;0.0;0.0;0.0;1.0;Termes archaïques en français;0.0;0.0
stéatornithidé;À retraiter;aucun;0.0;0.0;0.0;1.0;Termes soutenus en français;0.0;0.0
substraction;À retraiter;aucun;0.0;0.0;0.0;1.0;Termes archaïques en français;0.0;0.0
suffisante;À retraiter;aucun;0.0;0.0;0.0;1.0;Termes poétiques en français;0.0;0.0
sulidé;À retraiter;aucun;0.0;0.0;0.0;1.0;Termes soutenus en français;0.0;0.0
suliforme;À retraiter;aucun;0.0;0.0;0.0;1.0;Termes soutenus en français;0.0;0.0
supposalité;À retraiter;aucun;0.0;0.0;0.0;1.0;Termes soutenus en français;0.0;0.0
surgie;À retraiter;aucun;0.0;0.0;0.0;1.0;Termes littéraires en français;0.0;0.0
surréalisant;À retraiter;aucun;0.0;0.0;0.0;1.0;Termes littéraires en français;0.0;0.0
susser;À retraiter;aucun;0.0;0.0;0.0;1.0;Termes archaïques en français;0.0;0.0
symptome;À retraiter;aucun;0.0;0.0;0.0;1.0;Termes archaïques en français;0.0;0.0
synonime;À retraiter;aucun;0.0;0.0;0.0;1.0;Termes archaïques en français;0.0;0.0
syrops;À retraiter;aucun;0.0;0.0;0.0;1.0;Termes archaïques en français;0.0;0.0
syrupeux;À retraiter;aucun;0.0;0.0;0.0;1.0;Termes archaïques en français;0.0;0.0
sæculier;À retraiter;aucun;0.0;0.0;0.0;1.0;Termes archaïques en français;0.0;0.0
sçaurois;À retraiter;aucun;0.0;0.0;0.0;1.0;Termes archaïques en français;0.0;0.0
sçavoir;À retraiter;aucun;0.0;0.0;0.0;1.0;Termes archaïques en français;0.0;0.0
sçu;À retraiter;aucun;0.0;0.0;0.0;1.0;Termes archaïques en français;0.0;0.0
séductible;À retraiter;aucun;0.0;0.0;0.0;1.0;Termes littéraires en français;0.0;0.0
sélène;À retraiter;aucun;0.0;0.0;0.0;1.0;Termes littéraires en français;0.0;0.0
sélénien;À retraiter;aucun;0.0;0.0;0.0;1.0;Termes littéraires en français;0.0;0.0
tabaganne;À retraiter;aucun;0.0;0.0;0.0;1.0;Termes archaïques en français;0.0;0.0
tandis;À retraiter;aucun;0.0;0.0;0.0;1.0;"Termes poétiques en français; Termes archaïques en français";0.0;0.0
tapirage;À retraiter;aucun;0.0;0.0;0.0;1.0;Termes archaïques en français;0.0;0.0
tapirer;À retraiter;aucun;0.0;0.0;0.0;1.0;Termes archaïques en français;0.0;0.0
tasche;À retraiter;aucun;0.0;0.0;0.0;1.0;Termes archaïques en français;0.0;0.0
taster;À retraiter;aucun;0.0;0.0;0.0;1.0;Termes archaïques en français;0.0;0.0
taxacée;À retraiter;aucun;0.0;0.0;0.0;1.0;Termes soutenus en français;0.0;0.0
taxonyme;À retraiter;aucun;0.0;0.0;0.0;1.0;Termes soutenus en français;0.0;0.0
tel;À retraiter;aucun;0.0;0.0;0.0;1.0;Termes soutenus en français;0.0;0.0
tenve;À retraiter;aucun;0.0;0.0;0.0;1.0;Termes archaïques en français;0.0;0.0
terran;À retraiter;aucun;0.0;0.0;0.0;1.0;Termes soutenus en français;0.0;0.0
tesmoin;À retraiter;aucun;0.0;0.0;0.0;1.0;Termes archaïques en français;0.0;0.0
textualisme;À retraiter;aucun;0.0;0.0;0.0;1.0;Termes littéraires en français;0.0;0.0
thinocoridé;À retraiter;aucun;0.0;0.0;0.0;1.0;Termes soutenus en français;0.0;0.0
thraupidé;À retraiter;aucun;0.0;0.0;0.0;1.0;Termes soutenus en français;0.0;0.0
threskiornithidé;À retraiter;aucun;0.0;0.0;0.0;1.0;Termes soutenus en français;0.0;0.0
thurifère;À retraiter;aucun;0.0;0.0;0.0;1.0;Termes littéraires en français;0.0;0.0
thyrsifère;À retraiter;aucun;0.0;0.0;0.0;1.0;Termes littéraires en français;0.0;0.0
théopneustie;À retraiter;aucun;0.0;0.0;0.0;1.0;Termes soutenus en français;0.0;0.0
tibicine;À retraiter;aucun;0.0;0.0;0.0;1.0;Termes archaïques en français;0.0;0.0
tinamiforme;À retraiter;aucun;0.0;0.0;0.0;1.0;Termes soutenus en français;0.0;0.0
tintinabulement;À retraiter;aucun;0.0;0.0;0.0;1.0;Termes littéraires en français;0.0;0.0
tiran;À retraiter;aucun;0.0;0.0;0.0;1.0;Termes archaïques en français;0.0;0.0
tirannie;À retraiter;aucun;0.0;0.0;0.0;1.0;Termes archaïques en français;0.0;0.0
tireuse;À retraiter;aucun;0.0;0.0;0.0;1.0;Termes archaïques en français;0.0;0.0
tist;À retraiter;aucun;0.0;0.0;0.0;1.0;Termes archaïques en français;0.0;0.0
todidé;À retraiter;aucun;0.0;0.0;0.0;1.0;Termes soutenus en français;0.0;0.0
tolle;À retraiter;aucun;0.0;0.0;0.0;1.0;Termes soutenus en français;0.0;0.0
toupiade;À retraiter;aucun;0.0;0.0;0.0;1.0;Termes archaïques en français;0.0;0.0
tous;À retraiter;aucun;0.0;0.0;0.0;1.0;Termes littéraires en français;0.0;0.0
touyou;À retraiter;aucun;0.0;0.0;0.0;1.0;Termes archaïques en français;0.0;0.0
toxæmie;À retraiter;aucun;0.0;0.0;0.0;1.0;Termes archaïques en français;0.0;0.0
toy;À retraiter;aucun;0.0;0.0;0.0;1.0;Termes archaïques en français;0.0;0.0
toûjours;À retraiter;aucun;0.0;0.0;0.0;1.0;Termes archaïques en français;0.0;0.0
traditive;À retraiter;aucun;0.0;0.0;0.0;1.0;Termes archaïques en français;0.0;0.0
traict;À retraiter;aucun;0.0;0.0;0.0;1.0;Termes archaïques en français;0.0;0.0
traisner;À retraiter;aucun;0.0;0.0;0.0;1.0;Termes archaïques en français;0.0;0.0
translucider;À retraiter;aucun;0.0;0.0;0.0;1.0;"Termes littéraires en français; Termes poétiques en français";0.0;0.0
treuver;À retraiter;aucun;0.0;0.0;0.0;1.0;Termes archaïques en français;0.0;0.0
trochilidé;À retraiter;aucun;0.0;0.0;0.0;1.0;Termes soutenus en français;0.0;0.0
trochiliné;À retraiter;aucun;0.0;0.0;0.0;1.0;Termes soutenus en français;0.0;0.0
trochæe;À retraiter;aucun;0.0;0.0;0.0;1.0;Termes archaïques en français;0.0;0.0
trogonidé;À retraiter;aucun;0.0;0.0;0.0;1.0;Termes soutenus en français;0.0;0.0
trogoniforme;À retraiter;aucun;0.0;0.0;0.0;1.0;Termes soutenus en français;0.0;0.0
tromperesse;À retraiter;aucun;0.0;0.0;0.0;1.0;Termes poétiques en français;0.0;0.0
trophæe;À retraiter;aucun;0.0;0.0;0.0;1.0;Termes archaïques en français;0.0;0.0
trétout;À retraiter;aucun;0.0;0.0;0.0;1.0;Termes archaïques en français;0.0;0.0
tubinare;À retraiter;aucun;0.0;0.0;0.0;1.0;Termes soutenus en français;0.0;0.0
turcique;À retraiter;aucun;0.0;0.0;0.0;1.0;Termes archaïques en français;0.0;0.0
turnicidé;À retraiter;aucun;0.0;0.0;0.0;1.0;Termes soutenus en français;0.0;0.0
turquesse;À retraiter;aucun;0.0;0.0;0.0;1.0;Termes archaïques en français;0.0;0.0
ty;À retraiter;aucun;0.0;0.0;0.0;1.0;Termes archaïques en français;0.0;0.0
tystre;À retraiter;aucun;0.0;0.0;0.0;1.0;Termes archaïques en français;0.0;0.0
tytonidé;À retraiter;aucun;0.0;0.0;0.0;1.0;Termes soutenus en français;0.0;0.0
térébentine;À retraiter;aucun;0.0;0.0;0.0;1.0;Termes archaïques en français;0.0;0.0
tétin;À retraiter;aucun;0.0;0.0;0.0;1.0;Termes littéraires en français;0.0;0.0
tître;À retraiter;aucun;0.0;0.0;0.0;1.0;Termes archaïques en français;0.0;0.0
ulcere;À retraiter;aucun;0.0;0.0;0.0;1.0;Termes archaïques en français;0.0;0.0
upupidé;À retraiter;aucun;0.0;0.0;0.0;1.0;Termes soutenus en français;0.0;0.0
valédiction;À retraiter;aucun;0.0;0.0;0.0;1.0;Termes soutenus en français;0.0;0.0
vantance;À retraiter;aucun;0.0;0.0;0.0;1.0;Termes archaïques en français;0.0;0.0
varicolore;À retraiter;aucun;0.0;0.0;0.0;1.0;Termes littéraires en français;0.0;0.0
vaux;À retraiter;aucun;0.0;0.0;0.0;1.0;"Termes littéraires en français; Termes archaïques en français";0.0;0.0
verdastre;À retraiter;aucun;0.0;0.0;0.0;1.0;Termes archaïques en français;0.0;0.0
vergogner;À retraiter;aucun;0.0;0.0;0.0;1.0;"Termes littéraires en français; Termes archaïques en français";0.0;0.0
vermiceau;À retraiter;aucun;0.0;0.0;0.0;1.0;Termes littéraires en français;0.0;0.0
verreux;À retraiter;aucun;0.0;0.0;0.0;1.0;Termes archaïques en français;0.0;0.0
verseller;À retraiter;aucun;0.0;0.0;0.0;1.0;Termes archaïques en français;0.0;0.0
vespertin;À retraiter;aucun;0.0;0.0;0.0;1.0;Termes soutenus en français;0.0;0.0
vesselier;À retraiter;aucun;0.0;0.0;0.0;1.0;Termes archaïques en français;0.0;0.0
veu;À retraiter;aucun;0.0;0.0;0.0;1.0;Termes archaïques en français;0.0;0.0
veuilliez;À retraiter;aucun;0.0;0.0;0.0;1.0;Termes soutenus en français;0.0;0.0
veuillions;À retraiter;aucun;0.0;0.0;0.0;1.0;Termes soutenus en français;0.0;0.0
veuë;À retraiter;aucun;0.0;0.0;0.0;1.0;Termes archaïques en français;0.0;0.0
vicariant;À retraiter;aucun;0.0;0.0;0.0;1.0;Termes littéraires en français;0.0;0.0
vilipendable;À retraiter;aucun;0.0;0.0;0.0;1.0;Termes littéraires en français;0.0;0.0
violiniste;À retraiter;aucun;0.0;0.0;0.0;1.0;Termes archaïques en français;0.0;0.0
vitole;À retraiter;aucun;0.0;0.0;0.0;1.0;Termes littéraires en français;0.0;0.0
vitrique;À retraiter;aucun;0.0;0.0;0.0;1.0;Termes archaïques en français;0.0;0.0
vitulin;À retraiter;aucun;0.0;0.0;0.0;1.0;Termes soutenus en français;0.0;0.0
voire;À retraiter;aucun;0.0;0.0;0.0;1.0;Termes littéraires en français;0.0;0.0
voituré;À retraiter;aucun;0.0;0.0;0.0;1.0;Termes littéraires en français;0.0;0.0
volucre;À retraiter;aucun;0.0;0.0;0.0;1.0;Termes littéraires en français;0.0;0.0
vostre;À retraiter;aucun;0.0;0.0;0.0;1.0;Termes archaïques en français;0.0;0.0
voudrois;À retraiter;aucun;0.0;0.0;0.0;1.0;Termes archaïques en français;0.0;0.0
vous;À retraiter;aucun;0.0;0.0;0.0;1.0;Termes soutenus en français;0.0;0.0
voye;À retraiter;aucun;0.0;0.0;0.0;1.0;Termes archaïques en français;0.0;0.0
voyt;À retraiter;aucun;0.0;0.0;0.0;1.0;Termes archaïques en français;0.0;0.0
voïent;À retraiter;aucun;0.0;0.0;0.0;1.0;Termes archaïques en français;0.0;0.0
voïez;À retraiter;aucun;0.0;0.0;0.0;1.0;Termes archaïques en français;0.0;0.0
voïons;À retraiter;aucun;0.0;0.0;0.0;1.0;Termes archaïques en français;0.0;0.0
vuide;À retraiter;aucun;0.0;0.0;0.0;1.0;Termes archaïques en français;0.0;0.0
vuider;À retraiter;aucun;0.0;0.0;0.0;1.0;Termes archaïques en français;0.0;0.0
vulturin;À retraiter;aucun;0.0;0.0;0.0;1.0;Termes soutenus en français;0.0;0.0
vénuste;À retraiter;aucun;0.0;0.0;0.0;1.0;Termes littéraires en français;0.0;0.0
vérissime;À retraiter;aucun;0.0;0.0;0.0;1.0;Termes littéraires en français;0.0;0.0
vérécondie;À retraiter;aucun;0.0;0.0;0.0;1.0;Termes littéraires en français;0.0;0.0
vérécondieux;À retraiter;aucun;0.0;0.0;0.0;1.0;Termes littéraires en français;0.0;0.0
vîte;À retraiter;aucun;0.0;0.0;0.0;1.0;Termes archaïques en français;0.0;0.0
vîtes;À retraiter;aucun;0.0;0.0;0.0;1.0;Termes archaïques en français;0.0;0.0
vîtesse;À retraiter;aucun;0.0;0.0;0.0;1.0;Termes archaïques en français;0.0;0.0
vûe;À retraiter;aucun;0.0;0.0;0.0;1.0;Termes archaïques en français;0.0;0.0
vûes;À retraiter;aucun;0.0;0.0;0.0;1.0;Termes archaïques en français;0.0;0.0
vûs;À retraiter;aucun;0.0;0.0;0.0;1.0;Termes archaïques en français;0.0;0.0
waire;À retraiter;aucun;0.0;0.0;0.0;1.0;Termes archaïques en français;0.0;0.0
wairette;À retraiter;aucun;0.0;0.0;0.0;1.0;Termes archaïques en français;0.0;0.0
wancha;À retraiter;aucun;0.0;0.0;0.0;1.0;Termes archaïques en français;0.0;0.0
xylobalsame;À retraiter;aucun;0.0;0.0;0.0;1.0;Termes archaïques en français;0.0;0.0
yandou;À retraiter;aucun;0.0;0.0;0.0;1.0;Termes archaïques en français;0.0;0.0
ziczac;À retraiter;aucun;0.0;0.0;0.0;1.0;Termes archaïques en français;0.0;0.0
zigzagure;À retraiter;aucun;0.0;0.0;0.0;1.0;Termes littéraires en français;0.0;0.0
zooglœe;À retraiter;aucun;0.0;0.0;0.0;1.0;Termes archaïques en français;0.0;0.0
zutique;À retraiter;aucun;0.0;0.0;0.0;1.0;Termes littéraires en français;0.0;0.0
zutisme;À retraiter;aucun;0.0;0.0;0.0;1.0;Termes littéraires en français;0.0;0.0
zutiste;À retraiter;aucun;0.0;0.0;0.0;1.0;Termes littéraires en français;0.0;0.0
Ægypte;À retraiter;aucun;0.0;0.0;0.0;1.0;Termes archaïques en français;0.0;0.0
Ægyptienne;À retraiter;aucun;0.0;0.0;0.0;1.0;Termes archaïques en français;0.0;0.0
Ænée;À retraiter;aucun;0.0;0.0;0.0;1.0;Termes archaïques en français;0.0;0.0
Æolie;À retraiter;aucun;0.0;0.0;0.0;1.0;Termes archaïques en français;0.0;0.0
Æsope;À retraiter;aucun;0.0;0.0;0.0;1.0;Termes archaïques en français;0.0;0.0
Æthiopie;À retraiter;aucun;0.0;0.0;0.0;1.0;Termes archaïques en français;0.0;0.0
Æthiopienne;À retraiter;aucun;0.0;0.0;0.0;1.0;Termes archaïques en français;0.0;0.0
Ætolie;À retraiter;aucun;0.0;0.0;0.0;1.0;Termes archaïques en français;0.0;0.0
ÉAU;À retraiter;aucun;0.0;0.0;0.0;1.0;Termes littéraires en français;0.0;0.0
Érin;À retraiter;aucun;0.0;0.0;0.0;1.0;Termes poétiques en français;0.0;0.0
ædicule;À retraiter;aucun;0.0;0.0;0.0;1.0;Termes archaïques en français;0.0;0.0
ædifiant;À retraiter;aucun;0.0;0.0;0.0;1.0;Termes archaïques en français;0.0;0.0
ædification;À retraiter;aucun;0.0;0.0;0.0;1.0;Termes archaïques en français;0.0;0.0
ædifice;À retraiter;aucun;0.0;0.0;0.0;1.0;Termes archaïques en français;0.0;0.0
ædifier;À retraiter;aucun;0.0;0.0;0.0;1.0;Termes archaïques en français;0.0;0.0
ædile;À retraiter;aucun;0.0;0.0;0.0;1.0;Termes archaïques en français;0.0;0.0
ægal;À retraiter;aucun;0.0;0.0;0.0;1.0;Termes archaïques en français;0.0;0.0
ægale;À retraiter;aucun;0.0;0.0;0.0;1.0;Termes archaïques en français;0.0;0.0
ægalement;À retraiter;aucun;0.0;0.0;0.0;1.0;Termes archaïques en français;0.0;0.0
ægide;À retraiter;aucun;0.0;0.0;0.0;1.0;Termes archaïques en français;0.0;0.0
ægophonie;À retraiter;aucun;0.0;0.0;0.0;1.0;Termes archaïques en français;0.0;0.0
ægophonique;À retraiter;aucun;0.0;0.0;0.0;1.0;Termes archaïques en français;0.0;0.0
ægyptien;À retraiter;aucun;0.0;0.0;0.0;1.0;Termes archaïques en français;0.0;0.0
æmulateur;À retraiter;aucun;0.0;0.0;0.0;1.0;Termes archaïques en français;0.0;0.0
æmulation;À retraiter;aucun;0.0;0.0;0.0;1.0;Termes archaïques en français;0.0;0.0
ænigmatiquement;À retraiter;aucun;0.0;0.0;0.0;1.0;Termes archaïques en français;0.0;0.0
ænigme;À retraiter;aucun;0.0;0.0;0.0;1.0;Termes archaïques en français;0.0;0.0
æon;À retraiter;aucun;0.0;0.0;0.0;1.0;Termes archaïques en français;0.0;0.0
æquanime;À retraiter;aucun;0.0;0.0;0.0;1.0;Termes archaïques en français;0.0;0.0
æquanimité;À retraiter;aucun;0.0;0.0;0.0;1.0;Termes archaïques en français;0.0;0.0
æquateur;À retraiter;aucun;0.0;0.0;0.0;1.0;Termes archaïques en français;0.0;0.0
æquation;À retraiter;aucun;0.0;0.0;0.0;1.0;Termes archaïques en français;0.0;0.0
æquilateral;À retraiter;aucun;0.0;0.0;0.0;1.0;Termes archaïques en français;0.0;0.0
æquilibre;À retraiter;aucun;0.0;0.0;0.0;1.0;Termes archaïques en français;0.0;0.0
æquinoxe;À retraiter;aucun;0.0;0.0;0.0;1.0;Termes archaïques en français;0.0;0.0
æquitable;À retraiter;aucun;0.0;0.0;0.0;1.0;Termes archaïques en français;0.0;0.0
æquité;À retraiter;aucun;0.0;0.0;0.0;1.0;Termes archaïques en français;0.0;0.0
æquivalent;À retraiter;aucun;0.0;0.0;0.0;1.0;Termes archaïques en français;0.0;0.0
ære;À retraiter;aucun;0.0;0.0;0.0;1.0;Termes archaïques en français;0.0;0.0
æsculine;À retraiter;aucun;0.0;0.0;0.0;1.0;Termes archaïques en français;0.0;0.0
æsthésie;À retraiter;aucun;0.0;0.0;0.0;1.0;Termes archaïques en français;0.0;0.0
æsthétique;À retraiter;aucun;0.0;0.0;0.0;1.0;Termes archaïques en français;0.0;0.0
æsthétiquement;À retraiter;aucun;0.0;0.0;0.0;1.0;Termes archaïques en français;0.0;0.0
æstimation;À retraiter;aucun;0.0;0.0;0.0;1.0;Termes archaïques en français;0.0;0.0
æstimer;À retraiter;aucun;0.0;0.0;0.0;1.0;Termes archaïques en français;0.0;0.0
æstival;À retraiter;aucun;0.0;0.0;0.0;1.0;Termes archaïques en français;0.0;0.0
æstivation;À retraiter;aucun;0.0;0.0;0.0;1.0;Termes archaïques en français;0.0;0.0
æternel;À retraiter;aucun;0.0;0.0;0.0;1.0;Termes archaïques en français;0.0;0.0
æternité;À retraiter;aucun;0.0;0.0;0.0;1.0;Termes archaïques en français;0.0;0.0
æther;À retraiter;aucun;0.0;0.0;0.0;1.0;Termes archaïques en français;0.0;0.0
æthiologie;À retraiter;aucun;0.0;0.0;0.0;1.0;Termes archaïques en français;0.0;0.0
æthiopien;À retraiter;aucun;0.0;0.0;0.0;1.0;Termes archaïques en français;0.0;0.0
æthéré;À retraiter;aucun;0.0;0.0;0.0;1.0;Termes archaïques en français;0.0;0.0
ætiologique;À retraiter;aucun;0.0;0.0;0.0;1.0;Termes archaïques en français;0.0;0.0
çamon;À retraiter;aucun;0.0;0.0;0.0;1.0;Termes archaïques en français;0.0;0.0
ébouziner;À retraiter;aucun;0.0;0.0;0.0;1.0;Termes archaïques en français;0.0;0.0
ébénin;À retraiter;aucun;0.0;0.0;0.0;1.0;Termes poétiques en français;0.0;0.0
échansonne;À retraiter;aucun;0.0;0.0;0.0;1.0;Termes poétiques en français;0.0;0.0
écheler;À retraiter;aucun;0.0;0.0;0.0;1.0;Termes archaïques en français;0.0;0.0
écheleur;À retraiter;aucun;0.0;0.0;0.0;1.0;Termes archaïques en français;0.0;0.0
échole;À retraiter;aucun;0.0;0.0;0.0;1.0;Termes archaïques en français;0.0;0.0
échéoir;À retraiter;aucun;0.0;0.0;0.0;1.0;Termes archaïques en français;0.0;0.0
éclorre;À retraiter;aucun;0.0;0.0;0.0;1.0;Termes archaïques en français;0.0;0.0
écureuille;À retraiter;aucun;0.0;0.0;0.0;1.0;Termes littéraires en français;0.0;0.0
éduscepticisme;À retraiter;aucun;0.0;0.0;0.0;1.0;Termes soutenus en français;0.0;0.0
égrotante;À retraiter;aucun;0.0;0.0;0.0;1.0;Termes littéraires en français;0.0;0.0
ékasilicium;À retraiter;aucun;0.0;0.0;0.0;1.0;Termes archaïques en français;0.0;0.0
élaïomètre;À retraiter;aucun;0.0;0.0;0.0;1.0;Termes archaïques en français;0.0;0.0
élaïométrie;À retraiter;aucun;0.0;0.0;0.0;1.0;Termes archaïques en français;0.0;0.0
élaïométrique;À retraiter;aucun;0.0;0.0;0.0;1.0;Termes archaïques en français;0.0;0.0
élucidaire;À retraiter;aucun;0.0;0.0;0.0;1.0;Termes archaïques en français;0.0;0.0
énamourement;À retraiter;aucun;0.0;0.0;0.0;1.0;Termes littéraires en français;0.0;0.0
éperler;À retraiter;aucun;0.0;0.0;0.0;1.0;Termes poétiques en français;0.0;0.0
épleuré;À retraiter;aucun;0.0;0.0;0.0;1.0;Termes archaïques en français;0.0;0.0
épousant;À retraiter;aucun;0.0;0.0;0.0;1.0;Termes littéraires en français;0.0;0.0
érubescent;À retraiter;aucun;0.0;0.0;0.0;1.0;Termes soutenus en français;0.0;0.0
éternument;À retraiter;aucun;0.0;0.0;0.0;1.0;Termes archaïques en français;0.0;0.0
éternûment;À retraiter;aucun;0.0;0.0;0.0;1.0;Termes archaïques en français;0.0;0.0
étiquet;À retraiter;aucun;0.0;0.0;0.0;1.0;Termes archaïques en français;0.0;0.0
étois;À retraiter;aucun;0.0;0.0;0.0;1.0;Termes archaïques en français;0.0;0.0
étoit;À retraiter;aucun;0.0;0.0;0.0;1.0;Termes archaïques en français;0.0;0.0
étrain;À retraiter;aucun;0.0;0.0;0.0;1.0;Termes archaïques en français;0.0;0.0
évidament;À retraiter;aucun;0.0;0.0;0.0;1.0;Termes archaïques en français;0.0;0.0
éviré;À retraiter;aucun;0.0;0.0;0.0;1.0;Termes littéraires en français;0.0;0.0
ïour;À retraiter;aucun;0.0;0.0;0.0;1.0;Termes archaïques en français;0.0;0.0
œconomat;À retraiter;aucun;0.0;0.0;0.0;1.0;Termes archaïques en français;0.0;0.0
œconome;À retraiter;aucun;0.0;0.0;0.0;1.0;Termes archaïques en français;0.0;0.0
œconomie;À retraiter;aucun;0.0;0.0;0.0;1.0;Termes archaïques en français;0.0;0.0
œconomique;À retraiter;aucun;0.0;0.0;0.0;1.0;Termes archaïques en français;0.0;0.0
œconomiser;À retraiter;aucun;0.0;0.0;0.0;1.0;Termes archaïques en français;0.0;0.0
œconomiste;À retraiter;aucun;0.0;0.0;0.0;1.0;Termes archaïques en français;0.0;0.0
œillader;À retraiter;aucun;0.0;0.0;0.0;1.0;Termes littéraires en français;0.0;0.0
œniculteur;À retraiter;aucun;0.0;0.0;0.0;1.0;Termes soutenus en français;0.0;0.0
œuvrer;À retraiter;aucun;0.0;0.0;0.0;1.0;Termes littéraires en français;0.0;0.0
